event_id,state,block,area_ha,tau_next,ang_2020_2021_deg,registered
F824,PA,-103_-19,14.828,12.73,10.765620460794624,0.0
F910,MT,-121_-20,10.903,13.169,12.535606599947362,0.0
F2307,PA,-112_-3,11.432,12.73,10.070480272012352,0.0
F3093,AM,-126_-13,6.536,10.204,10.98716036353124,1.0
F4100,MT,-118_-21,17.879,13.169,16.75193825254202,1.0
F4362,PA,-111_-18,6.283,12.73,14.654152951383926,1.0
F4382,PA,-111_-18,6.959,12.73,11.41721953191403,0.0
F4383,PA,-111_-18,6.442,12.73,17.192581187496735,1.0
F4624,AC,-138_-22,6.473,11.218,11.46095847592468,1.0
F4654,AC,-138_-22,9.722,11.218,16.278066814072666,1.0
F4657,AC,-138_-22,8.507,11.218,12.34318325310855,1.0
F4659,AC,-138_-22,10.504,11.218,12.968134071257484,1.0
F4821,PA,-112_-15,13.751,12.73,12.803601756605985,1.0
F4832,PA,-112_-12,8.186,12.73,13.618044939354029,1.0
F4904,AC,-138_-22,8.077,11.218,13.787410336807651,1.0
F5278,MT,-118_-21,12.745,13.169,11.195470524982582,0.0
F5328,PA,-113_-10,15.428,12.73,35.14496895218098,1.0
F5349,AC,-137_-22,6.727,11.218,11.978499030775906,1.0
F5363,AM,-130_-15,6.277,10.204,19.26576298840137,1.0
F6360,MT,-119_-20,17.073,13.169,37.851777024103086,1.0
F6515,PA,-101_-7,11.582,12.73,49.271430848514726,1.0
F6516,PA,-116_-12,66.105,12.73,27.489227535346267,1.0
F6608,PA,-113_-10,12.444,12.73,29.472652818864137,1.0
F6642,PA,-103_-7,21.296,12.73,43.576101321837264,1.0
F6646,PA,-103_-6,32.061,12.73,37.49743874070366,1.0
F6794,PA,-104_-8,20.891,12.73,34.15899569435344,1.0
F7112,AC,-139_-22,8.974,11.218,13.985264833914348,1.0
F7119,AC,-137_-22,11.198,11.218,11.979788431918308,1.0
F7346,AC,-138_-22,9.27,11.218,12.731516116700925,1.0
F7454,PA,-112_-14,26.866,12.73,10.682468963863268,0.0
F8599,MT,-120_-19,8.884,13.169,10.597287969343654,0.0
F8637,PA,-112_-15,6.946,12.73,16.099237635968723,1.0
F8739,MT,-123_-21,31.849,13.169,12.369270778392883,0.0
F8830,AM,-120_-15,33.561,10.204,9.152300286948153,0.0
F9254,MT,-120_-20,13.562,13.169,14.015122686845812,1.0
F9261,MT,-118_-19,8.913,13.169,12.600651438411717,0.0
F9783,MT,-118_-20,14.477,13.169,9.694406112954102,0.0
F10108,MT,-120_-19,13.649,13.169,16.857726577079944,1.0
F10135,MT,-123_-22,21.548,13.169,17.682980317405818,1.0
F10140,MT,-114_-19,7.858,13.169,13.404145690468281,1.0
F10143,PA,-106_-13,10.178,12.73,21.713832206403605,1.0
F10228,PA,-116_-13,19.59,12.73,21.634590956712614,1.0
F10810,RO,-128_-20,31.912,11.222,25.393101494031644,1.0
F11294,MT,-118_-21,15.441,13.169,18.51181083356072,1.0
F11298,MT,-118_-19,17.316,13.169,40.32655742772535,1.0
F11365,PA,-103_-8,9.065,12.73,39.073693351574875,1.0
F11401,PA,-103_-9,8.484,12.73,40.77495186078951,1.0
F12307,MT,-123_-19,8.776,13.169,16.335524394159826,1.0
F12385,MT,-109_-21,29.553,13.169,13.730591715252247,1.0
F12409,MT,-120_-20,11.677,13.169,47.40665330572163,1.0
F12411,PA,-112_-10,7.166,12.73,25.813633416973286,1.0
F12414,PA,-112_-13,9.504,12.73,36.93543133167478,1.0
F12667,MT,-117_-22,8.861,13.169,13.417768010624872,1.0
F12868,PA,-104_-8,11.754,12.73,31.15869760313148,1.0
F12966,PA,-103_-7,5.433,12.73,29.734241643588245,1.0
F13278,PA,-113_-10,8.257,12.73,34.559243860717004,1.0
F13630,PA,-106_-13,14.678,12.73,17.394739945513933,1.0
F13716,RO,-126_-18,79.353,11.222,43.83902963939346,1.0
F13722,RO,-126_-18,55.68,11.222,54.47700394942059,1.0
F13723,RO,-126_-18,7.069,11.222,29.287725903894035,1.0
F13725,RO,-126_-18,77.129,11.222,34.65414002403065,1.0
F13727,RO,-126_-17,14.251,11.222,52.88862827315048,1.0
F13814,PA,-104_-8,22.549,12.73,49.28822951147958,1.0
F13815,PA,-103_-6,17.975,12.73,56.61148045287323,1.0
F13828,PA,-103_-8,23.081,12.73,53.39836617018771,1.0
F13849,PA,-103_-6,6.976,12.73,40.18325426066963,1.0
F13902,RO,-130_-19,10.64,11.222,23.885594338908003,1.0
F13929,RO,-127_-20,22.212,11.222,18.628447213310054,1.0
F13933,RO,-127_-18,6.203,11.222,48.28315875023039,1.0
F13936,RO,-125_-19,10.131,11.222,29.39219165204796,1.0
F13985,MT,-119_-23,11.252,13.169,15.102604239356866,1.0
F14001,MT,-118_-19,17.541,13.169,47.69143316547115,1.0
F14010,MT,-118_-19,17.412,13.169,46.68719385109032,1.0
F14013,AM,-118_-14,16.931,10.204,44.89774116442155,1.0
F14178,MT,-120_-21,10.619,13.169,11.916632236082005,0.0
F14184,MT,-120_-21,15.8,13.169,13.338719713766679,1.0
F14185,MT,-122_-19,23.492,13.169,47.09384587683267,1.0
F14188,MT,-120_-19,7.453,13.169,18.265403233850016,1.0
F14190,MT,-119_-21,15.787,13.169,24.410758947465006,1.0
F14234,PA,-104_-8,12.518,12.73,40.362468108064476,1.0
F14241,PA,-101_-7,34.739,12.73,48.780405271375756,1.0
F14254,PA,-103_-8,14.921,12.73,37.752410261312974,1.0
F14269,PA,-103_-8,17.122,12.73,44.66499131933784,1.0
F14391,RO,-131_-21,8.861,11.222,48.97981375564724,1.0
F14423,RO,-129_-20,14.7,11.222,42.21153323465588,1.0
F14431,AM,-129_-18,11.917,10.204,48.74087880171178,1.0
F14438,RO,-129_-21,7.818,11.222,43.587342000278035,1.0
F14466,RO,-126_-19,14.367,11.222,40.535869487574494,1.0
F14482,RO,-126_-17,12.277,11.222,38.07026592954903,1.0
F14483,RO,-127_-20,8.456,11.222,26.875004966094913,1.0
F14484,RO,-126_-17,47.48,11.222,41.73821181044686,1.0
F14513,PA,-102_-7,15.413,12.73,39.307540579579985,1.0
F14565,RR,-120_1,7.877,19.539,62.523953647975766,1.0
F14568,RR,-119_1,8.646,19.539,45.23233949556586,1.0
F14593,AM,-132_-19,4.069,10.204,57.36801674297418,1.0
F14611,RR,-120_1,38.156,19.539,58.26267709209925,1.0
F14639,AM,-132_-19,21.497,10.204,56.76326288062601,1.0
F14654,RO,-129_-19,46.874,11.222,40.20035472817063,1.0
F14655,RO,-130_-20,24.987,11.222,29.378371733272846,1.0
F14670,AM,-128_-17,84.478,10.204,58.676557874493234,1.0
F14700,RO,-125_-18,29.246,11.222,59.596292910388115,1.0
F14702,RO,-126_-19,17.838,11.222,46.91946826071385,1.0
F14707,RO,-128_-20,10.386,11.222,53.51546441949365,1.0
F14715,RO,-126_-18,22.969,11.222,38.641601727917106,1.0
F14717,RO,-127_-18,51.106,11.222,47.450701969020095,1.0
F14719,RO,-127_-18,8.039,11.222,40.504231101714474,1.0
F14725,MT,-123_-18,7.275,13.169,31.21856328030309,1.0
F14736,RO,-126_-17,60.868,11.222,41.20934768900719,1.0
F14738,RO,-126_-17,18.004,11.222,57.167781153473534,1.0
F14743,RO,-126_-17,24.27,11.222,51.994233684551524,1.0
F14790,AC,-134_-20,14.642,11.218,37.309873840255264,1.0
F14798,AM,-135_-18,11.219,10.204,26.13882177613671,1.0
F14805,AM,-125_-13,16.908,10.204,53.41412590743245,1.0
F14807,AM,-125_-13,8.941,10.204,48.14808682253963,1.0
F14833,RO,-127_-21,1.15,11.222,42.94831434974103,1.0
F14835,RO,-127_-21,12.767,11.222,59.9587550717261,1.0
F14845,RO,-128_-18,14.758,11.222,53.53162452227599,1.0
F14846,AM,-128_-17,10.066,10.204,40.23942774410349,1.0
F14967,PA,-103_-8,6.644,12.73,42.917604986558125,1.0
F14973,PA,-103_-9,6.813,12.73,36.50542431481557,1.0
F15061,RO,-125_-18,29.784,11.222,43.265261876461686,1.0
F15083,RR,-122_0,33.887,19.539,60.913362020616624,1.0
F15084,RR,-122_0,10.426,19.539,52.25392402577646,1.0
F15086,RR,-120_1,7.447,19.539,53.74639711041929,1.0
F15095,RR,-119_1,19.268,19.539,59.61755333747724,1.0
F15097,RR,-120_1,17.453,19.539,59.59939600279531,1.0
F15098,RR,-120_1,38.894,19.539,52.64455025454516,1.0
F15100,RR,-120_1,16.561,19.539,61.71338320773601,1.0
F15103,RR,-122_1,6.333,19.539,34.31833074670156,1.0
F15111,RR,-121_1,12.468,19.539,52.55227204517036,1.0
F15113,RR,-121_1,17.287,19.539,37.32224200981275,1.0
F15115,RR,-121_1,12.739,19.539,59.628385123577424,1.0
F15117,RR,-120_1,6.523,19.539,52.83186837683734,1.0
F15128,PA,-111_-14,35.15,12.73,43.37965451259731,1.0
F15137,PA,-111_-13,109.69,12.73,30.05292852175706,1.0
F15138,PA,-110_-14,106.139,12.73,25.933949508907958,1.0
F15181,PA,-109_-7,13.022,12.73,39.801782751632565,1.0
F15207,PA,-111_-4,8.145,12.73,30.076206422039633,1.0
F15273,PA,-105_-7,17.546,12.73,30.88246834833215,1.0
F15288,PA,-101_-10,18.199,12.73,26.24894122455663,1.0
F15312,AC,-143_-17,7.132,11.218,53.15118105823198,1.0
F15321,MT,-120_-19,20.889,13.169,52.03319161601639,1.0
F15322,AM,-121_-15,15.109,10.204,59.64490517787672,1.0
F15324,MT,-122_-18,61.574,13.169,50.33487938475818,1.0
F15327,AM,-120_-15,24.415,10.204,39.43618581117135,1.0
F15345,PA,-101_-7,7.011,12.73,41.82472757500907,1.0
F15375,PA,-102_-7,8.06,12.73,37.37886453258063,1.0
F15387,PA,-102_-7,17.292,12.73,50.90026577546363,1.0
F15435,PA,-102_-9,36.077,12.73,55.78085752601686,1.0
F15464,PA,-103_-7,10.471,12.73,36.614523074678466,1.0
F15477,PA,-103_-7,8.014,12.73,44.40410942308295,1.0
F15506,AC,-138_-19,12.521,11.218,48.87771195256365,1.0
F15527,MT,-116_-20,67.158,13.169,62.18542345132669,1.0
F15532,MT,-116_-20,63.316,13.169,61.48880724326144,1.0
F15534,AC,-139_-18,16.42,11.218,13.79818685596971,1.0
F15549,AC,-139_-22,11.206,11.218,23.422915444611586,1.0
F15561,AC,-138_-19,6.322,11.218,19.261892709786164,1.0
F15595,AC,-144_-18,6.617,11.218,54.12239703868395,1.0
F15597,MT,-116_-20,10.259,13.169,16.433698202815172,1.0
F15604,MT,-119_-20,23.182,13.169,27.336953648035482,1.0
F15618,MT,-104_-21,104.908,13.169,52.61985800311465,1.0
F15634,PA,-100_-16,20.292,12.73,16.358853730904453,1.0
F15646,MT,-104_-21,13.959,13.169,53.313498622260504,1.0
F15652,MT,-118_-20,10.151,13.169,41.829580995987115,1.0
F15655,MT,-117_-21,9.649,13.169,33.18337650318817,1.0
F15656,MT,-117_-21,31.924,13.169,34.047505559231595,1.0
F15658,MT,-117_-19,22.797,13.169,51.375564654200545,1.0
F15660,MT,-118_-19,12.417,13.169,44.72502496315126,1.0
F15663,MT,-118_-20,36.923,13.169,43.9932918821107,1.0
F15672,MT,-119_-22,22.72,13.169,53.44387680849808,1.0
F15701,MT,-113_-19,8.034,13.169,42.41295377219839,1.0
F15732,MT,-104_-21,42.59,13.169,54.376006274758154,1.0
F15737,PA,-113_-10,4.472,12.73,35.14496895218098,1.0
F15741,PA,-113_-11,63.973,12.73,40.00259871664668,1.0
F15742,PA,-113_-10,19.161,12.73,33.61762228102328,1.0
F15748,PA,-111_-14,7.412,12.73,25.23585130923265,1.0
F15750,PA,-112_-10,17.23,12.73,45.5178784088897,1.0
F15751,PA,-112_-10,9.488,12.73,42.99313441170507,1.0
F15752,PA,-112_-10,22.138,12.73,40.99448741622031,1.0
F15757,PA,-113_-10,39.856,12.73,41.53576164476712,1.0
F15762,PA,-113_-10,7.043,12.73,30.228693118591927,1.0
F15763,PA,-113_-10,15.926,12.73,36.24283543975275,1.0
F15765,PA,-113_-10,17.367,12.73,29.51567734549789,1.0
F15791,PA,-111_-8,20.054,12.73,27.74590106343079,1.0
F15792,PA,-111_-8,7.125,12.73,23.82702534411854,1.0
F15795,PA,-111_-8,12.335,12.73,21.94098170779962,1.0
F15803,PA,-111_-8,6.893,12.73,14.424113818464802,1.0
F15806,PA,-104_-11,48.376,12.73,43.35903194604152,1.0
F15810,PA,-104_-11,8.972,12.73,35.52928250344228,1.0
F15814,PA,-104_-11,8.452,12.73,35.79442571470035,1.0
F15815,PA,-102_-11,7.692,12.73,49.92851162996825,1.0
F15820,PA,-103_-11,7.151,12.73,31.479131437286846,1.0
F15832,PA,-110_-8,12.356,12.73,37.80442716610135,1.0
F15839,PA,-111_-9,34.302,12.73,45.57996791933471,1.0
F15841,PA,-103_-9,28.117,12.73,41.518197723558494,1.0
F15858,PA,-105_-8,21.363,12.73,36.784782554263,1.0
F15860,PA,-103_-7,16.748,12.73,42.26896505364909,1.0
F15863,PA,-103_-6,10.793,12.73,20.512658921957055,1.0
F15864,PA,-103_-6,8.175,12.73,37.40766629995388,1.0
F15917,AC,-146_-16,8.332,11.218,28.299305114932736,1.0
F15918,RO,-128_-24,12.824,11.222,24.870823474741538,1.0
F15925,RO,-128_-22,5.818,11.222,23.8828864569189,1.0
F15927,RO,-128_-22,13.578,11.222,44.815714215566,1.0
F15943,RO,-124_-19,7.743,11.222,50.112468602063174,1.0
F15944,RO,-124_-19,13.878,11.222,44.021679980641814,1.0
F15947,RO,-128_-20,22.766,11.222,51.889454584170345,1.0
F15959,AM,-125_-13,13.329,10.204,44.634550419398415,1.0
F15960,MT,-116_-21,13.925,13.169,40.236588339369526,1.0
F15962,MT,-115_-23,7.916,13.169,57.64879409124705,1.0
F15979,PA,-110_-3,4.645,12.73,9.966497961200053,0.0
F15986,MT,-104_-21,58.286,13.169,55.14805447673677,1.0
F16043,PA,-109_-8,11.83,12.73,34.827948248796595,1.0
F16099,PA,-106_-14,60.775,12.73,46.61359464481847,1.0
F16117,PA,-104_-7,13.511,12.73,39.713091854377566,1.0
F16137,PA,-110_-9,24.174,12.73,42.71686054045704,1.0
F16145,PA,-105_-8,7.595,12.73,44.254014213661996,1.0
F16146,PA,-105_-8,8.548,12.73,44.38212083750026,1.0
F16154,PA,-105_-8,7.542,12.73,36.778269694263486,1.0
F16182,PA,-103_-12,16.993,12.73,47.988525558639225,1.0
F16191,PA,-102_-9,24.918,12.73,50.20876954784441,1.0
F16195,PA,-105_-8,14.668,12.73,28.86928166968266,1.0
F16224,PA,-102_-11,20.776,12.73,43.50704426999621,1.0
F16252,PA,-103_-8,10.024,12.73,51.920702062829875,1.0
F16273,PA,-104_-6,15.303,12.73,30.968170518648908,1.0
F16277,PA,-101_-8,22.194,12.73,45.56291387371353,1.0
F16292,PA,-101_-7,39.916,12.73,56.63155746403555,1.0
F16293,PA,-104_-7,10.929,12.73,42.61957510309958,1.0
F16295,PA,-101_-7,21.673,12.73,49.54796710516273,1.0
F16349,PA,-100_-10,6.605,12.73,29.86006976388148,1.0
F16381,RO,-126_-18,11.991,11.222,21.465306597129818,1.0
F16383,RO,-127_-20,12.395,11.222,21.46655689386374,1.0
F16392,RO,-125_-18,10.519,11.222,35.440335211648765,1.0
F16393,RO,-125_-18,18.051,11.222,47.9332577984187,1.0
F16394,RO,-126_-18,9.364,11.222,27.487555158019347,1.0
F16395,RO,-126_-18,47.788,11.222,38.42064183329436,1.0
F16396,RO,-126_-18,6.62,11.222,20.166712842178086,1.0
F16399,RO,-126_-17,52.4,11.222,31.581712219048505,1.0
F16405,MT,-123_-20,7.564,13.169,49.1832275836659,1.0
F16406,MT,-122_-19,94.171,13.169,49.7769247196992,1.0
F16410,MT,-122_-20,185.525,13.169,53.43161550622735,1.0
F16411,MT,-122_-20,122.67,13.169,47.83611680620613,1.0
F16419,MT,-121_-19,9.65,13.169,31.974829228251444,1.0
F16428,MT,-121_-19,62.365,13.169,37.462449111279575,1.0
F16431,MT,-121_-19,7.341,13.169,43.44278827633142,1.0
F16452,MT,-115_-25,25.443,13.169,47.91964868768082,1.0
F16453,MT,-114_-19,18.05,13.169,36.134816409730284,1.0
F16458,AM,-120_-14,8.875,10.204,52.14607207662483,1.0
F16463,MT,-112_-20,8.435,13.169,31.26983555042219,1.0
F16476,RO,-128_-21,45.285,11.222,39.60787046491308,1.0
F16491,PA,-113_-15,11.202,12.73,58.6563867990632,1.0
F16515,PA,-114_-14,21.302,12.73,11.573433792023181,0.0
F16523,PA,-112_-10,26.161,12.73,38.606313723246174,1.0
F16562,PA,-102_-7,9.445,12.73,56.31574737811753,1.0
F16580,PA,-102_-7,46.78,12.73,53.65472678909699,1.0
F16581,PA,-102_-8,7.494,12.73,46.683909503125605,1.0
F16588,PA,-101_-8,19.32,12.73,41.76515736863185,1.0
F16593,PA,-102_-7,23.405,12.73,40.67916331537412,1.0
F16613,PA,-102_-9,12.89,12.73,63.294845257609786,1.0
F16615,PA,-101_-8,8.702,12.73,13.773153457087709,1.0
F16618,PA,-101_-8,12.29,12.73,50.35936593209339,1.0
F16627,PA,-101_-7,7.422,12.73,41.02508492117954,1.0
F16646,RR,-123_-1,6.45,19.539,34.74495304136633,1.0
F16649,RR,-120_2,13.661,19.539,57.75502116406251,1.0
F16650,RR,-121_1,12.432,19.539,27.463005362041923,1.0
F16653,RR,-120_1,13.139,19.539,57.219917804338785,1.0
F16654,RR,-119_1,9.144,19.539,58.95413619104327,1.0
F16655,RR,-119_1,10.818,19.539,55.79240399508323,1.0
F16656,RR,-121_1,8.074,19.539,29.643907243200765,1.0
F16663,RR,-122_-1,13.595,19.539,16.80972203524326,0.0
F16664,RR,-122_-1,13.94,19.539,51.08692208257151,1.0
F16665,RR,-122_-1,8.216,19.539,27.887559978001022,1.0
F16667,RR,-121_0,12.167,19.539,48.30323355977717,1.0
F16670,RR,-122_0,7.896,19.539,14.74061273344557,0.0
F16673,RR,-122_0,14.408,19.539,63.050278115932386,1.0
F16674,RR,-122_0,8.783,19.539,33.241909494327665,1.0
F16675,RR,-122_0,8.499,19.539,22.920340800549923,1.0
F16676,RR,-121_0,11.946,19.539,45.54909568175311,1.0
F16677,RR,-121_1,52.027,19.539,38.17671003818242,1.0
F16678,RR,-122_1,15.361,19.539,31.982828408768505,1.0
F16679,RR,-121_2,52.502,19.539,66.35516212897538,1.0
F16683,RR,-121_1,8.8,19.539,32.093356587716514,1.0
F16684,PA,-101_-9,15.622,12.73,48.25376520876446,1.0
F16695,AC,-138_-19,6.804,11.218,40.9364202939844,1.0
F16697,AC,-134_-20,11.488,11.218,38.97974678844705,1.0
F16700,AC,-134_-20,12.25,11.218,28.797133353094456,1.0
F16709,RO,-133_-20,10.737,11.222,29.726630051135757,1.0
F16712,AM,-122_-15,14.48,10.204,48.89914823881688,1.0
F16714,PA,-113_-6,45.826,12.73,47.597005333338714,1.0
F16715,PA,-113_-6,10.182,12.73,57.90097992482803,1.0
F16741,PA,-103_-9,70.211,12.73,44.22999554732913,1.0
F16758,PA,-104_-13,34.629,12.73,44.272818953298334,1.0
F16765,PA,-103_-8,14.358,12.73,53.41535848325508,1.0
F16782,PA,-102_-7,11.987,12.73,38.325693191611144,1.0
F16788,PA,-102_-7,9.756,12.73,36.71077796351474,1.0
F16835,RO,-129_-20,88.307,11.222,7.740117181379543,0.0
F16874,PA,-97_-6,8.236,12.73,53.943984986740944,1.0
F16901,RO,-125_-19,19.821,11.222,43.62101270907239,1.0
F16908,RO,-125_-18,160.497,11.222,43.68233567926672,1.0
F16913,RO,-125_-18,10.779,11.222,9.473261060202818,0.0
F16915,RO,-124_-19,10.47,11.222,46.678453741545354,1.0
F16924,AM,-123_-17,154.69,10.204,49.030969478783476,1.0
F16925,RO,-125_-18,179.031,11.222,57.8494072524681,1.0
F16927,MT,-119_-20,13.607,13.169,45.22151463739001,1.0
F16931,RO,-124_-19,13.154,11.222,39.93148219212482,1.0
F16934,MT,-122_-19,40.052,13.169,55.76435118792888,1.0
F16937,MT,-123_-18,25.522,13.169,35.345292067526024,1.0
F16938,AM,-123_-17,8.772,10.204,34.03558478163706,1.0
F16946,MT,-122_-18,83.169,13.169,54.58306175112985,1.0
F16959,MT,-111_-25,32.408,13.169,48.35320753447128,1.0
F16961,MT,-116_-25,18.717,13.169,52.22936434980752,1.0
F16968,MT,-116_-24,16.983,13.169,57.833503675505334,1.0
F16974,MT,-115_-25,33.04,13.169,58.18506277291035,1.0
F16976,MT,-116_-23,19.578,13.169,29.830577529481104,1.0
F16995,RR,-120_1,11.594,19.539,50.39900166932193,1.0
F16998,RR,-120_1,52.267,19.539,70.71753571784379,1.0
F16999,RR,-120_1,6.708,19.539,58.50905233769141,1.0
F17003,RR,-120_2,12.455,19.539,40.64215599931901,1.0
F17004,RR,-120_1,7.809,19.539,45.33051441165769,1.0
F17006,RR,-120_1,6.991,19.539,44.512236204902976,1.0
F17016,RR,-120_2,6.621,19.539,55.098857301486305,1.0
F17018,RR,-119_2,25.752,19.539,59.28088618182315,1.0
F17019,RR,-119_2,23.881,19.539,53.81144543627663,1.0
F17030,RR,-121_2,85.716,19.539,55.279778922314,1.0
F17031,AM,-129_-12,16.592,10.204,10.713198078244513,1.0
F17034,RR,-123_4,8.967,19.539,36.07159104359865,1.0
F17042,RR,-119_2,11.759,19.539,68.74613605095995,1.0
F17044,RR,-119_2,22.552,19.539,52.928503112641735,1.0
F17083,MT,-106_-23,158.751,13.169,64.18842234267628,1.0
F17094,PA,-102_-19,17.809,12.73,44.69135412136129,1.0
F17100,MT,-105_-26,15.571,13.169,49.01849963717391,1.0
F17117,MT,-105_-27,13.853,13.169,49.393483414539745,1.0
F17142,AC,-137_-22,6.613,11.218,43.88460829037442,1.0
F17150,RO,-129_-20,31.414,11.222,44.292157351823874,1.0
F17151,AM,-134_-18,22.647,10.204,55.56247669790734,1.0
F17152,RO,-129_-21,28.311,11.222,53.77629442378359,1.0
F17161,RO,-131_-20,12.584,11.222,50.58143647654575,1.0
F17166,RO,-130_-20,11.026,11.222,56.2457537042127,1.0
F17173,RO,-129_-20,18.764,11.222,47.84026580876726,1.0
F17175,RO,-127_-21,8.461,11.222,62.24658415127337,1.0
F17178,RO,-127_-20,22.383,11.222,44.742638364617434,1.0
F17179,RO,-130_-19,13.949,11.222,50.20022152079034,1.0
F17180,RO,-128_-21,19.045,11.222,43.27790420996403,1.0
F17181,RO,-128_-21,6.31,11.222,44.51769986435031,1.0
F17182,RO,-128_-21,8.006,11.222,46.0367262868249,1.0
F17184,RO,-127_-21,7.379,11.222,42.53760854203495,1.0
F17185,AM,-128_-17,9.648,10.204,55.592665762116056,1.0
F17187,RO,-127_-19,16.616,11.222,42.75152521749688,1.0
F17191,RO,-130_-20,9.482,11.222,56.73011110217142,1.0
F17192,RO,-130_-19,11.035,11.222,26.68856009818063,1.0
F17201,RO,-128_-20,10.326,11.222,36.67088436663508,1.0
F17206,RO,-129_-20,33.294,11.222,55.521692384041664,1.0
F17208,RO,-126_-18,16.031,11.222,44.441695467700015,1.0
F17210,RO,-126_-18,25.503,11.222,49.83478792787282,1.0
F17211,RO,-126_-18,10.007,11.222,58.34373918925808,1.0
F17212,RO,-126_-18,56.058,11.222,51.369839605580715,1.0
F17213,RO,-127_-18,8.133,11.222,36.65255896140329,1.0
F17219,RO,-128_-21,10.114,11.222,45.87473806461219,1.0
F17220,RO,-126_-17,14.628,11.222,49.67897646832633,1.0
F17232,RO,-129_-19,28.814,11.222,38.80738035335784,1.0
F17238,RO,-129_-20,59.448,11.222,49.00303874298723,1.0
F17242,PA,-113_-6,19.713,12.73,11.215526396166778,0.0
F17243,RO,-126_-18,11.849,11.222,60.1292713450457,1.0
F17246,RO,-125_-21,14.505,11.222,39.797334908973426,1.0
F17247,RO,-125_-21,20.825,11.222,42.15872649602252,1.0
F17251,RO,-125_-18,25.281,11.222,56.86642411459841,1.0
F17253,RO,-126_-17,37.166,11.222,47.89704410217457,1.0
F17257,RO,-126_-18,19.175,11.222,55.929027945464,1.0
F17259,RO,-127_-18,48.706,11.222,43.989091596346356,1.0
F17261,RO,-127_-18,23.52,11.222,35.06044448805424,1.0
F17264,AM,-127_-16,11.729,10.204,54.161608918342225,1.0
F17269,AM,-126_-14,9.673,10.204,59.70069246930475,1.0
F17271,RO,-125_-18,146.872,11.222,43.48191708989443,1.0
F17272,RO,-125_-18,21.567,11.222,48.457397700172,1.0
F17273,RO,-128_-20,15.044,11.222,49.34866626661739,1.0
F17277,RO,-128_-21,7.67,11.222,38.05988360683477,1.0
F17293,RO,-122_-24,38.377,11.222,53.01430384146089,1.0
F17297,MT,-120_-19,23.205,13.169,60.66383295716211,1.0
F17300,MT,-120_-19,26.284,13.169,54.51365696928445,1.0
F17301,MT,-117_-21,29.181,13.169,45.74109341674715,1.0
F17303,MT,-116_-23,16.609,13.169,51.65839201506412,1.0
F17304,MT,-116_-23,13.175,13.169,19.880642820688717,1.0
F17305,MT,-117_-21,9.274,13.169,29.01107955558794,1.0
F17306,MT,-117_-21,8.425,13.169,32.26825191715339,1.0
F17307,MT,-117_-21,14.62,13.169,32.148620277901244,1.0
F17308,MT,-117_-21,15.126,13.169,38.483331948958444,1.0
F17316,MT,-116_-22,13.532,13.169,30.877499374542733,1.0
F17317,MT,-115_-22,85.657,13.169,61.83199313034785,1.0
F17321,MT,-117_-20,11.42,13.169,59.10798828150097,1.0
F17325,MT,-115_-22,37.686,13.169,29.847564472312765,1.0
F17328,PA,-109_-5,6.868,12.73,10.98630369534066,0.0
F17330,MT,-116_-20,28.149,13.169,44.45409817787011,1.0
F17332,MT,-115_-20,10.004,13.169,45.20081105943699,1.0
F17336,MT,-113_-22,51.819,13.169,46.408440509789095,1.0
F17341,PA,-110_-17,7.046,12.73,50.482190944515324,1.0
F17342,PA,-110_-16,8.192,12.73,42.40182524449467,1.0
F17348,MT,-114_-20,22.703,13.169,54.69741638313492,1.0
F17355,MT,-108_-22,17.139,13.169,56.26247807791975,1.0
F17362,MT,-104_-21,39.234,13.169,54.95609240205964,1.0
F17363,RO,-132_-20,14.401,11.222,40.29266257869392,1.0
F17364,RO,-127_-25,24.272,11.222,49.194574012056044,1.0
F17369,RO,-125_-18,46.975,11.222,54.033365335615024,1.0
F17371,AM,-128_-17,19.623,10.204,54.58874776504916,1.0
F17372,AM,-128_-17,11.841,10.204,53.65576564528454,1.0
F17379,MT,-113_-22,10.218,13.169,51.92084962373963,1.0
F17392,MT,-113_-22,489.573,13.169,63.77347245028989,1.0
F17400,MT,-116_-20,16.113,13.169,42.57434885489065,1.0
F17404,MT,-116_-20,6.841,13.169,50.69282576914079,1.0
F17407,PA,-116_-13,13.979,12.73,30.75737087275364,1.0
F17415,MT,-117_-20,11.839,13.169,61.9551427056457,1.0
F17425,MT,-113_-20,75.787,13.169,54.30935981992315,1.0
F17427,PA,-116_-12,12.075,12.73,37.60476714254872,1.0
F17441,PA,-109_-6,16.475,12.73,50.80973971039045,1.0
F17449,PA,-111_-8,6.21,12.73,9.522053045811544,0.0
F17461,PA,-106_-13,33.804,12.73,51.262543724447895,1.0
F17484,MT,-111_-24,76.259,13.169,57.05509225904725,1.0
F17492,MA,-93_-11,21.75,17.275,28.60784223913261,1.0
F17496,MT,-111_-24,59.923,13.169,55.54960270323276,1.0
F17503,MT,-106_-23,125.543,13.169,65.87471952434629,1.0
F17504,MT,-108_-22,41.918,13.169,52.65110362872498,1.0
F17511,MT,-110_-24,31.511,13.169,50.992936043324676,1.0
F17514,MT,-106_-23,24.208,13.169,66.90150468442887,1.0
F17515,MT,-104_-21,39.544,13.169,56.60768215681799,1.0
F17519,MT,-111_-25,18.315,13.169,62.52870917045506,1.0
F17524,MT,-116_-25,20.573,13.169,43.45585904320694,1.0
F17525,MT,-113_-22,24.681,13.169,64.2055667446997,1.0
F17526,MT,-113_-22,20.933,13.169,61.81406575356055,1.0
F17537,MT,-109_-25,201.018,13.169,51.726366192280466,1.0
F17612,MT,-118_-21,7.012,13.169,13.24005876537347,1.0
F17777,RO,-126_-21,53.432,11.222,18.721693506251327,1.0
F17833,MT,-120_-20,11.785,13.169,11.305123779062177,0.0
F17846,MT,-118_-19,16.603,13.169,8.066899499041567,0.0
F18164,RR,-121_0,7.004,19.539,30.29810907759956,1.0
F18169,RR,-121_0,7.293,19.539,18.068650094690817,0.0
F18285,PA,-106_-6,9.202,12.73,44.95673985245897,1.0
F18605,PA,-108_-3,6.429,12.73,13.808427830690247,1.0
F18884,RO,-127_-18,7.877,11.222,20.843085159581538,1.0
F19146,RO,-131_-21,6.576,11.222,6.261600529126022,0.0
F19455,AC,-142_-16,11.952,11.218,9.678685484734938,0.0
F19606,AM,-119_-14,6.344,10.204,10.287739731817508,1.0
F19852,RO,-133_-20,47.504,11.222,7.035323375977139,0.0
F20157,MT,-118_-23,25.164,13.169,24.503490804982118,1.0
F20649,RO,-126_-18,7.315,11.222,31.568230525745918,1.0
F20787,RR,-122_4,15.972,19.539,15.560682630575657,0.0
F20988,AM,-134_-20,17.876,10.204,27.34569746384471,1.0
F21041,RO,-130_-20,17.958,11.222,7.563305195580708,0.0
F21091,RO,-128_-18,16.064,11.222,11.638869534946366,1.0
F21565,PA,-110_-13,11.156,12.73,13.95574064388202,1.0
F21676,RO,-129_-21,22.179,11.222,14.040094843437,1.0
F21939,PA,-107_-3,21.782,12.73,17.01035266598887,1.0
F22510,AM,-127_-16,16.152,10.204,15.11580372169131,1.0
F22548,PA,-103_-7,6.858,12.73,28.458546094200567,1.0
F23215,MT,-123_-21,9.754,13.169,14.710080996692636,1.0
F23483,PA,-111_-17,14.263,12.73,15.706043677165377,1.0
F23578,MT,-106_-26,7.275,13.169,39.4602539232979,1.0
F24155,AC,-145_-16,7.168,11.218,11.95794114508798,1.0
F25024,AM,-121_-11,9.234,10.204,7.905319517015323,0.0
F25041,PA,-110_-7,6.721,12.73,10.417292868605292,0.0
F25047,AM,-115_-5,6.365,10.204,8.238381733206882,0.0
F25143,PA,-105_-6,8.63,12.73,18.166032013483196,1.0
F25939,MT,-111_-20,18.917,13.169,12.683405319665697,0.0
F26180,AC,-143_-17,6.803,11.218,33.3211491648384,1.0
F26207,AM,-122_-9,1.516,10.204,30.267400041321324,1.0
F26698,PA,-105_-8,11.053,12.73,16.543199814932937,1.0
F26821,AC,-140_-18,6.793,11.218,17.12397886625182,1.0
F26836,AC,-141_-17,7.234,11.218,7.565353799661586,0.0
F26974,AM,-123_-16,28.987,10.204,8.61512400555809,0.0
F27267,AM,-129_-18,3.403,10.204,19.17710252377252,1.0
F27287,RO,-128_-19,6.201,11.222,11.977407221502535,1.0
F27810,PA,-101_-8,9.361,12.73,12.415244692528852,0.0
F28035,AM,-126_-16,8.152,10.204,7.6757490494633585,0.0
F28276,AM,-119_-15,15.381,10.204,10.240647837273066,1.0
F28285,AM,-119_-14,22.821,10.204,11.041773353444365,1.0
F28575,PA,-107_-13,8.653,12.73,11.112220757541342,0.0
F28613,MT,-105_-21,8.047,13.169,12.313233896220206,0.0
F28801,RO,-131_-20,9.421,11.222,30.50647044667817,1.0
F28859,RO,-126_-23,12.343,11.222,11.017435639961928,0.0
F28919,MT,-117_-20,6.888,13.169,9.237785682642329,0.0
F28936,MT,-116_-19,9.729,13.169,11.081351797670933,0.0
F29197,MT,-118_-19,8.461,13.169,13.147931648314199,0.0
F29431,RO,-124_-19,8.565,11.222,11.46206458110361,1.0
F29618,MT,-116_-21,9.856,13.169,13.265336423416628,1.0
F29619,MT,-116_-21,6.183,13.169,13.799585331080582,1.0
F30328,MT,-121_-31,6.536,13.169,11.733791336031949,0.0
F31049,MT,-121_-19,6.703,13.169,12.127182706645202,0.0
F31353,MT,-108_-21,36.598,13.169,14.708193163235181,1.0
F31359,MT,-108_-21,18.805,13.169,17.329891130193896,1.0
F31593,PA,-112_-10,1.608,12.73,30.4201628481652,1.0
F31605,AM,-129_-8,7.105,10.204,12.068419406656847,1.0
F31617,AM,-129_-8,9.66,10.204,7.5242923918537805,0.0
F31656,AM,-129_-8,9.515,10.204,19.411300614096767,1.0
F31705,AM,-129_-8,7.261,10.204,8.821176270998869,0.0
F31708,AM,-129_-8,7.507,10.204,9.784735433843654,0.0
F32262,AM,-114_-6,7.665,10.204,11.288913424664836,1.0
F32271,AM,-114_-6,13.025,10.204,9.88141105725726,0.0
F32332,AM,-115_-7,9.149,10.204,9.401312785662956,0.0
F32374,AM,-115_-8,6.633,10.204,12.137594945603794,1.0
F32802,AM,-114_-5,9.558,10.204,24.21092769939474,1.0
F33150,MT,-119_-20,10.206,13.169,12.354658180725412,0.0
F33279,MT,-113_-20,8.627,13.169,26.286936254481635,1.0
F33910,MT,-120_-22,7.288,13.169,18.24759442178255,1.0
F33912,MT,-118_-22,6.78,13.169,10.784906736256133,0.0
F33916,MT,-116_-20,7.296,13.169,19.168766485778743,1.0
F34669,AC,-138_-23,9.229,11.218,10.401757693145703,0.0
F34803,AC,-135_-20,19.039,11.218,11.680617362680309,1.0
F34874,AM,-135_-20,16.479,10.204,10.425585514582862,1.0
F34885,AM,-135_-19,8.654,10.204,9.671229976900069,0.0
F34926,AM,-135_-19,6.536,10.204,12.568566148457775,1.0
F34937,AM,-135_-19,12.452,10.204,34.11078377663631,1.0
F34947,AM,-135_-18,10.781,10.204,8.57096545189066,0.0
F34987,AM,-134_-19,10.367,10.204,10.294129135073982,1.0
F35082,MT,-120_-20,15.624,13.169,12.647032430169316,0.0
F35104,MT,-120_-20,9.553,13.169,12.43424360208807,0.0
F35380,AC,-146_-16,8.283,11.218,21.9441312524745,1.0
F36311,MT,-116_-21,7.398,13.169,16.693314791605427,1.0
F36327,MT,-114_-20,14.824,13.169,14.48480695501911,1.0
F36399,AC,-138_-22,7.823,11.218,9.534370550573401,0.0
F37498,PA,-104_-8,16.421,12.73,20.98225761655862,1.0
F37548,PA,-100_-11,11.949,12.73,11.48870681176498,0.0
F38586,MT,-119_-23,15.758,13.169,13.556333307226609,1.0
F38927,MT,-118_-19,10.72,13.169,12.201486459690607,0.0
F39261,MT,-118_-20,65.211,13.169,12.544256527065551,0.0
F40119,MT,-119_-20,6.965,13.169,13.105743557961581,0.0
F41724,PA,-102_-18,10.808,12.73,13.095649859133923,1.0
F43024,AM,-129_-8,9.201,10.204,8.110789950917898,0.0
F43025,AM,-129_-8,8.961,10.204,8.98534157181012,0.0
F43045,AM,-114_-6,12.017,10.204,11.609902747083602,1.0
RS0,PA,-111_-17,87.67,12.73,42.73509785388794,1.0
RS5,PA,-103_-7,10.079,12.73,30.662980527625702,1.0
RS6,PA,-101_-8,7.916,12.73,38.20153742761962,1.0
RS13,PA,-105_-4,29.741,12.73,32.2626455342968,1.0
RS14,PA,-104_-6,21.193,12.73,24.65688104028537,1.0
RS16,PA,-105_-6,8.81,12.73,24.880295461741508,1.0
RS19,PA,-113_-6,16.958,12.73,47.92274993042957,1.0
RS22,AC,-137_-22,8.789,11.218,29.15487397045046,1.0
RS24,AC,-139_-22,7.206,11.218,24.542894758969148,1.0
RS30,PA,-113_-9,10.175,12.73,36.53150130088551,1.0
RS33,PA,-106_-7,14.957,12.73,30.186184214321738,1.0
RS35,PA,-111_-14,483.53,12.73,43.44397093299839,1.0
RS36,AC,-142_-17,8.185,11.218,21.53419965533012,1.0
RS45,PA,-101_-7,7.699,12.73,26.281877911422953,1.0
RS48,AC,-138_-19,9.871,11.218,25.505168687502902,1.0
RS51,AM,-130_-7,8.521,10.204,25.054807175617878,1.0
RS54,PA,-107_-7,23.665,12.73,19.80545450406213,1.0
RS66,PA,-109_-8,29.963,12.73,20.427479406081233,1.0
RS75,AM,-127_-15,90.687,10.204,25.935892153265574,1.0
RS77,RO,-128_-21,24.32,11.222,46.223036955519056,1.0
RS82,MT,-116_-19,602.517,13.169,46.69252045732594,1.0
RS85,MT,-123_-19,29.862,13.169,38.00948403079336,1.0
RS89,PA,-104_-8,60.585,12.73,32.01282897400891,1.0
RS90,PA,-108_-12,22.321,12.73,46.63741470758978,1.0
RS92,PA,-104_-8,41.783,12.73,41.53009565163602,1.0
RS93,PA,-108_-12,233.008,12.73,16.555426648752494,1.0
RS95,PA,-112_-8,10.973,12.73,28.130215356803507,1.0
RS96,PA,-105_-8,40.388,12.73,32.34475158061525,1.0
RS97,AM,-132_-19,169.335,10.204,24.22715671822888,1.0
RS98,PA,-104_-6,17.792,12.73,22.70823298527662,1.0
RS99,PA,-103_-6,11.592,12.73,29.515028432997166,1.0
RS102,AC,-138_-20,8.233,11.218,19.180659073112725,1.0
RS104,PA,-112_-3,8.201,12.73,37.726507517909006,1.0
RS107,AC,-147_-16,6.661,11.218,33.541725566615504,1.0
RS111,RO,-132_-20,25.304,11.222,21.038123862666477,1.0
RS112,MT,-122_-19,19.797,13.169,21.51244574011932,1.0
RS120,PA,-101_-7,6.666,12.73,32.5185692012522,1.0
RS121,AC,-147_-16,9.256,11.218,28.27188688639631,1.0
RS122,AC,-147_-16,6.797,11.218,53.71427211477629,1.0
RS128,PA,-113_-15,105.732,12.73,42.3636365146108,1.0
RS129,PA,-111_-17,1005.797,12.73,49.62972239207672,1.0
RS133,PA,-111_-17,592.714,12.73,39.378265227700915,1.0
RS134,PA,-112_-15,144.588,12.73,29.778407709339838,1.0
RS136,AC,-138_-22,6.644,11.218,47.15588265506704,1.0
RS137,RO,-127_-19,10.708,11.222,48.38022508569827,1.0
RS139,PA,-112_-15,136.814,12.73,33.55400471563999,1.0
RS155,PA,-113_-11,55.073,12.73,44.43645169107369,1.0
RS156,AC,-137_-21,8.127,11.218,41.56291777738163,1.0
RS157,RO,-130_-20,50.337,11.222,19.9175662899733,1.0
RS158,AC,-137_-21,11.917,11.218,40.453506265031166,1.0
RS159,RO,-129_-20,20.951,11.222,40.64523635358833,1.0
RS162,AC,-139_-21,8.078,11.218,27.25102707714222,1.0
RS167,AC,-138_-19,9.69,11.218,28.020595170825935,1.0
RS169,AC,-138_-21,7.437,11.218,31.90659833741685,1.0
RS174,AC,-144_-19,11.786,11.218,25.548750306826314,1.0
RS183,PA,-112_-12,285.295,12.73,31.997092770259776,1.0
RS188,RO,-129_-20,40.991,11.222,36.36901107535248,1.0
RS197,AC,-137_-21,7.975,11.218,45.85758421694506,1.0
RS199,PA,-108_-13,40.288,12.73,31.28995516250853,1.0
RS202,AC,-139_-21,17.562,11.218,24.808386852670733,1.0
RS208,AC,-138_-22,8.859,11.218,26.609225620633662,1.0
RS211,AC,-138_-21,11.399,11.218,27.659803062277913,1.0
RS214,MT,-118_-19,18.276,13.169,18.51192956927447,1.0
RS219,PA,-99_-12,10.296,12.73,21.892808451984127,1.0
RS221,PA,-108_-9,19.873,12.73,37.81872891039583,1.0
RS222,PA,-104_-5,23.361,12.73,22.770996949463775,1.0
RS226,PA,-110_-16,51.553,12.73,19.282603837363926,1.0
RS229,PA,-113_-10,16.471,12.73,21.319030446092288,1.0
RS238,PA,-102_-10,8.516,12.73,16.756375698386982,1.0
RS241,MT,-119_-20,19.904,13.169,14.75752838899361,1.0
RS243,PA,-111_-14,35.656,12.73,33.39113435948035,1.0
RS244,PA,-109_-9,19.272,12.73,19.424882598539238,1.0
RS246,PA,-108_-7,9.187,12.73,29.77273674504577,1.0
RS249,AC,-138_-19,11.37,11.218,17.2539907412027,1.0
RS251,PA,-111_-13,21.471,12.73,21.37751845857256,1.0
RS257,RO,-127_-21,8.029,11.222,43.558296107041905,1.0
RS264,RO,-127_-21,10.12,11.222,34.302579218725576,1.0
RS265,MT,-122_-19,11.188,13.169,16.98066543006198,1.0
RS266,MT,-121_-19,10.601,13.169,18.337266798849065,1.0
RS268,RR,-127_7,7.98,19.539,43.07641070991767,1.0
RS269,MT,-123_-19,6.639,13.169,19.655592780079257,1.0
RS270,PA,-105_-12,10.85,12.73,17.35503312099637,1.0
RS281,PA,-98_-8,8.776,12.73,22.72284492947427,1.0
RS288,PA,-102_-9,44.711,12.73,22.35617736953511,1.0
RS291,PA,-105_-8,6.639,12.73,28.74649374578206,1.0
RS292,RO,-128_-22,19.814,11.222,52.86391544341382,1.0
RS293,PA,-104_-6,27.113,12.73,19.816694741145664,1.0
RS294,PA,-102_-7,28.634,12.73,16.02384099666831,1.0
RS306,PA,-108_-12,10.888,12.73,23.57597060956689,1.0
RS307,PA,-108_-12,9.412,12.73,23.207951175610543,1.0
RS308,PA,-107_-14,62.663,12.73,8.583799992321705,0.0
RS310,PA,-104_-5,29.497,12.73,14.187598651767233,1.0
RS325,PA,-107_-7,15.133,12.73,33.06937253285033,1.0
RS331,PA,-104_-8,11.055,12.73,22.065288355171283,1.0
RS335,AM,-119_-14,8.435,10.204,31.968363473583086,1.0
RS346,AM,-126_-13,45.292,10.204,60.46310702544483,1.0
RS347,AM,-123_-16,35.789,10.204,51.81597688512597,1.0
RS348,AM,-126_-13,68.635,10.204,42.20495595741834,1.0
RS350,AM,-122_-15,12.197,10.204,61.13264690079837,1.0
RS355,PA,-116_-13,7.75,12.73,48.76810442289041,1.0
RS356,AM,-120_-14,17.139,10.204,58.29246201379101,1.0
RS357,AM,-126_-13,68.3,10.204,57.628842839723255,1.0
RS358,AM,-126_-13,30.929,10.204,40.19355135924534,1.0
RS361,RO,-126_-21,27.242,11.222,42.70404171601621,1.0
RS362,RO,-126_-21,13.616,11.222,50.07615593070445,1.0
RS364,PA,-107_-13,52.883,12.73,62.68990048592745,1.0
RS365,PA,-107_-13,79.497,12.73,63.398732192544884,1.0
RS376,PA,-110_-8,16.064,12.73,61.07448991160567,1.0
RS381,PA,-111_-8,15.292,12.73,52.73070153000697,1.0
RS391,RO,-125_-21,28.437,11.222,57.70621016045284,1.0
RS393,AC,-138_-21,7.343,11.218,36.11513304832896,1.0
RS396,PA,-109_-8,10.069,12.73,40.101600375993414,1.0
RS397,PA,-109_-8,25.12,12.73,45.42082006293762,1.0
RS403,RR,-124_7,133.555,19.539,61.51860899309408,1.0
RS406,AC,-142_-17,29.121,11.218,50.105652358629314,1.0
RS408,RR,-119_1,6.541,19.539,60.2212790341358,1.0
RS409,RR,-119_2,234.166,19.539,44.263463414202384,1.0
RS414,RO,-128_-25,30.372,11.222,47.45337778282366,1.0
RS416,MT,-119_-21,38.431,13.169,35.538458213929346,1.0
RS417,AC,-137_-21,9.317,11.218,54.977666377272406,1.0
RS418,RR,-120_1,6.628,19.539,62.05897348309335,1.0
RS419,RR,-120_1,14.093,19.539,51.858106446476654,1.0
RS420,RR,-120_1,8.16,19.539,66.29202032560562,1.0
RS426,AM,-137_-19,7.208,10.204,46.53014586732525,1.0
RS427,AC,-137_-19,7.359,11.218,49.567345992603435,1.0
RS428,RO,-129_-19,51.009,11.222,50.105153530186264,1.0
RS432,AC,-137_-19,12.722,11.218,47.31466359009111,1.0
RS436,PA,-111_-17,245.527,12.73,57.87649004031212,1.0
RS445,MT,-114_-19,16.118,13.169,57.10221422616797,1.0
RS454,PA,-104_-8,8.729,12.73,54.48376059587694,1.0
RS455,PA,-103_-8,14.677,12.73,38.83138881619019,1.0
RS456,PA,-103_-8,13.398,12.73,55.41177652113357,1.0
RS486,PA,-102_-7,12.88,12.73,54.054568088409624,1.0
RS493,RO,-125_-18,64.002,11.222,64.8574350112887,1.0
RS495,RO,-125_-20,18.724,11.222,54.103622986450496,1.0
RS499,AM,-121_-15,24.656,10.204,25.553670934071036,1.0
RS500,PA,-100_-7,15.835,12.73,40.71536685963389,1.0
RS510,PA,-100_-12,12.865,12.73,46.60896438760155,1.0
RS521,RR,-122_2,75.158,19.539,46.35588286168095,1.0
RS522,RR,-122_2,48.036,19.539,55.349718940274,1.0
RS523,RR,-122_3,11.842,19.539,64.85354074093574,1.0
RS524,RR,-121_3,7.075,19.539,68.11568698947478,1.0
RS525,RR,-121_4,44.905,19.539,69.90597269476312,1.0
RS527,AM,-119_-15,92.074,10.204,62.19636436178567,1.0
RS532,AM,-121_-11,136.925,10.204,56.20428589145122,1.0
RS535,AM,-120_-14,8.372,10.204,23.13983950845819,1.0
RS536,RR,-122_0,12.845,19.539,46.490311750035445,1.0
RS537,RR,-122_-1,7.712,19.539,57.696740214250276,1.0
RS538,AM,-119_-14,29.61,10.204,58.74932191898428,1.0
RS540,RR,-121_1,21.564,19.539,53.41807870713508,1.0
RS541,RR,-121_1,11.053,19.539,49.074729144366806,1.0
RS543,RR,-121_1,6.388,19.539,56.31122844544007,1.0
RS544,RR,-120_1,16.85,19.539,61.80162054059219,1.0
RS545,RO,-127_-18,35.139,11.222,54.799622644661156,1.0
RS546,AM,-122_-15,31.726,10.204,57.85356196417276,1.0
RS547,PA,-116_-12,22.987,12.73,61.639693321713715,1.0
RS549,RR,-122_1,56.783,19.539,58.13971754262598,1.0
RS550,RR,-120_1,14.333,19.539,62.29279822952111,1.0
RS551,RR,-120_1,17.471,19.539,53.664249747015596,1.0
RS552,RR,-120_1,7.016,19.539,44.65452316217666,1.0
RS553,RR,-120_1,9.988,19.539,34.880322985963915,1.0
RS556,RR,-120_2,8.326,19.539,45.32377650880274,1.0
RS557,RR,-120_2,8.215,19.539,37.739320639423774,1.0
RS558,MT,-120_-19,190.511,13.169,61.02293571944463,1.0
RS563,PA,-101_-7,6.575,12.73,41.41007733887364,1.0
RS564,PA,-101_-7,8.172,12.73,56.87077742596508,1.0
RS566,PA,-101_-7,15.407,12.73,51.4722319002426,1.0
RS569,PA,-97_-8,76.588,12.73,42.78266952630461,1.0
RS570,PA,-97_-8,9.315,12.73,33.335604358185094,1.0
RS572,PA,-104_-12,55.356,12.73,48.05801966136195,1.0
RS577,PA,-113_-10,83.641,12.73,51.31211663215138,1.0
RS578,PA,-112_-13,1263.367,12.73,42.27533329024563,1.0
RS586,AM,-131_-19,19.494,10.204,65.19954699372555,1.0
RS587,RO,-132_-20,13.132,11.222,47.15951350973061,1.0
RS588,RO,-126_-24,22.659,11.222,40.265545904483105,1.0
RS591,RR,-124_7,26.047,19.539,30.19877407125099,1.0
RS592,RR,-120_1,10.093,19.539,62.675236335585886,1.0
RS593,RR,-119_2,10.965,19.539,71.52298373774511,1.0
RS594,RR,-124_6,29.029,19.539,27.73975344610673,1.0
RS597,RR,-120_1,15.915,19.539,55.84324051864805,1.0
RS599,RR,-120_1,20.229,19.539,41.62859449838954,1.0
RS600,RR,-120_1,101.673,19.539,56.75245398704138,1.0
RS601,RR,-120_1,10.505,19.539,55.93768005328435,1.0
RS602,RR,-120_1,48.765,19.539,58.87641367026348,1.0
RS603,RR,-119_2,7.944,19.539,56.21551150823963,1.0
RS604,RR,-120_1,7.459,19.539,47.50802746285581,1.0
RS605,RR,-120_1,8.295,19.539,46.49089139276012,1.0
RS606,RR,-120_2,9.415,19.539,59.808470459870875,1.0
RS607,RR,-120_2,10.067,19.539,50.27717428045438,1.0
RS610,PA,-106_-13,188.232,12.73,33.63983544392357,1.0
RS612,RR,-120_1,10.007,19.539,42.59335545073433,1.0
RS613,PA,-111_-16,193.334,12.73,52.10657265980808,1.0
RS615,PA,-107_-13,99.102,12.73,67.06927231419029,1.0
RS619,PA,-107_-14,285.037,12.73,53.277017703478585,1.0
RS621,RO,-127_-21,7.99,11.222,23.586963764314643,1.0
RS622,RO,-125_-21,55.758,11.222,59.83487638004612,1.0
RS624,RO,-127_-24,14.189,11.222,49.379989845680335,1.0
RS635,MT,-119_-21,26.656,13.169,31.220819220972555,1.0
RS637,MT,-117_-19,57.627,13.169,54.05926803288385,1.0
RS645,PA,-102_-9,14.35,12.73,64.40094635620524,1.0
RS649,PA,-110_-14,849.966,12.73,54.89492211033874,1.0
RS650,PA,-107_-13,36.872,12.73,61.21209372166458,1.0
RS654,PA,-116_-12,10.499,12.73,46.7869035862142,1.0
RS658,PA,-109_-8,128.652,12.73,37.34944172016443,1.0
RS659,PA,-102_-9,14.361,12.73,47.560201968875894,1.0
RS660,PA,-102_-9,39.857,12.73,49.36368779034388,1.0
RS662,PA,-107_-13,83.344,12.73,53.40536074896557,1.0
RS667,AM,-120_-15,12.165,10.204,31.043683000648407,1.0
RS672,AM,-120_-14,41.426,10.204,62.790720805814026,1.0
RS673,RO,-131_-21,15.326,11.222,38.09984134052656,1.0
RS675,MT,-110_-20,24.238,13.169,55.51845778678286,1.0
RS682,RO,-127_-18,21.214,11.222,43.77548220334313,1.0
RS688,PA,-111_-17,40.496,12.73,46.64489208520243,1.0
RS689,PA,-111_-17,88.05,12.73,26.141491026859196,1.0
RS691,PA,-110_-16,26.128,12.73,40.00253740451093,1.0
RS692,PA,-113_-13,57.58,12.73,42.665609263889635,1.0
RS693,PA,-113_-9,13.151,12.73,52.62551606453387,1.0
RS694,PA,-113_-13,83.051,12.73,33.877613165851116,1.0
RS695,AM,-146_-15,13.448,10.204,58.69742084867437,1.0
RS699,RO,-128_-20,16.856,11.222,42.45832393691989,1.0
RS700,AM,-127_-16,25.371,10.204,51.34903663960771,1.0
RS711,RR,-121_1,16.869,19.539,58.0086948615728,1.0
RS712,RR,-121_1,25.638,19.539,29.10857426508431,1.0
RS713,RR,-121_1,8.536,19.539,61.32883374999151,1.0
RS714,RR,-121_1,38.088,19.539,55.79900099405459,1.0
RS715,RR,-121_1,7.065,19.539,44.322078157091156,1.0
RS716,RR,-121_1,42.438,19.539,39.10259553314108,1.0
RS717,RR,-121_1,26.475,19.539,29.332794763681353,1.0
RS718,RR,-121_1,25.477,19.539,48.505828994464416,1.0
RS720,RR,-121_1,10.308,19.539,60.057095795065116,1.0
RS721,RR,-122_1,17.619,19.539,50.48367314816046,1.0
RS723,RR,-122_1,6.677,19.539,41.55607683417108,1.0
RS724,RR,-122_1,8.664,19.539,65.74510243674251,1.0
RS725,RR,-121_1,24.118,19.539,55.718906375707725,1.0
RS726,RR,-122_1,7.846,19.539,46.679971563687666,1.0
RS727,RR,-121_1,19.225,19.539,51.78789918376491,1.0
RS728,RR,-121_1,9.754,19.539,51.11064417838338,1.0
RS730,RR,-121_2,18.3,19.539,46.51345732387712,1.0
RS732,PA,-107_-13,190.846,12.73,50.13845733250174,1.0
RS738,PA,-107_-13,72.254,12.73,36.68615011987877,1.0
RS739,PA,-107_-14,284.902,12.73,56.48621519366496,1.0
RS741,MT,-122_-19,10.636,13.169,43.59785967821318,1.0
RS744,AM,-123_-16,16.266,10.204,50.79614849125847,1.0
RS747,AM,-119_-14,15.599,10.204,48.36345658802557,1.0
RS748,AM,-119_-15,134.684,10.204,56.846584931863084,1.0
RS750,AM,-120_-15,149.278,10.204,46.6980596771642,1.0
RS752,AM,-122_-15,77.69,10.204,45.97809540211832,1.0
RS753,AM,-120_-15,65.517,10.204,44.710885363478496,1.0
RS754,AM,-122_-15,79.344,10.204,39.78616088777276,1.0
RS755,AM,-120_-15,33.098,10.204,57.88913669523632,1.0
RS756,AM,-120_-14,69.812,10.204,43.55196775255727,1.0
RS757,AM,-120_-14,75.5,10.204,55.355455617972744,1.0
RS761,MT,-121_-19,43.544,13.169,43.39847547580338,1.0
RS762,MT,-121_-19,108.119,13.169,31.98258433483414,1.0
RS771,PA,-116_-13,40.342,12.73,49.20481635271941,1.0
RS778,RO,-129_-25,30.471,11.222,50.00123935312918,1.0
RS780,MT,-117_-19,255.672,13.169,58.43570204343493,1.0
RS783,PA,-110_-16,28.465,12.73,49.105858516740994,1.0
RS786,PA,-107_-14,91.145,12.73,40.65883844965763,1.0
RS789,PA,-107_-13,23.573,12.73,58.93482748885068,1.0
RS793,AM,-147_-15,9.177,10.204,54.31859895158218,1.0
RS794,AM,-128_-15,47.547,10.204,51.46973348460158,1.0
RS797,AM,-128_-16,21.208,10.204,55.52458918136535,1.0
RS798,AM,-127_-16,124.368,10.204,50.13038196770895,1.0
RS799,AM,-127_-16,173.171,10.204,54.18909918822528,1.0
RS800,MT,-120_-20,37.84,13.169,29.633479880423014,1.0
RS801,RO,-124_-21,8.514,11.222,43.91078081969006,1.0
RS802,MT,-123_-19,16.204,13.169,41.638811321013016,1.0
RS803,AM,-127_-15,26.98,10.204,49.025482561347616,1.0
RS805,MT,-117_-19,104.537,13.169,57.790486123962275,1.0
RS814,PA,-112_-9,13.416,12.73,47.15802962440936,1.0
RS822,PA,-108_-3,29.795,12.73,60.66798306639287,1.0
RS827,PA,-107_-13,54.621,12.73,55.829311367798866,1.0
RS837,AC,-143_-18,7.335,11.218,46.113449660765546,1.0
RS840,AC,-136_-20,16.396,11.218,41.758041900537094,1.0
RS843,AM,-146_-15,13.591,10.204,55.04223414098048,1.0
RS846,RO,-129_-21,29.159,11.222,42.79443493184051,1.0
RS850,MT,-123_-18,41.412,13.169,38.09699201262879,1.0
RS853,MT,-119_-19,45.181,13.169,52.207428286299475,1.0
RS863,MT,-122_-19,29.364,13.169,51.285245087558565,1.0
RS864,RO,-124_-19,11.032,11.222,37.562715969144264,1.0
RS868,AC,-138_-22,6.505,11.218,47.100130387513296,1.0
RS870,AM,-134_-18,53.818,10.204,55.388228263299006,1.0
RS871,AM,-135_-19,22.135,10.204,45.175886839526086,1.0
RS872,RO,-131_-20,20.93,11.222,52.27343245698207,1.0
RS880,AM,-135_-18,72.653,10.204,50.12569724507961,1.0
RS881,RO,-128_-25,91.02,11.222,60.259673841748416,1.0
RS886,RO,-128_-22,33.287,11.222,41.45669486558263,1.0
RS887,RO,-127_-20,9.623,11.222,52.88993107404911,1.0
RS894,RO,-127_-18,35.107,11.222,42.58583195908966,1.0
RS895,RO,-126_-18,18.417,11.222,43.22023995507517,1.0
RS897,AM,-127_-15,84.615,10.204,55.04498134186404,1.0
RS899,AM,-126_-15,38.871,10.204,58.23570959098014,1.0
RS901,MT,-121_-20,77.426,13.169,59.57923718729259,1.0
RS902,MT,-122_-19,10.525,13.169,49.3959278521345,1.0
RS904,PA,-104_-6,28.274,12.73,31.63147442949917,1.0
RS908,PA,-110_-16,17.831,12.73,42.12210333463027,1.0
RS909,PA,-112_-13,181.287,12.73,35.83889499994322,1.0
RS913,PA,-110_-7,45.358,12.73,33.01302396240861,1.0
RS924,RO,-130_-20,10.101,11.222,44.55919419358436,1.0
RS925,RO,-130_-20,27.295,11.222,48.702589643826144,1.0
RS926,RO,-130_-20,12.479,11.222,50.44820470232519,1.0
RS929,AM,-120_-15,17.242,10.204,50.0931950294038,1.0
RS934,AM,-119_-15,23.779,10.204,52.72438321600414,1.0
RS958,MT,-118_-19,24.575,13.169,41.65936571518359,1.0
RS959,AM,-120_-15,17.811,10.204,48.70504295008457,1.0
RS962,PA,-111_-16,74.658,12.73,61.147561406320364,1.0
RS969,PA,-108_-14,128.769,12.73,48.72416825202626,1.0
RS970,PA,-108_-14,78.335,12.73,52.43364214754857,1.0
RS971,PA,-113_-9,12.237,12.73,40.03957981255668,1.0
RS972,PA,-108_-14,80.898,12.73,46.82074599988886,1.0
RS973,PA,-108_-13,364.236,12.73,41.347956276839724,1.0
RS974,PA,-107_-13,68.081,12.73,42.30728099753821,1.0
RS975,PA,-110_-7,36.7,12.73,29.29269670142472,1.0
RS977,PA,-107_-13,110.967,12.73,59.20431717809126,1.0
RS978,PA,-108_-7,50.362,12.73,35.182781851852525,1.0
RS981,PA,-105_-13,24.192,12.73,37.58399904663764,1.0
RS985,PA,-112_-10,45.166,12.73,43.38985989584579,1.0
RS1030,AC,-147_-16,13.632,11.218,49.959758815827854,1.0
RS1031,AC,-147_-16,17.211,11.218,46.984675837931896,1.0
RS1040,PA,-102_-11,8.522,12.73,48.00101576496421,1.0
RS1041,PA,-102_-9,10.148,12.73,48.05251468509762,1.0
RS1047,RO,-126_-20,10.91,11.222,61.14819660155676,1.0
RS1048,RO,-130_-19,51.866,11.222,54.951769416913045,1.0
RS1052,AM,-121_-14,19.398,10.204,48.78594024977943,1.0
RS1055,MT,-117_-19,292.33,13.169,53.82783362632468,1.0
RS1056,RO,-129_-19,33.566,11.222,25.526000288227102,1.0
RS1057,PA,-113_-14,14.283,12.73,42.369672748731745,1.0
RS1061,PA,-111_-14,60.113,12.73,42.88249616665948,1.0
RS1064,MT,-110_-20,15.883,13.169,51.942775046091654,1.0
RS1073,PA,-107_-13,14.294,12.73,41.15754386916481,1.0
RS1087,RO,-127_-18,20.474,11.222,47.871198908283326,1.0
RS1088,RO,-131_-20,29.834,11.222,41.4600176267248,1.0
RS1093,AM,-119_-15,15.846,10.204,49.90325081115003,1.0
RS1097,AM,-121_-14,32.193,10.204,40.654311133664,1.0
RS1099,AM,-120_-12,61.188,10.204,46.05658372882751,1.0
RS1101,AM,-120_-12,206.352,10.204,45.433186125925545,1.0
RS1102,AM,-118_-14,12.645,10.204,61.414693010699956,1.0
RS1120,PA,-112_-8,28.854,12.73,49.69816928275369,1.0
RS1121,PA,-107_-7,19.757,12.73,43.66564170811994,1.0
RS1137,PA,-102_-9,13.096,12.73,41.78828797398549,1.0
RS1138,PA,-102_-11,80.698,12.73,25.276496012792403,1.0
RS1144,PA,-102_-9,28.762,12.73,47.01508378723009,1.0
RS1147,PA,-102_-9,132.989,12.73,45.07563707302683,1.0
RS1153,AC,-138_-22,11.256,11.218,35.86585632030732,1.0
RS1171,RO,-130_-20,10.574,11.222,43.586918627637914,1.0
RS1175,RO,-131_-20,10.352,11.222,51.39990088132819,1.0
RS1177,RO,-128_-22,24.766,11.222,54.82249267896566,1.0
RS1178,AC,-137_-19,10.452,11.218,35.87723095450899,1.0
RS1184,RO,-128_-20,12.568,11.222,50.77145029101743,1.0
RS1196,RO,-126_-18,22.038,11.222,50.302945520063666,1.0
RS1199,AM,-128_-16,14.541,10.204,46.885420410700576,1.0
RS1220,MT,-123_-19,20.361,13.169,33.409163192294706,1.0
RS1229,MT,-122_-19,31.503,13.169,42.0362254249619,1.0
RS1230,AM,-122_-15,6.22,10.204,36.21041546693433,1.0
RS1231,AM,-120_-15,11.46,10.204,50.76649324819867,1.0
RS1232,AM,-132_-19,388.849,10.204,24.546406524861354,1.0
RS1236,PA,-108_-14,18.558,12.73,45.219928771535216,1.0
RS1248,RO,-127_-20,7.419,11.222,48.61679367899911,1.0
RS1255,AM,-121_-8,14.523,10.204,34.90736354421122,1.0
RS1258,AM,-120_-14,60.832,10.204,46.37982298689963,1.0
RS1260,AM,-119_-14,58.752,10.204,35.46982740677316,1.0
RS1267,RO,-131_-20,25.966,11.222,52.212783739216675,1.0
RS1271,PA,-107_-13,162.802,12.73,57.129425600342486,1.0
RS1272,MT,-105_-21,48.833,13.169,42.109029595796486,1.0
RS1274,PA,-107_-13,62.546,12.73,48.781287694519115,1.0
RS1284,RO,-126_-21,14.057,11.222,46.56341928443592,1.0
RS1285,RO,-126_-21,8.586,11.222,40.445164959300214,1.0
RS1288,MT,-117_-19,13.479,13.169,38.78144697709707,1.0
RS1294,PA,-111_-9,19.625,12.73,59.02205340462792,1.0
RS1297,AC,-145_-16,45.4,11.218,40.38715393064985,1.0
RS1312,PA,-110_-16,22.836,12.73,52.78058994988471,1.0
RS1316,PA,-104_-19,55.776,12.73,19.750171958293333,1.0
RS1322,PA,-110_-8,127.143,12.73,42.89446914923493,1.0
RS1325,PA,-107_-14,28.041,12.73,34.60358998001671,1.0
RS1331,PA,-104_-8,15.655,12.73,43.0576921184649,1.0
RS1336,PA,-101_-12,6.371,12.73,47.35259406576686,1.0
RS1353,PA,-102_-7,38.857,12.73,50.632845591096526,1.0
RS1356,PA,-102_-7,14.047,12.73,47.588842327704,1.0
RS1357,PA,-102_-7,6.391,12.73,56.78187263970329,1.0
RS1358,PA,-101_-7,43.669,12.73,34.86994963688211,1.0
RS1360,AM,-146_-15,10.734,10.204,33.36539760695629,1.0
RS1361,AM,-146_-15,18.706,10.204,62.558486214060956,1.0
RS1362,AC,-141_-17,8.101,11.218,30.747946486097472,1.0
RS1371,AC,-142_-17,12.656,11.218,38.882431976492626,1.0
RS1372,AC,-135_-20,7.436,11.218,28.90627258837211,1.0
RS1378,MT,-115_-20,10.273,13.169,34.08819333660962,1.0
RS1381,PA,-110_-18,33.837,12.73,37.532259106831994,1.0
RS1382,PA,-110_-17,639.021,12.73,48.35728019628231,1.0
RS1388,AC,-142_-16,7.925,11.218,42.50764333055832,1.0
RS1392,AC,-137_-21,16.326,11.218,34.72533837345257,1.0
RS1400,RO,-130_-20,34.628,11.222,52.53696567395439,1.0
RS1401,RO,-130_-20,10.787,11.222,47.066997929286536,1.0
RS1402,RO,-127_-22,30.674,11.222,58.47762956509338,1.0
RS1421,PA,-110_-7,21.29,12.73,23.82382765285301,1.0
RS1440,PA,-107_-6,42.967,12.73,44.74193613385368,1.0
RS1443,PA,-107_-7,30.471,12.73,26.054098389801137,1.0
RS1445,PA,-112_-13,27.252,12.73,44.84115971106512,1.0
RS1447,PA,-106_-7,30.243,12.73,47.22114024390322,1.0
RS1449,PA,-107_-6,43.2,12.73,55.11879538143709,1.0
RS1451,PA,-112_-10,8.608,12.73,47.058887514458384,1.0
RS1476,PA,-104_-7,11.951,12.73,46.432496064264825,1.0
RS1478,AC,-144_-19,12.006,11.218,40.84494334896318,1.0
RS1490,MT,-119_-22,9.213,13.169,18.22078292287361,1.0
RS1491,AC,-143_-17,23.732,11.218,43.5838888850487,1.0
RS1498,AC,-142_-17,49.651,11.218,51.48771035160886,1.0
RS1499,AC,-143_-17,12.423,11.218,51.15372340667353,1.0
RS1500,AC,-140_-18,49.875,11.218,43.56735017204576,1.0
RS1502,AC,-138_-22,8.638,11.218,42.43447946452015,1.0
RS1519,AC,-135_-20,26.365,11.218,52.35446918494305,1.0
RS1524,AM,-134_-16,133.185,10.204,49.37020405180718,1.0
RS1530,AM,-135_-18,108.897,10.204,56.19453563235625,1.0
RS1541,RO,-128_-20,8.476,11.222,31.886229047354405,1.0
RS1542,AM,-129_-18,7.896,10.204,36.23497433569665,1.0
RS1543,MT,-122_-19,19.957,13.169,39.88574911952943,1.0
RS1545,AM,-120_-15,19.04,10.204,47.25354776995509,1.0
RS1546,AM,-120_-15,15.255,10.204,30.424960614052083,1.0
RS1549,RO,-126_-17,6.41,11.222,45.283698268828545,1.0
RS1573,AC,-143_-17,6.651,11.218,35.49338761938538,1.0
RS1596,RO,-129_-19,22.913,11.222,42.08191318353728,1.0
RS1597,AM,-134_-18,22.008,10.204,58.04612782000682,1.0
RS1599,MT,-122_-19,8.878,13.169,47.40383326888103,1.0
RS1601,PA,-103_-6,15.987,12.73,52.863334268801694,1.0
RS1607,AC,-146_-16,9.173,11.218,31.989462911511982,1.0
RS1609,AC,-142_-17,24.255,11.218,23.721918398284338,1.0
RS1623,AC,-138_-21,10.32,11.218,35.62090326134009,1.0
RS1624,RO,-127_-20,14.173,11.222,45.15452097307306,1.0
RS1628,MT,-119_-20,12.498,13.169,41.66227695565205,1.0
RS1630,RR,-120_1,17.6,19.539,37.61145588134933,1.0
RS1633,PA,-111_-15,22.592,12.73,18.481908547584233,1.0
RS1637,RO,-130_-21,12.472,11.222,29.61110766021953,1.0
RS1646,RO,-127_-18,17.057,11.222,47.96596598874274,1.0
RS1649,PA,-108_-12,10.721,12.73,35.271716894454514,1.0
RS1650,PA,-108_-12,11.229,12.73,44.00499180675214,1.0
RS1678,MT,-123_-19,40.379,13.169,35.37385322921331,1.0
RS1679,RO,-125_-20,9.42,11.222,41.15257582541534,1.0
RS1680,RO,-125_-19,28.795,11.222,37.44671997619446,1.0
RS1689,PA,-110_-17,55.788,12.73,41.130672601821075,1.0
RS1690,RO,-122_-25,14.957,11.222,44.96942034657917,1.0
RS1694,AM,-120_-9,23.357,10.204,38.38634651137966,1.0
RS1701,PA,-111_-14,52.546,12.73,45.735680134610455,1.0
RS1707,PA,-110_-9,19.616,12.73,41.06981211791825,1.0
RS1714,MT,-121_-20,13.98,13.169,51.95020102133083,1.0
RS1718,PA,-103_-7,10.466,12.73,36.8809835177878,1.0
RS1724,MT,-122_-20,33.583,13.169,41.90831084343546,1.0
RS1725,MT,-122_-19,21.382,13.169,30.27896067483307,1.0
RS1735,PA,-111_-14,149.771,12.73,48.755651487372944,1.0
RS1737,AC,-147_-16,7.905,11.218,49.16698171274588,1.0
RS1742,AC,-147_-16,6.743,11.218,39.765568502904244,1.0
RS1743,AC,-142_-18,36.01,11.218,32.156137128203476,1.0
RS1748,AC,-142_-16,26.513,11.218,33.71742009230303,1.0
RS1756,AC,-139_-21,6.705,11.218,33.01515833848436,1.0
RS1760,AC,-138_-20,8.817,11.218,36.849141783217966,1.0
RS1772,AC,-138_-20,6.716,11.218,42.509880291660046,1.0
RS1788,PA,-113_-6,6.81,12.73,34.323642433763816,1.0
RS1789,RO,-131_-20,22.275,11.222,43.36376784438652,1.0
RS1800,AM,-128_-16,8.535,10.204,33.22003762439955,1.0
RS1801,RO,-129_-21,10.913,11.222,35.344413554564,1.0
RS1802,RO,-128_-20,20.878,11.222,41.82875628814611,1.0
RS1803,RO,-129_-21,13.792,11.222,47.40165626604089,1.0
RS1811,AM,-127_-12,9.162,10.204,41.70065794665841,1.0
RS1834,PA,-102_-9,22.79,12.73,50.87704482965935,1.0
RS1849,AC,-145_-16,6.548,11.218,31.849528394057927,1.0
RS1853,AC,-142_-17,9.5,11.218,30.505748561557837,1.0
RS1854,AC,-142_-17,6.497,11.218,34.95028031253794,1.0
RS1859,AC,-142_-17,11.115,11.218,23.877069885475446,1.0
RS1874,AM,-135_-20,13.334,10.204,35.90497776074118,1.0
RS1899,PA,-109_-8,51.216,12.73,31.293658744472427,1.0
RS1901,PA,-106_-7,44.736,12.73,49.57930861021386,1.0
RS1936,PA,-101_-7,104.905,12.73,45.245562840596364,1.0
RS1945,PA,-101_-7,22.315,12.73,36.14809099447839,1.0
RS1948,PA,-102_-7,71.81,12.73,50.24269554930724,1.0
RS1949,PA,-104_-6,10.267,12.73,49.06314406781183,1.0
RS1950,PA,-104_-6,37.792,12.73,44.946748226668944,1.0
RS1951,PA,-101_-7,64.013,12.73,54.95678307997812,1.0
RS1999,MT,-116_-19,22.668,13.169,28.133131052494033,1.0
RS2000,PA,-105_-8,8.161,12.73,35.59386729815584,1.0
RS2005,PA,-105_-8,8.143,12.73,44.08195943005891,1.0
RS2053,PA,-102_-8,15.634,12.73,50.653735278578395,1.0
RS2058,RO,-127_-18,14.82,11.222,48.5979604733072,1.0
RS2080,RO,-128_-22,14.44,11.222,51.27054349900279,1.0
RS2092,AM,-120_-9,10.213,10.204,35.41973645738637,1.0
RS2099,AC,-143_-18,10.274,11.218,27.248567836258964,1.0
RS2111,AM,-118_-14,9.944,10.204,31.858632904574563,1.0
RS2121,PA,-105_-8,39.133,12.73,37.50676650853849,1.0
RS2135,RO,-126_-18,13.54,11.222,29.921312295516074,1.0
RS2136,AM,-124_-16,15.596,10.204,38.30021043224693,1.0
RS2150,AM,-119_-7,17.135,10.204,45.60545407376996,1.0
RS2154,PA,-111_-9,51.115,12.73,34.830580447921015,1.0
RS2161,PA,-103_-6,6.541,12.73,49.8078117208404,1.0
RS2173,PA,-99_-5,22.198,12.73,42.44327054096624,1.0
RS2190,PA,-114_-4,9.995,12.73,38.36605222071293,1.0
RS2192,PA,-110_-9,33.892,12.73,36.07139308983117,1.0
RS2195,PA,-107_-6,33.314,12.73,39.939848519960414,1.0
RS2200,PA,-102_-9,13.921,12.73,45.081077089145225,1.0
RS2209,PA,-104_-8,14.457,12.73,27.419119745831267,1.0
RS2212,RO,-128_-22,56.767,11.222,42.76667482194446,1.0
RS2216,RO,-125_-20,8.45,11.222,40.39045670713211,1.0
RS2220,PA,-112_-11,25.807,12.73,25.38765082138795,1.0
RS2222,AC,-145_-18,7.0,11.218,41.31010926420878,1.0
RS2224,AC,-140_-21,8.593,11.218,30.558052501357214,1.0
RS2231,AC,-143_-18,7.229,11.218,26.13289472953265,1.0
RS2233,AC,-138_-20,17.763,11.218,34.46623951481005,1.0
RS2242,PA,-111_-16,552.567,12.73,41.073569298194876,1.0
RS2246,MT,-116_-19,82.168,13.169,50.026396682532166,1.0
RS2247,PA,-111_-14,134.991,12.73,42.11148785575449,1.0
RS2248,PA,-111_-13,247.948,12.73,51.852796674057544,1.0
RS2252,PA,-104_-19,11.687,12.73,12.87171448520532,1.0
RS2256,PA,-111_-8,34.539,12.73,48.8328819266657,1.0
RS2257,PA,-112_-15,21.742,12.73,34.03752542195322,1.0
RS2259,PA,-107_-13,68.209,12.73,53.52253632582507,1.0
RS2260,PA,-107_-13,54.176,12.73,33.59613494120807,1.0
RS2261,PA,-104_-6,23.295,12.73,29.970937315745623,1.0
RS2264,PA,-113_-8,6.944,12.73,53.45994642958591,1.0
RS2276,MT,-119_-20,17.34,13.169,33.84645404022707,1.0
RS2277,PA,-107_-13,35.714,12.73,49.04151618281069,1.0
RS2278,AC,-137_-22,11.109,11.218,37.37717079361095,1.0
RS2281,MA,-96_-10,8.586,17.275,39.65672177384516,1.0
RS2285,RR,-120_1,27.294,19.539,61.30703411079716,1.0
RS2286,RR,-121_1,44.113,19.539,45.11617316098475,1.0
RS2289,PA,-112_-8,11.373,12.73,25.66286030314858,1.0
RS2301,PA,-102_-8,12.286,12.73,38.677173507895546,1.0
RS2302,PA,-101_-7,15.598,12.73,26.624590313330458,1.0
RS2303,PA,-101_-8,18.122,12.73,30.792659628177336,1.0
RS2308,PA,-102_-7,18.661,12.73,31.517011756053822,1.0
RS2311,PA,-104_-8,11.293,12.73,35.451242714188616,1.0
RS2314,PA,-104_-8,21.672,12.73,26.675524068292397,1.0
RS2317,MT,-112_-20,11.068,13.169,33.02160130205607,1.0
RS2328,AM,-119_-14,10.708,10.204,44.90984344550851,1.0
RS2331,PA,-111_-14,46.618,12.73,35.22923799811419,1.0
RS2337,AC,-145_-17,8.101,11.218,32.15554377403969,1.0
RS2338,PA,-100_-10,14.135,12.73,26.894069072421804,1.0
RS2353,AM,-119_-9,16.179,10.204,30.394147727030933,1.0
RS2362,RO,-127_-22,28.878,11.222,39.200044109506216,1.0
RS2365,RO,-126_-20,23.79,11.222,41.807623943881985,1.0
RS2368,MT,-123_-21,8.152,13.169,38.725279569556115,1.0
RS2375,AC,-137_-20,7.966,11.218,29.10213701202965,1.0
RS2384,RO,-127_-18,16.313,11.222,36.999060315010084,1.0
RS2392,AC,-137_-19,15.32,11.218,31.79100719418531,1.0
RS2396,AC,-142_-16,29.286,11.218,22.013643972841436,1.0
RS2402,AM,-119_-14,16.717,10.204,39.99068677407462,1.0
RS2404,PA,-113_-11,32.771,12.73,30.99893805288271,1.0
RS2405,AC,-136_-20,8.505,11.218,40.723783120486104,1.0
RS2409,AM,-135_-19,26.95,10.204,30.043225398625935,1.0
RS2415,AC,-138_-20,19.551,11.218,28.174550236783517,1.0
RS2416,AC,-138_-20,43.146,11.218,28.633378466766263,1.0
RS2417,AM,-137_-18,24.743,10.204,25.591420649480185,1.0
RS2420,AC,-138_-20,11.477,11.218,28.598325555594496,1.0
RS2425,PA,-107_-6,50.097,12.73,27.161880565450268,1.0
RS2427,PA,-113_-10,17.479,12.73,32.72022099646983,1.0
RS2439,RO,-132_-20,20.04,11.222,21.466972153416602,1.0
RS2440,AC,-138_-19,9.652,11.218,24.903326418410824,1.0
RS2444,AM,-135_-20,54.946,10.204,23.474816696902963,1.0
RS2445,RO,-129_-19,59.953,11.222,34.610522801203984,1.0
RS2450,AM,-120_-9,69.225,10.204,37.136460155066025,1.0
RS2452,PA,-105_-8,23.509,12.73,28.882443891719902,1.0
RS2455,RO,-127_-22,11.086,11.222,34.992353171132606,1.0
RS2465,AM,-134_-19,33.973,10.204,30.897823307114184,1.0
RS2466,PA,-104_-6,63.621,12.73,36.28200732775906,1.0
RS2473,PA,-102_-7,111.947,12.73,31.342365434524616,1.0
RS2483,AC,-137_-21,13.054,11.218,37.26563413571803,1.0
RS2501,AC,-139_-22,13.132,11.218,23.023103389068808,1.0
RS2507,RO,-127_-22,12.919,11.222,48.361412107691635,1.0
RS2508,RO,-129_-20,36.835,11.222,24.544312391753248,1.0
RS2510,AC,-138_-22,8.217,11.218,28.252265757122423,1.0
RS2518,MT,-123_-19,47.012,13.169,21.242707959349964,1.0
RS2519,AM,-123_-17,16.081,10.204,45.49952651210602,1.0
RS2522,AC,-138_-22,9.432,11.218,18.509728720305592,1.0
RS2529,AC,-138_-22,11.803,11.218,18.11561734821188,1.0
RS2532,PA,-103_-6,38.599,12.73,42.31566393562079,1.0
RS2538,PA,-111_-9,44.995,12.73,18.993899160195955,1.0
RS2550,RO,-129_-20,32.025,11.222,39.49710407802232,1.0
RS2551,PA,-103_-7,14.793,12.73,31.944450872704298,1.0
RS2552,PA,-101_-7,28.967,12.73,25.348096871316358,1.0
RS2555,AC,-138_-20,18.907,11.218,29.82893776481137,1.0
RS2564,RO,-128_-19,12.402,11.222,22.9651190358037,1.0
RS2567,RR,-122_3,61.499,19.539,40.923475028023034,1.0
RS2568,RR,-122_3,9.246,19.539,50.18773438774313,1.0
RS2587,AC,-138_-22,8.65,11.218,25.043000755114313,1.0
RS2588,AC,-138_-22,8.631,11.218,39.333751632511714,1.0
RS2590,AM,-137_-19,8.601,10.204,32.46881033160334,1.0
