event_id,state,area_ha,tau_p90,interior_ang_deg,ring_50_150m_ang_deg,offset_suspect
F824,PA,14.828,10.299,10.231814602263206,11.224721011430658,1
F910,MT,10.903,12.198,10.613381937874466,10.592393947590113,0
F2307,PA,11.432,10.299,8.233166713806277,16.857063980785924,1
F3093,AM,6.536,9.146,8.862260783360583,18.059331863720683,1
F4100,MT,17.879,12.198,10.82868440988727,9.01103221560951,0
F4362,PA,6.283,10.299,10.096549635052755,5.610386462092826,0
F4382,PA,6.959,10.299,9.0203862633457,6.7252225629644675,0
F4383,PA,6.442,10.299,7.81419503192244,7.044993450284211,0
F4624,AC,6.473,11.216,9.444668813484045,8.320690552111765,0
F4654,AC,9.722,11.216,9.911598682634766,6.7932369126791885,0
F4657,AC,8.507,11.216,10.602221248633589,9.717626391531363,0
F4659,AC,10.504,11.216,9.64606344579935,7.318444408583183,0
F4821,PA,13.751,10.299,10.102662840593851,9.457786414899509,0
F4832,PA,8.186,10.299,8.88201388758079,8.288845019869006,0
F4904,AC,8.077,11.216,10.658735198450469,11.702018627681433,1
F5278,MT,12.745,12.198,10.18807378271511,11.004580849447022,0
F5328,PA,15.428,10.299,9.815471476677793,7.019869191145828,0
F5349,AC,6.727,11.216,10.23939375609268,13.325778121996647,1
F5363,AM,6.277,9.146,7.947656288676857,8.600641059991828,0
F6360,MT,17.073,12.198,11.937083139289856,12.739955215698187,1
F6515,PA,11.582,10.299,8.277790604691143,17.334179645679114,1
F6516,PA,66.105,10.299,9.809875443000044,11.833240859733651,1
F6608,PA,12.444,10.299,10.077728392805923,15.940252275260614,1
F6642,PA,21.296,10.299,9.58943550193552,14.374717364974416,1
F6646,PA,32.061,10.299,9.315525883019827,25.84331168066309,1
F6794,PA,20.891,10.299,8.774260818810511,9.315187941702865,0
F7112,AC,8.974,11.216,9.694135681748552,7.044857630928994,0
F7119,AC,11.198,11.216,10.23688349783706,8.23582228114114,0
F7346,AC,9.27,11.216,7.833205273996949,13.048482316685359,1
F7454,PA,26.866,10.299,6.805855261479137,11.279355215172458,1
F8599,MT,8.884,12.198,9.920112568521933,13.65195344733522,1
F8637,PA,6.946,10.299,9.259833182679671,10.622090443605089,1
F8739,MT,31.849,12.198,10.724147881772806,12.673876584466646,1
F8830,AM,33.561,9.146,5.9959535392170675,11.9160532443295,1
F9254,MT,13.562,12.198,11.85191316966015,18.08035169790101,1
F9261,MT,8.913,12.198,9.631497468836885,8.206574145982257,0
F9783,MT,14.477,12.198,8.005586018912105,9.400093628618903,0
F10108,MT,13.649,12.198,10.990669296360245,11.780059762991527,0
F10135,MT,21.548,12.198,8.641029911432163,7.938366262330497,0
F10140,MT,7.858,12.198,11.087764692009532,8.55545467510408,0
F10143,PA,10.178,10.299,9.33904006734723,15.372814705130978,1
F10228,PA,19.59,10.299,10.161955111661072,14.163735472569066,1
F10810,RO,31.912,10.836,10.80793982081761,9.796528567076477,0
F11294,MT,15.441,12.198,9.499844977045882,6.988722498111873,0
F11298,MT,17.316,12.198,12.032871774622489,9.556563694143675,0
F11365,PA,9.065,10.299,9.261789005260635,13.133203231168057,1
F11401,PA,8.484,10.299,9.98715678569409,9.541974746829634,0
F12307,MT,8.776,12.198,8.95936100460414,6.508124192148356,0
F12385,MT,29.553,12.198,10.297466143388103,11.255845004259445,0
F12409,MT,11.677,12.198,10.637058042599978,11.522871481619067,0
F12411,PA,7.166,10.299,9.837815123572767,10.18943496378244,0
F12414,PA,9.504,10.299,9.496656773707626,7.264488822243665,0
F12667,MT,8.861,12.198,8.885226575797232,9.915401198949507,0
F12868,PA,11.754,10.299,10.206058615365302,6.397570753793594,0
F12966,PA,5.433,10.299,8.267083914883193,10.49168027409256,1
F13278,PA,8.257,10.299,9.34851827251465,10.05339631570553,0
F13630,PA,14.678,10.299,10.05384275594655,9.18646202170352,0
F13716,RO,79.353,10.836,9.893153596650356,9.80877040766028,0
F13722,RO,55.68,10.836,9.789081982129037,18.832169968130962,1
F13723,RO,7.069,10.836,10.698268157240163,11.073177548352382,1
F13725,RO,77.129,10.836,10.148072306140559,10.771838784704176,0
F13727,RO,14.251,10.836,10.06972233514124,11.116048978506125,1
F13814,PA,22.549,10.299,9.158892819985681,12.384417579005579,1
F13815,PA,17.975,10.299,10.12001981857615,7.26690312003065,0
F13828,PA,23.081,10.299,9.580433353447253,11.269413122724702,1
F13849,PA,6.976,10.299,9.841556404649538,14.110487561824362,1
F13902,RO,10.64,10.836,9.013586304288612,5.3797913839523375,0
F13929,RO,22.212,10.836,10.477905002938412,11.29839526404369,1
F13933,RO,6.203,10.836,10.587238894356734,18.105028070128267,1
F13936,RO,10.131,10.836,9.031362740241827,8.318860908266988,0
F13985,MT,11.252,12.198,11.57715802626448,10.378891005325423,0
F14001,MT,17.541,12.198,11.07925225727831,13.412837997868401,1
F14010,MT,17.412,12.198,11.364401205023555,11.595356924907122,0
F14013,AM,16.931,9.146,8.304511977845983,12.932552005015813,1
F14178,MT,10.619,12.198,8.031033981217236,19.31788643531661,1
F14184,MT,15.8,12.198,11.187221714254152,15.312436840388417,1
F14185,MT,23.492,12.198,11.503002972405334,10.26151842532582,0
F14188,MT,7.453,12.198,7.2379267752037775,9.658405946171554,0
F14190,MT,15.787,12.198,7.380429972972452,17.945755723513173,1
F14234,PA,12.518,10.299,9.730472679755087,13.662305245492751,1
F14241,PA,34.739,10.299,10.074565239978533,7.6392712832145016,0
F14254,PA,14.921,10.299,8.437564152089742,9.71235994043368,0
F14269,PA,17.122,10.299,9.31655263242319,9.07050581323228,0
F14391,RO,8.861,10.836,10.746430144810535,12.9028716324763,1
F14423,RO,14.7,10.836,9.010590146037362,15.143938780899257,1
F14431,AM,11.917,9.146,8.588323973135317,10.00711693909399,1
F14438,RO,7.818,10.836,9.847631163244781,9.791959061297025,0
F14466,RO,14.367,10.836,10.282925480646742,19.510244177560512,1
F14482,RO,12.277,10.836,10.601991637965321,11.925327999594215,1
F14483,RO,8.456,10.836,9.568356240293216,10.489212226179943,0
F14484,RO,47.48,10.836,10.078468371036527,8.787550836517651,0
F14513,PA,15.413,10.299,7.976943351109148,6.716424892979907,0
F14565,RR,7.877,16.487,14.198790158180907,30.43289173511811,1
F14568,RR,8.646,16.487,16.46703905776543,11.685653743271775,0
F14593,AM,4.069,9.146,9.002841694632275,12.942085705045598,1
F14611,RR,38.156,16.487,16.38436605757038,8.558217792890412,0
F14639,AM,21.497,9.146,8.880122454120553,9.63708656862195,1
F14654,RO,46.874,10.836,8.77384644549209,7.058544053429086,0
F14655,RO,24.987,10.836,9.560960987256456,9.272879453151514,0
F14670,AM,84.478,9.146,9.125833960754498,14.864749007964267,1
F14700,RO,29.246,10.836,10.153681154010439,10.992817475999209,1
F14707,RO,10.386,10.836,9.428758486642431,15.095704116577622,1
F14715,RO,22.969,10.836,9.999970009630347,12.703661052859033,1
F14717,RO,51.106,10.836,7.529343437757386,7.489462393932548,0
F14719,RO,8.039,10.836,10.11647904511187,9.849919441344827,0
F14725,MT,7.275,12.198,11.062335964696256,8.968715422810504,0
F14736,RO,60.868,10.836,9.081278090169286,6.577383657360048,0
F14738,RO,18.004,10.836,10.471391480519257,9.074635826962325,0
F14743,RO,24.27,10.836,10.142656760464305,10.553227874305326,0
F14790,AC,14.642,11.216,9.646936554030363,8.376927722720426,0
F14798,AM,11.219,9.146,8.718452756316106,8.83505761477371,0
F14805,AM,16.908,9.146,7.502229379719263,7.35030072505166,0
F14807,AM,8.941,9.146,8.366978945136898,8.461568044595499,0
F14833,RO,1.15,10.836,9.923989609961842,9.108844957994313,0
F14835,RO,12.767,10.836,10.145634418090687,9.124986728546252,0
F14846,AM,10.066,9.146,7.862498058227909,15.453734759644716,1
F14967,PA,6.644,10.299,10.055034787585543,9.137630646786267,0
F14973,PA,6.813,10.299,8.898589845390784,8.403283554028963,0
F15061,RO,29.784,10.836,5.677801518583929,10.026747644465747,0
F15083,RR,33.887,16.487,15.156524649771955,9.565105962325738,0
F15084,RR,10.426,16.487,16.231237100432924,9.70492449228496,0
F15086,RR,7.447,16.487,13.747166512304396,32.65100176836153,1
F15095,RR,19.268,16.487,15.493273706218728,11.661073397885394,0
F15097,RR,17.453,16.487,13.098856504054982,13.422965634706207,0
F15098,RR,38.894,16.487,14.297463639529786,9.61969228048412,0
F15100,RR,16.561,16.487,13.737925065630622,15.532663791161497,0
F15103,RR,6.333,16.487,16.23790583325796,27.23946015746796,1
F15111,RR,12.468,16.487,15.56664607520213,15.397454172643355,0
F15113,RR,17.287,16.487,10.341099729819785,14.675010472918077,0
F15115,RR,12.739,16.487,16.224055899384375,11.944012854321779,0
F15117,RR,6.523,16.487,11.629892635413627,7.002345737117236,0
F15128,PA,35.15,10.299,8.01523683432347,16.275796009604075,1
F15137,PA,109.69,10.299,7.476830236614963,13.296251615244454,1
F15138,PA,106.139,10.299,8.343542111982897,8.220854423364935,0
F15181,PA,13.022,10.299,8.212839921165989,7.589556474008457,0
F15207,PA,8.145,10.299,8.501328879976956,13.52204706308637,1
F15273,PA,17.546,10.299,8.236860867273533,9.39917886036523,0
F15288,PA,18.199,10.299,10.126118348514613,10.508069992022763,1
F15312,AC,7.132,11.216,10.275485309041207,16.38481475416513,1
F15321,MT,20.889,12.198,9.28977272823154,10.488096019466253,0
F15322,AM,15.109,9.146,4.600044846843016,3.943195690702893,0
F15324,MT,61.574,12.198,10.471954455289511,10.18578969406286,0
F15327,AM,24.415,9.146,5.9290424561593325,4.311802322545138,0
F15345,PA,7.011,10.299,6.765271060294018,5.374889075610674,0
F15375,PA,8.06,10.299,8.486504644126944,10.308628423394063,1
F15387,PA,17.292,10.299,9.283255262350394,7.260620055446596,0
F15435,PA,36.077,10.299,9.040550069141581,12.626077783770837,1
F15464,PA,10.471,10.299,9.828536915825886,12.159971479770237,1
F15477,PA,8.014,10.299,9.970150470938048,12.338144204754023,1
F15506,AC,12.521,11.216,11.048748474623807,9.073880197712556,0
F15527,MT,67.158,12.198,11.958910852275313,9.059962847307755,0
F15532,MT,63.316,12.198,9.337822641947099,7.754847164828202,0
F15534,AC,16.42,11.216,11.061224556974736,16.90530705722219,1
F15549,AC,11.206,11.216,11.201600420678151,11.259706564842917,1
F15561,AC,6.322,11.216,9.015906821532417,19.856185370074442,1
F15595,AC,6.617,11.216,10.656937578329742,12.993958783444583,1
F15597,MT,10.259,12.198,8.510658661721948,9.11674996220319,0
F15604,MT,23.182,12.198,11.277660213371112,9.740866624113648,0
F15618,MT,104.908,12.198,11.516606758738513,8.682782806879883,0
F15634,PA,20.292,10.299,9.776101695852889,15.262121317429148,1
F15646,MT,13.959,12.198,11.079548210431952,8.80286886332429,0
F15652,MT,10.151,12.198,7.228791872991456,10.485697110348413,0
F15655,MT,9.649,12.198,11.334293829757922,14.94656118292768,1
F15656,MT,31.924,12.198,11.821062229313908,12.205167738852376,1
F15658,MT,22.797,12.198,7.167590819051066,6.095634222592842,0
F15660,MT,12.417,12.198,9.21856297799507,20.40804026298066,1
F15663,MT,36.923,12.198,8.209682856267875,8.04000642149456,0
F15672,MT,22.72,12.198,11.634687797521167,7.663178768197082,0
F15701,MT,8.034,12.198,12.05248047495011,10.333765848510986,0
F15732,MT,42.59,12.198,11.504241233946344,10.157676672455374,0
F15737,PA,4.472,10.299,9.815471476677793,7.019869191145828,0
F15741,PA,63.973,10.299,10.29391180599441,12.353167686408547,1
F15742,PA,19.161,10.299,7.197446811075077,8.478602858253385,0
F15748,PA,7.412,10.299,6.316248327757188,7.4473789472871,0
F15750,PA,17.23,10.299,10.115794624267062,13.432353957577034,1
F15751,PA,9.488,10.299,8.229915374862522,10.272278658824641,0
F15752,PA,22.138,10.299,10.276863547064359,9.429128348408167,0
F15757,PA,39.856,10.299,8.77856271410879,10.496237568060435,1
F15762,PA,7.043,10.299,7.9232646672697395,7.34592535256284,0
F15763,PA,15.926,10.299,9.118795694562014,15.99159784111114,1
F15765,PA,17.367,10.299,9.912582105715469,11.773728595640993,1
F15791,PA,20.054,10.299,9.857086553178974,9.918915507047942,0
F15792,PA,7.125,10.299,9.15465402251272,9.73934902201827,0
F15795,PA,12.335,10.299,7.540101340407461,9.823892848901089,0
F15803,PA,6.893,10.299,8.514517257066824,13.960055731205404,1
F15806,PA,48.376,10.299,8.095514463508398,7.8559207317794275,0
F15810,PA,8.972,10.299,9.131341749306559,6.553831962538334,0
F15814,PA,8.452,10.299,8.789561405039523,9.446775312975323,0
F15815,PA,7.692,10.299,8.698354242456128,9.041785813913862,0
F15820,PA,7.151,10.299,8.937426885991648,9.00138890210263,0
F15832,PA,12.356,10.299,8.52616905273182,10.71906791139113,1
F15839,PA,34.302,10.299,9.285828749363104,9.139268604107743,0
F15841,PA,28.117,10.299,10.250170818514631,16.37900534044542,1
F15858,PA,21.363,10.299,8.446772011294101,17.033399378410525,1
F15860,PA,16.748,10.299,9.026871938112526,8.973985195806932,0
F15863,PA,10.793,10.299,9.631820684778498,13.209907545629555,1
F15864,PA,8.175,10.299,10.123318345361504,9.67794376259254,0
F15917,AC,8.332,11.216,10.487239193891993,10.169236300936715,0
F15918,RO,12.824,10.836,10.471110305601476,10.053259085815686,0
F15925,RO,5.818,10.836,9.491072852968307,10.383871586463599,0
F15927,RO,13.578,10.836,10.101771305051244,9.100094877044457,0
F15943,RO,7.743,10.836,8.935401056669091,9.869506036638892,0
F15944,RO,13.878,10.836,9.073460386538805,10.67465214002572,0
F15947,RO,22.766,10.836,9.10606413242453,15.109563292216436,1
F15959,AM,13.329,9.146,5.501040961111858,5.6621395496368345,0
F15960,MT,13.925,12.198,9.258621834499726,23.499474268594646,1
F15962,MT,7.916,12.198,11.070279117993179,28.861158494535857,1
F15979,PA,4.645,10.299,7.666489031652096,18.410514704373938,1
F15986,MT,58.286,12.198,10.92452888358041,11.115036275541042,0
F16043,PA,11.83,10.299,9.274877010184934,10.004296725584242,0
F16099,PA,60.775,10.299,10.040776179947372,9.281117389660363,0
F16117,PA,13.511,10.299,10.1585385667502,12.137519653739146,1
F16137,PA,24.174,10.299,7.295784937497441,9.128723169134792,0
F16145,PA,7.595,10.299,7.316946004556904,9.785873064101494,0
F16146,PA,8.548,10.299,8.31384325034569,12.566796917131867,1
F16154,PA,7.542,10.299,7.589108278322598,8.141776160623948,0
F16182,PA,16.993,10.299,10.16812348874586,13.181296528661036,1
F16191,PA,24.918,10.299,9.537330862914082,12.824417088564893,1
F16195,PA,14.668,10.299,8.599740213900338,12.549118044730184,1
F16224,PA,20.776,10.299,9.518163468890606,10.434376585882342,1
F16252,PA,10.024,10.299,10.003856480709903,9.265377885736704,0
F16273,PA,15.303,10.299,10.289349829261154,11.008918686605481,1
F16277,PA,22.194,10.299,8.689439166030724,9.026273461785381,0
F16292,PA,39.916,10.299,9.043524266678828,13.574793147999307,1
F16293,PA,10.929,10.299,7.92702015101078,13.08057814383694,1
F16295,PA,21.673,10.299,8.323924870377565,10.396798498235649,1
F16349,PA,6.605,10.299,8.962963003472046,12.082131459001287,1
F16381,RO,11.991,10.836,9.398935022171317,9.935714133893832,0
F16383,RO,12.395,10.836,6.074389593823866,15.974998078378153,1
F16392,RO,10.519,10.836,8.529992550233079,14.259165022509217,1
F16393,RO,18.051,10.836,5.824162640980066,6.266180509016944,0
F16394,RO,9.364,10.836,7.5202524977919785,9.062699247497319,0
F16395,RO,47.788,10.836,6.897002769031714,7.488030925935237,0
F16396,RO,6.62,10.836,10.448900987111454,10.208210108227766,0
F16399,RO,52.4,10.836,7.490031919354382,8.221974582969159,0
F16405,MT,7.564,12.198,10.268902069013688,4.397011415366907,0
F16406,MT,94.171,12.198,9.472521274204707,10.691389384623234,0
F16410,MT,185.525,12.198,9.457386908109381,10.573539243359937,0
F16411,MT,122.67,12.198,8.994847179310844,8.55245017062065,0
F16419,MT,9.65,12.198,7.940645833483079,8.173032685068183,0
F16428,MT,62.365,12.198,10.833464702430174,16.96934129084341,1
F16431,MT,7.341,12.198,8.676437763003111,7.3773457603973345,0
F16452,MT,25.443,12.198,11.883376926933233,10.484947971953854,0
F16453,MT,18.05,12.198,9.02013527657118,7.122370868140929,0
F16458,AM,8.875,9.146,8.887749355188514,6.320864294254501,0
F16463,MT,8.435,12.198,10.382166910490943,7.999247134521361,0
F16476,RO,45.285,10.836,9.30215092739516,10.936798735396106,1
F16491,PA,11.202,10.299,9.850499394122641,13.601505272275048,1
F16515,PA,21.302,10.299,10.165033217899156,22.175134965933495,1
F16523,PA,26.161,10.299,9.596340198126116,21.5229110996855,1
F16562,PA,9.445,10.299,10.043453754103808,10.302255589381177,1
F16580,PA,46.78,10.299,9.905646214932778,12.60304077047224,1
F16581,PA,7.494,10.299,9.903516765041953,13.918979287828453,1
F16588,PA,19.32,10.299,9.260068514885498,9.209674009151124,0
F16593,PA,23.405,10.299,8.924928875694539,11.11123169118346,1
F16613,PA,12.89,10.299,8.319389522499868,7.0745239862408695,0
F16615,PA,8.702,10.299,8.888380286365432,10.195031447939847,0
F16618,PA,12.29,10.299,8.897767538616973,11.948999456305692,1
F16627,PA,7.422,10.299,9.274887339802504,11.955053461508069,1
F16646,RR,6.45,16.487,13.4463336341064,15.274739061412383,0
F16649,RR,13.661,16.487,9.645441696831721,11.47780399820539,0
F16650,RR,12.432,16.487,13.970951510394574,15.91267820165357,0
F16653,RR,13.139,16.487,9.862115905692233,10.709067979658153,0
F16654,RR,9.144,16.487,11.230372243217047,16.249246682274265,0
F16655,RR,10.818,16.487,16.32682069382603,24.14087126533897,1
F16656,RR,8.074,16.487,12.996959241622495,16.487815331745587,1
F16663,RR,13.595,16.487,15.916548668852508,16.432332861857827,0
F16664,RR,13.94,16.487,11.785112667310658,13.9069232709555,0
F16665,RR,8.216,16.487,9.168252990319047,10.965289535235428,0
F16667,RR,12.167,16.487,12.1117874566061,15.478887351333391,0
F16670,RR,7.896,16.487,8.492496078426024,11.486833891390535,0
F16673,RR,14.408,16.487,9.100252654201183,8.498262120396204,0
F16674,RR,8.783,16.487,9.932866011971823,8.655515663290773,0
F16675,RR,8.499,16.487,9.341844587702141,11.20073115441335,0
F16676,RR,11.946,16.487,10.782382339601641,24.268239065738243,1
F16677,RR,52.027,16.487,10.132293173763268,18.19900742247935,1
F16678,RR,15.361,16.487,8.605013915382653,9.543052011630948,0
F16679,RR,52.502,16.487,14.036841347302758,18.04378943665881,1
F16683,RR,8.8,16.487,11.371800850205739,12.87084217764405,0
F16684,PA,15.622,10.299,10.137020433562267,13.023606088090512,1
F16695,AC,6.804,11.216,9.825876390928261,12.155076523365711,1
F16697,AC,11.488,11.216,8.74511600037849,12.140011691340618,1
F16700,AC,12.25,11.216,9.948226169998724,10.976563192968069,0
F16709,RO,10.737,10.836,6.85485267005529,9.946664039153905,0
F16712,AM,14.48,9.146,5.108075299435786,9.296928323064979,1
F16714,PA,45.826,10.299,8.293029230448118,6.7056371649554025,0
F16715,PA,10.182,10.299,5.408647846214357,5.722545455553196,0
F16741,PA,70.211,10.299,9.151752904491342,8.551539214865777,0
F16758,PA,34.629,10.299,10.22603499080116,12.895110881879203,1
F16765,PA,14.358,10.299,9.509405512370222,13.130998666746988,1
F16782,PA,11.987,10.299,9.435707939533312,9.770565694646674,0
F16788,PA,9.756,10.299,9.079922413309685,14.470016697743056,1
F16835,RO,88.307,10.836,8.573569113720197,15.265467321994628,1
F16874,PA,8.236,10.299,9.615499096255839,10.980606378032459,1
F16901,RO,19.821,10.836,8.252782595846611,9.33014016472845,0
F16908,RO,160.497,10.836,6.726933184184283,7.4667614804680325,0
F16913,RO,10.779,10.836,7.1123201564585745,7.637595692233896,0
F16915,RO,10.47,10.836,8.642255781039784,15.454543906164583,1
F16924,AM,154.69,9.146,7.801990339136351,9.112850930900622,0
F16925,RO,179.031,10.836,8.283907810706221,9.905099408392621,0
F16927,MT,13.607,12.198,11.328092233369318,11.49842403261944,0
F16931,RO,13.154,10.836,7.0004796544908325,9.9484628655205,0
F16934,MT,40.052,12.198,11.057756534507439,17.55155751508486,1
F16937,MT,25.522,12.198,10.261506413498475,18.591458060264248,1
F16938,AM,8.772,9.146,5.830615291493086,6.310973481369217,0
F16946,MT,83.169,12.198,9.274122392686998,9.817867410704332,0
F16959,MT,32.408,12.198,9.786143941904351,10.764826524051793,0
F16961,MT,18.717,12.198,11.94577862881308,10.2695860129556,0
F16968,MT,16.983,12.198,11.595027930062567,11.11958666111578,0
F16974,MT,33.04,12.198,11.048317777028018,11.124517688954116,0
F16976,MT,19.578,12.198,10.84738397261163,14.493969354074126,1
F16995,RR,11.594,16.487,12.55751861392908,11.514181170890632,0
F16998,RR,52.267,16.487,7.710449104034185,10.445091654414353,0
F16999,RR,6.708,16.487,9.538563203535682,22.132305595967523,1
F17003,RR,12.455,16.487,9.975807601359536,8.726629726883424,0
F17004,RR,7.809,16.487,10.327099042709303,11.809095447484376,0
F17006,RR,6.991,16.487,9.247754791342981,7.41709559048396,0
F17016,RR,6.621,16.487,13.328181143719167,11.32289301277009,0
F17018,RR,25.752,16.487,6.899503135488252,13.457524377677034,0
F17019,RR,23.881,16.487,14.478154548217873,9.067991013925514,0
F17030,RR,85.716,16.487,8.302267618906415,7.998400743907862,0
F17031,AM,16.592,9.146,8.456507295395701,10.650759796851395,1
F17034,RR,8.967,16.487,14.782456334519534,17.18803127413534,1
F17042,RR,11.759,16.487,10.629466760938762,7.437617141325802,0
F17044,RR,22.552,16.487,9.98563249086689,11.610335545577042,0
F17083,MT,158.751,12.198,10.544871082799386,13.050859011634588,1
F17094,PA,17.809,10.299,9.892523860134204,14.335802661044752,1
F17100,MT,15.571,12.198,11.24482773213306,11.186757596413134,0
F17117,MT,13.853,12.198,11.260696782920755,16.38507440774299,1
F17142,AC,6.613,11.216,7.497009733264194,11.312555740388088,1
F17150,RO,31.414,10.836,6.339593956321154,8.37357689179631,0
F17151,AM,22.647,9.146,8.105968668898837,14.650641884361946,1
F17152,RO,28.311,10.836,8.937857710501886,10.846060982615562,1
F17161,RO,12.584,10.836,10.032094676485862,13.363004906611042,1
F17166,RO,11.026,10.836,10.374284702454993,12.622153980660634,1
F17173,RO,18.764,10.836,7.196523401001088,7.273743429811885,0
F17175,RO,8.461,10.836,9.351779922255028,10.044562178841264,0
F17178,RO,22.383,10.836,9.31235472182775,19.51928896137951,1
F17179,RO,13.949,10.836,9.242549900207173,13.089557284302911,1
F17180,RO,19.045,10.836,8.883590386765599,8.863901019229,0
F17181,RO,6.31,10.836,9.142905489477274,10.256263443731216,0
F17182,RO,8.006,10.836,7.5950941255644935,8.267959123431963,0
F17184,RO,7.379,10.836,9.602719458631206,7.582526368556254,0
F17185,AM,9.648,9.146,7.461358686479821,8.606759348832759,0
F17187,RO,16.616,10.836,6.427520743178266,7.246875532988803,0
F17191,RO,9.482,10.836,6.091095439420432,7.009359403873761,0
F17192,RO,11.035,10.836,6.118040448147526,5.825661430694703,0
F17201,RO,10.326,10.836,10.750881792302712,9.181684628471753,0
F17206,RO,33.294,10.836,8.538454066496042,9.770575884367338,0
F17208,RO,16.031,10.836,6.551711359337697,6.14789511300799,0
F17210,RO,25.503,10.836,5.998241618058501,16.729561983802636,1
F17211,RO,10.007,10.836,6.918319137044842,12.685667414337022,1
F17212,RO,56.058,10.836,8.404051656661421,9.793476604620471,0
F17213,RO,8.133,10.836,10.584031161255353,12.288814417890205,1
F17219,RO,10.114,10.836,8.899713473350618,10.1114976743775,0
F17220,RO,14.628,10.836,10.792120456698166,19.563172110878856,1
F17232,RO,28.814,10.836,9.886042388466413,7.7067645905278015,0
F17238,RO,59.448,10.836,10.16314788515305,11.097464331317264,1
F17242,PA,19.713,10.299,10.239665112815302,16.51717664811799,1
F17243,RO,11.849,10.836,5.831655447542531,7.017106110106125,0
F17246,RO,14.505,10.836,8.488859020619838,12.719656040577867,1
F17247,RO,20.825,10.836,10.659264337630685,17.52148634144095,1
F17251,RO,25.281,10.836,5.3935414067850935,6.0081975580138725,0
F17253,RO,37.166,10.836,6.503388585578401,6.31306998684585,0
F17257,RO,19.175,10.836,9.075071046738202,7.682944821589306,0
F17259,RO,48.706,10.836,9.263502057040128,21.487366891149673,1
F17261,RO,23.52,10.836,8.121269834710981,9.775973633120993,0
F17264,AM,11.729,9.146,8.151180885551717,11.455203498431729,1
F17269,AM,9.673,9.146,7.012335875979462,12.298352260996982,1
F17271,RO,146.872,10.836,6.2402926543339525,7.844427778338113,0
F17272,RO,21.567,10.836,4.9979274786845975,7.390483910156051,0
F17273,RO,15.044,10.836,9.758220125933116,12.843789626411489,1
F17277,RO,7.67,10.836,9.555233697438997,12.897866325891847,1
F17293,RO,38.377,10.836,10.256695584797635,10.622274520105806,0
F17297,MT,23.205,12.198,6.913467793713993,10.01498649695911,0
F17300,MT,26.284,12.198,8.300573774517842,12.796340406287877,1
F17301,MT,29.181,12.198,10.362244946108044,10.11218703974617,0
F17303,MT,16.609,12.198,11.675937092689193,10.792750825017755,0
F17304,MT,13.175,12.198,9.37545261014173,10.260888049755522,0
F17305,MT,9.274,12.198,10.418246477162905,8.824578578052746,0
F17306,MT,8.425,12.198,12.069330129777251,12.070185240477537,0
F17307,MT,14.62,12.198,8.527675263872688,9.836004061419677,0
F17308,MT,15.126,12.198,10.609501690073618,22.56100023249354,1
F17316,MT,13.532,12.198,9.472754548616535,7.2054279255004765,0
F17317,MT,85.657,12.198,9.251846693454011,11.61682459812078,0
F17321,MT,11.42,12.198,5.653685138405556,5.5097159420288015,0
F17325,MT,37.686,12.198,9.016657010330718,10.22843771379103,0
F17328,PA,6.868,10.299,10.219926047854644,12.532286547054033,1
F17330,MT,28.149,12.198,6.708008320726004,8.121113663681855,0
F17332,MT,10.004,12.198,11.99100336152145,9.72819903702316,0
F17336,MT,51.819,12.198,11.943486550321403,10.963864786858295,0
F17341,PA,7.046,10.299,8.062146149309825,9.84960163833167,0
F17342,PA,8.192,10.299,9.254868399217058,9.793935512872983,0
F17348,MT,22.703,12.198,7.437665462613937,12.853877528711331,1
F17355,MT,17.139,12.198,9.071402486841817,9.716246600275829,0
F17362,MT,39.234,12.198,9.510527753936836,14.363710586446528,1
F17363,RO,14.401,10.836,9.796148295985018,9.19828385358001,0
F17364,RO,24.272,10.836,10.064496827688455,13.989447990331211,1
F17369,RO,46.975,10.836,5.358870415809549,6.4734713260851855,0
F17371,AM,19.623,9.146,7.990281776467198,8.35537076419465,0
F17372,AM,11.841,9.146,8.334664615812462,9.201646109445873,1
F17379,MT,10.218,12.198,9.142175768140552,9.971068109453983,0
F17392,MT,489.573,12.198,10.56466570743631,9.42485367080225,0
F17400,MT,16.113,12.198,6.882970218982328,9.970166761218675,0
F17404,MT,6.841,12.198,5.4767882299421204,7.400801027268022,0
F17407,PA,13.979,10.299,8.66368895751486,8.740987139649741,0
F17415,MT,11.839,12.198,5.253274110129372,5.603833055970532,0
F17425,MT,75.787,12.198,11.055777075600119,12.040565330915566,0
F17441,PA,16.475,10.299,7.3514960523273425,8.006296936768685,0
F17449,PA,6.21,10.299,9.788746039245924,15.56175864271359,1
F17461,PA,33.804,10.299,9.554394061225759,10.420911866310654,1
F17484,MT,76.259,12.198,10.862646647142697,19.7737201163533,1
F17492,MA,21.75,14.219,13.343355626465252,15.307807489008137,1
F17496,MT,59.923,12.198,11.626788891269502,23.71154852910132,1
F17503,MT,125.543,12.198,7.342462383645634,8.04642536504071,0
F17504,MT,41.918,12.198,10.49423243297294,16.790713311593432,1
F17511,MT,31.511,12.198,11.473655226647887,12.350540371104824,1
F17514,MT,24.208,12.198,7.466309060767832,10.611112940627185,0
F17515,MT,39.544,12.198,8.792876516143986,14.316811394728454,1
F17519,MT,18.315,12.198,8.332819864987592,7.37593496032583,0
F17524,MT,20.573,12.198,11.827074723375116,15.038601936834139,1
F17525,MT,24.681,12.198,8.701412109902229,8.950663914936024,0
F17526,MT,20.933,12.198,9.425770001447907,9.99257779556197,0
F17537,MT,201.018,12.198,10.486885660276997,11.221327367299864,0
F17612,MT,7.012,12.198,9.647575989421734,11.766074469549979,0
F17777,RO,53.432,10.836,9.465086960349021,13.501977143590361,1
F17833,MT,11.785,12.198,11.27441813753086,12.131051354316785,0
F17846,MT,16.603,12.198,5.390679564254532,4.915645882490926,0
F18164,RR,7.004,16.487,12.576979863737344,12.434711050355231,0
F18169,RR,7.293,16.487,13.735706124205587,13.111696743947903,0
F18285,PA,9.202,10.299,10.039285549548305,8.504286302956094,0
F18605,PA,6.429,10.299,10.008202645386769,12.62794565738782,1
F18884,RO,7.877,10.836,10.392371645467474,9.301718867512351,0
F19146,RO,6.576,10.836,10.26696276271922,22.56098613361297,1
F19455,AC,11.952,11.216,11.130141616954559,8.912424074815409,0
F19606,AM,6.344,9.146,7.878053938812078,7.707534491284916,0
F19852,RO,47.504,10.836,8.275269265384305,14.115531442800945,1
F20157,MT,25.164,12.198,10.295575207697707,11.659586091802007,0
F20649,RO,7.315,10.836,8.6434588960498,16.629530614621284,1
F20787,RR,15.972,16.487,16.26286277786423,21.05795012786552,1
F20988,AM,17.876,9.146,7.431717559620939,15.387219201610133,1
F21041,RO,17.958,10.836,8.62048867236345,15.993104095569473,1
F21091,RO,16.064,10.836,9.639821145372947,7.86976654689167,0
F21565,PA,11.156,10.299,8.414894634706227,28.22960195586742,1
F21676,RO,22.179,10.836,10.631508602847124,11.597414149511964,1
F21939,PA,21.782,10.299,9.320427885303136,18.250261914702207,1
F22510,AM,16.152,9.146,6.895131924073914,6.464711781808554,0
F22548,PA,6.858,10.299,7.086576592480152,12.980689025540881,1
F23215,MT,9.754,12.198,10.266784470740655,13.829873129229068,1
F23483,PA,14.263,10.299,10.28742802997361,9.975326783011969,0
F23578,MT,7.275,12.198,9.032552597682324,10.151897514990875,0
F24155,AC,7.168,11.216,9.495996306602043,10.368794960691494,0
F25024,AM,9.234,9.146,7.94650589476318,11.878617045797267,1
F25041,PA,6.721,10.299,9.524511799822575,10.59296832392219,1
F25047,AM,6.365,9.146,8.579685302663265,10.434297661381915,1
F25143,PA,8.63,10.299,9.181513548260822,9.922444900283008,0
F25939,MT,18.917,12.198,8.002891136107023,11.078894658469276,0
F26180,AC,6.803,11.216,11.035479189967145,11.158479652473211,0
F26207,AM,1.516,9.146,8.427923130892772,14.946087675427071,1
F26698,PA,11.053,10.299,10.084534812982824,10.845344378529182,1
F26821,AC,6.793,11.216,10.667872248348935,13.503452920862784,1
F26836,AC,7.234,11.216,11.189701690271152,17.528804575125527,1
F26974,AM,28.987,9.146,9.12050488659475,24.62214873886278,1
F27267,AM,3.403,9.146,26.067980193042175,12.167466890409191,0
F27287,RO,6.201,10.836,10.795401049878596,16.187796708840338,1
F27810,PA,9.361,10.299,9.505770551877648,8.933960133894848,0
F28035,AM,8.152,9.146,8.116421115104194,12.435225671518719,1
F28276,AM,15.381,9.146,7.924508450575683,22.39888970168159,1
F28285,AM,22.821,9.146,8.716401488838514,22.922962704133212,1
F28575,PA,8.653,10.299,9.464447548447389,9.527707695640961,0
F28613,MT,8.047,12.198,8.702520325943421,16.805326293172538,1
F28801,RO,9.421,10.836,10.32306840980047,22.758336830584238,1
F28859,RO,12.343,10.836,9.274241932644232,10.052912346817864,0
F28919,MT,6.888,12.198,8.79237938467951,9.196376268685809,0
F28936,MT,9.729,12.198,9.629570666330011,14.940756075849501,1
F29197,MT,8.461,12.198,11.788908130779742,9.593588795924356,0
F29431,RO,8.565,10.836,10.224446143362902,23.32859144829236,1
F29618,MT,9.856,12.198,11.048842064006607,10.951147520659696,0
F29619,MT,6.183,12.198,9.947643549329177,12.051346448070243,0
F30328,MT,6.536,12.198,10.160364974926543,15.554234475037289,1
F31049,MT,6.703,12.198,11.492109955263198,15.211111531522578,1
F31353,MT,36.598,12.198,11.535079402283298,9.683186747337608,0
F31359,MT,18.805,12.198,9.138892970342683,13.248977435035927,1
F31593,PA,1.608,10.299,9.709158665460702,23.68295543857141,1
F31605,AM,7.105,9.146,6.511323650186303,12.743166139904815,1
F31617,AM,9.66,9.146,8.16994952715089,12.75320373595359,1
F31656,AM,9.515,9.146,6.821265570420292,13.19583968449977,1
F31705,AM,7.261,9.146,8.701299022946186,11.123206053797373,1
F31708,AM,7.507,9.146,7.61348098916599,15.140138350483554,1
F32262,AM,7.665,9.146,6.73504551944126,8.089169343702196,0
F32271,AM,13.025,9.146,4.868278514024855,10.418114553102688,1
F32332,AM,9.149,9.146,6.459351686073567,12.747997046480128,1
F32374,AM,6.633,9.146,6.219418447451793,12.313920224133584,1
F32802,AM,9.558,9.146,7.279166981303421,11.298746985737365,1
F33150,MT,10.206,12.198,11.431905232095952,14.268100812581615,1
F33279,MT,8.627,12.198,11.835402299083098,8.590786106947649,0
F33910,MT,7.288,12.198,12.001708278913922,11.329191957520843,0
F33912,MT,6.78,12.198,9.100470726629633,14.266930286527074,1
F33916,MT,7.296,12.198,10.366170859147363,17.965010122023337,1
F34669,AC,9.229,11.216,9.600964318769877,13.15197771611367,1
F34803,AC,19.039,11.216,7.8564716196710265,12.933277460789812,1
F34874,AM,16.479,9.146,8.467676569789775,18.531424824689644,1
F34885,AM,8.654,9.146,7.165470726390592,16.928767207270738,1
F34926,AM,6.536,9.146,7.896873096495836,15.014697435051099,1
F34937,AM,12.452,9.146,7.442936403101092,17.642970156507687,1
F34947,AM,10.781,9.146,6.773619689744758,9.562648072802517,1
F34987,AM,10.367,9.146,8.528849771758676,14.655298470882036,1
F35082,MT,15.624,12.198,10.983454052999988,18.56703792593563,1
F35104,MT,9.553,12.198,10.228960707691638,17.874387779281452,1
F35380,AC,8.283,11.216,10.214530257037023,6.289699573938052,0
F36311,MT,7.398,12.198,9.101608408472968,8.12046341344107,0
F36327,MT,14.824,12.198,11.021758638983824,8.530461270970624,0
F36399,AC,7.823,11.216,8.652306334242935,11.439251350648767,1
F37498,PA,16.421,10.299,9.413905725081737,10.187329039091647,0
F37548,PA,11.949,10.299,10.110176561291365,12.498157719443112,1
F38586,MT,15.758,12.198,12.13120200774068,10.13336287920764,0
F38927,MT,10.72,12.198,12.127814736655505,12.57055177727019,1
F39261,MT,65.211,12.198,11.313506300856076,14.36869528711121,1
F40119,MT,6.965,12.198,11.506853891678526,11.953464256552339,0
F41724,PA,10.808,10.299,8.840920673879927,9.180912767648723,0
F43024,AM,9.201,9.146,7.6834480500643885,14.105377289675683,1
F43025,AM,8.961,9.146,7.307282130901546,12.981705323596328,1
F43045,AM,12.017,9.146,8.792555700070048,8.102826566994784,0
RS0,PA,87.67,10.299,7.462178757555916,8.461350080691508,0
RS5,PA,10.079,10.299,8.056987950654904,10.998642200986145,1
RS6,PA,7.916,10.299,9.44546920619451,14.051897924993582,1
RS13,PA,29.741,10.299,8.688680225188076,12.893325804201794,1
RS14,PA,21.193,10.299,9.770303159245714,16.30020674989083,1
RS16,PA,8.81,10.299,8.335979708171747,19.04806471011592,1
RS19,PA,16.958,10.299,9.121116706906141,8.159728407877036,0
RS22,AC,8.789,11.216,9.826948142782628,7.5730318777821175,0
RS24,AC,7.206,11.216,8.671697409896572,11.505422625497179,1
RS30,PA,10.175,10.299,7.2443586226136905,11.077414157850441,1
RS33,PA,14.957,10.299,7.692673531115731,8.356168285966486,0
RS35,PA,483.53,10.299,9.269940901919826,11.049472833766947,1
RS36,AC,8.185,11.216,10.99414557530621,15.889703453948343,1
RS45,PA,7.699,10.299,7.485657371789611,18.102099989973595,1
RS48,AC,9.871,11.216,10.829828123329742,9.119014727942405,0
RS51,AM,8.521,9.146,7.484711353804377,11.67300288299466,1
RS54,PA,23.665,10.299,9.731740009463609,10.436527256853903,1
RS66,PA,29.963,10.299,10.21788698295971,12.71224135622686,1
RS75,AM,90.687,9.146,8.958396972865236,12.175851423391777,1
RS77,RO,24.32,10.836,8.32953532951736,13.53255256623554,1
RS82,MT,602.517,12.198,5.560434095188134,6.603774758492325,0
RS85,MT,29.862,12.198,11.820695966745951,11.996240580490294,0
RS89,PA,60.585,10.299,9.380134997103163,12.958721106207157,1
RS90,PA,22.321,10.299,8.043193755742232,12.74477028644732,1
RS92,PA,41.783,10.299,9.760923456670477,7.748723440340004,0
RS93,PA,233.008,10.299,5.804184767203625,5.907965645963891,0
RS95,PA,10.973,10.299,8.538821917372426,9.976436208533539,0
RS96,PA,40.388,10.299,6.097610245091058,7.814680162601906,0
RS97,AM,169.335,9.146,7.130327697342993,7.267777165362887,0
RS98,PA,17.792,10.299,10.008706361767391,10.99677582439529,1
RS99,PA,11.592,10.299,8.007589261001646,7.904716091469419,0
RS102,AC,8.233,11.216,9.44289160977426,16.300376822433524,1
RS104,PA,8.201,10.299,8.540288463456097,12.43920825707998,1
RS107,AC,6.661,11.216,9.915512148077367,11.617712235801122,1
RS111,RO,25.304,10.836,8.427106942090036,7.398199230318501,0
RS112,MT,19.797,12.198,7.645571553762201,13.52372247012095,1
RS120,PA,6.666,10.299,8.396758532542533,5.69372562214461,0
RS121,AC,9.256,11.216,10.012802482680728,8.00642284112972,0
RS122,AC,6.797,11.216,11.159744228318297,18.616029594003358,1
RS128,PA,105.732,10.299,8.804257397189573,8.649415198579096,0
RS129,PA,1005.797,10.299,4.871278587414124,7.692377560302639,0
RS133,PA,592.714,10.299,5.462669364627499,5.23635999126812,0
RS134,PA,144.588,10.299,7.034005441878289,8.732351917182147,0
RS136,AC,6.644,11.216,10.015667079333262,9.625073969876588,0
RS137,RO,10.708,10.836,8.214126005474442,17.55620993340242,1
RS139,PA,136.814,10.299,6.047744014958613,5.438984515887335,0
RS155,PA,55.073,10.299,6.933702267772127,16.565735185374354,1
RS156,AC,8.127,11.216,10.436834520522735,14.038640063074935,1
RS157,RO,50.337,10.836,6.160001164860118,16.036581119299125,1
RS158,AC,11.917,11.216,9.381829262458057,15.374675929630904,1
RS159,RO,20.951,10.836,6.185293957067679,6.393763009254954,0
RS162,AC,8.078,11.216,8.878544908789372,14.72143474532112,1
RS167,AC,9.69,11.216,10.624785872833286,8.76903516973508,0
RS169,AC,7.437,11.216,10.502711077034661,11.455208330466395,1
RS174,AC,11.786,11.216,10.916511910636057,7.2838130057291774,0
RS183,PA,285.295,10.299,7.238185311608969,8.362844276230279,0
RS188,RO,40.991,10.836,6.10323006297608,6.416413247255056,0
RS197,AC,7.975,11.216,9.997332633234254,11.17205918751249,0
RS199,PA,40.288,10.299,9.471044368988288,11.855447338222131,1
RS202,AC,17.562,11.216,9.778455547152587,9.438753548404566,0
RS208,AC,8.859,11.216,9.540296816126205,10.754371109048636,0
RS211,AC,11.399,11.216,9.076073241804915,12.380890639485312,1
RS214,MT,18.276,12.198,4.8858912647868555,11.53827358436016,0
RS219,PA,10.296,10.299,8.350302981370625,17.328338865344488,1
RS221,PA,19.873,10.299,9.678421047465369,13.259871626572776,1
RS222,PA,23.361,10.299,6.081692688955909,7.434331846033513,0
RS226,PA,51.553,10.299,8.129087421534809,11.064589697547495,1
RS229,PA,16.471,10.299,6.198421220609671,13.50825238174572,1
RS238,PA,8.516,10.299,9.975244102515614,16.737456015893734,1
RS241,MT,19.904,12.198,11.827020759562439,12.812019235685861,1
RS243,PA,35.656,10.299,9.70749723176755,12.908712149604916,1
RS244,PA,19.272,10.299,10.153784329637498,18.223950134314105,1
RS246,PA,9.187,10.299,7.746326494064506,8.479524708078896,0
RS249,AC,11.37,11.216,10.76994614462425,14.77523625758909,1
RS251,PA,21.471,10.299,5.417703451699888,7.684271024830646,0
RS257,RO,8.029,10.836,10.136449130755869,12.69170477575525,1
RS264,RO,10.12,10.836,10.329850681287876,9.932306362579558,0
RS265,MT,11.188,12.198,9.363924193600559,11.970259962222576,0
RS266,MT,10.601,12.198,7.787881970320041,14.03435610496294,1
RS268,RR,7.98,16.487,15.516132362228765,8.882169142351387,0
RS269,MT,6.639,12.198,8.434556890533022,16.433723349592192,1
RS270,PA,10.85,10.299,7.785043101404099,8.543446687883653,0
RS281,PA,8.776,10.299,9.87426257457971,17.133432988817166,1
RS288,PA,44.711,10.299,8.829457466233585,13.738774991718776,1
RS291,PA,6.639,10.299,8.031645676447004,12.2713610096947,1
RS292,RO,19.814,10.836,7.263657606398849,7.503773932794239,0
RS293,PA,27.113,10.299,8.149078437444375,9.19359479671171,0
RS294,PA,28.634,10.299,9.58898474768543,19.201973141798085,1
RS306,PA,10.888,10.299,10.161434459735604,13.090136739871811,1
RS307,PA,9.412,10.299,9.506683870733024,17.5282404594786,1
RS308,PA,62.663,10.299,8.908312544483259,9.421017373524453,0
RS310,PA,29.497,10.299,7.762408598756804,12.407431565209734,1
RS325,PA,15.133,10.299,8.991847150172363,12.185671497225355,1
RS331,PA,11.055,10.299,8.223780111900249,6.9998481572577855,0
RS335,AM,8.435,9.146,7.549811957065637,6.932512037674287,0
RS346,AM,45.292,9.146,7.145616888974942,6.890106324355266,0
RS347,AM,35.789,9.146,7.229724263605551,9.627564698815755,1
RS348,AM,68.635,9.146,6.658827397282112,6.595950574674429,0
RS350,AM,12.197,9.146,4.875046886709113,5.041421547256622,0
RS355,PA,7.75,10.299,7.872817684529605,6.134282014020749,0
RS356,AM,17.139,9.146,4.76216133669828,10.418305273223515,1
RS357,AM,68.3,9.146,7.102740589245477,6.927695975374874,0
RS358,AM,30.929,9.146,7.291103224819376,6.894075247277438,0
RS361,RO,27.242,10.836,7.905713346179537,7.280199589000301,0
RS362,RO,13.616,10.836,10.249541149116828,10.564768392650011,0
RS364,PA,52.883,10.299,5.548021364324618,5.917948213202686,0
RS365,PA,79.497,10.299,7.055016689001118,14.337772073729951,1
RS376,PA,16.064,10.299,9.639229464385144,9.947529083465662,0
RS381,PA,15.292,10.299,9.422416136962262,18.050528417720184,1
RS391,RO,28.437,10.836,6.214274055630832,8.215867270499803,0
RS393,AC,7.343,11.216,8.919412342607398,15.242130739827845,1
RS396,PA,10.069,10.299,9.090970910010828,9.748307892842057,0
RS397,PA,25.12,10.299,8.798524484960478,8.398542208598109,0
RS403,RR,133.555,16.487,15.840613849846878,13.29668651809514,0
RS406,AC,29.121,11.216,10.230852161277513,22.440095928020103,1
RS408,RR,6.541,16.487,8.989976154623138,18.109848818433093,1
RS409,RR,234.166,16.487,13.10015018093451,9.19100461742469,0
RS414,RO,30.372,10.836,9.969235041918898,11.009798380087362,1
RS416,MT,38.431,12.198,6.448967688726844,6.375285890386458,0
RS417,AC,9.317,11.216,10.21881050302703,10.174669834076303,0
RS418,RR,6.628,16.487,9.448954976207522,10.980554638959598,0
RS419,RR,14.093,16.487,8.255559770273747,8.112611748570865,0
RS420,RR,8.16,16.487,7.018724537186943,10.6937403015846,0
RS426,AM,7.208,9.146,7.9807697435586995,6.7959719177214355,0
RS427,AC,7.359,11.216,10.651937300261077,21.402650709265245,1
RS428,RO,51.009,10.836,9.468908916852914,13.579727338229954,1
RS432,AC,12.722,11.216,9.132259470532183,13.698277053307972,1
RS436,PA,245.527,10.299,5.930688516408493,7.544444425491289,0
RS445,MT,16.118,12.198,6.359507750993772,6.113854901547747,0
RS454,PA,8.729,10.299,8.89889418788521,16.907889391107588,1
RS455,PA,14.677,10.299,6.968435856341939,7.346912798527686,0
RS456,PA,13.398,10.299,8.447163616370963,12.049421889430008,1
RS486,PA,12.88,10.299,9.675211060900283,18.432489069949682,1
RS493,RO,64.002,10.836,5.49857261916558,5.894576330930657,0
RS495,RO,18.724,10.836,7.42951028646521,9.313125723913226,0
RS499,AM,24.656,9.146,6.554198408838987,11.349146262938373,1
RS500,PA,15.835,10.299,10.178604043966269,12.533608640703651,1
RS510,PA,12.865,10.299,10.070736453827632,10.76197625743695,1
RS521,RR,75.158,16.487,9.036943181288041,9.322751634585785,0
RS522,RR,48.036,16.487,11.155794407729514,11.264503294085578,0
RS523,RR,11.842,16.487,13.394506204370321,21.499232851313238,1
RS524,RR,7.075,16.487,11.751651688912018,20.570894944757146,1
RS525,RR,44.905,16.487,15.709647852281023,19.166949702823615,1
RS527,AM,92.074,9.146,8.081177151701942,11.685024183697262,1
RS532,AM,136.925,9.146,6.60984142392134,6.927672791350162,0
RS535,AM,8.372,9.146,9.064711559744964,7.763303056696332,0
RS536,RR,12.845,16.487,8.162040487051355,6.1476081829528075,0
RS537,RR,7.712,16.487,8.30412099297102,6.854856228294146,0
RS538,AM,29.61,9.146,6.8978667021771765,6.992715578746291,0
RS540,RR,21.564,16.487,11.24222385793952,12.383909920999198,0
RS541,RR,11.053,16.487,14.39318371910753,17.05868956735147,1
RS543,RR,6.388,16.487,14.910626205748374,25.737087376537932,1
RS544,RR,16.85,16.487,8.665668789374905,21.422928999264183,1
RS545,RO,35.139,10.836,7.084479328390737,10.546989015992809,0
RS546,AM,31.726,9.146,4.257806959336704,4.598993189852375,0
RS547,PA,22.987,10.299,6.863895376521998,8.292179385865106,0
RS549,RR,56.783,16.487,9.587878437402695,12.493920463386367,0
RS550,RR,14.333,16.487,12.645240010521915,17.218132895656986,1
RS551,RR,17.471,16.487,10.579170618577283,14.894356179611894,0
RS553,RR,9.988,16.487,11.581983053090402,9.510884781560446,0
RS556,RR,8.326,16.487,9.30364779585834,18.775358237501855,1
RS557,RR,8.215,16.487,10.914868418144355,17.18706734575534,1
RS558,MT,190.511,12.198,6.213077010446352,12.432946937217686,1
RS563,PA,6.575,10.299,9.156425554660803,11.311307116427525,1
RS564,PA,8.172,10.299,8.818738298763229,15.27424940676611,1
RS566,PA,15.407,10.299,7.374999221469515,7.53904095013865,0
RS569,PA,76.588,10.299,7.77104543547579,10.015870856615217,0
RS570,PA,9.315,10.299,8.617057948312933,9.327042269818735,0
RS572,PA,55.356,10.299,9.285681217314009,15.352811004379056,1
RS577,PA,83.641,10.299,7.936638897177838,7.949663411883687,0
RS578,PA,1263.367,10.299,5.928720719242149,7.589200006753028,0
RS586,AM,19.494,9.146,8.203550381693045,9.853662822994476,1
RS587,RO,13.132,10.836,10.647110547904745,11.791114652597445,1
RS588,RO,22.659,10.836,9.38103705929156,11.142497572395719,1
RS591,RR,26.047,16.487,12.727096472069992,12.8848531890257,0
RS592,RR,10.093,16.487,10.095055153206058,10.010976635837224,0
RS593,RR,10.965,16.487,8.170260353582503,14.043058416965595,0
RS594,RR,29.029,16.487,16.383225561933013,15.956472211666904,0
RS597,RR,15.915,16.487,6.511802267363499,11.01314335694927,0
RS599,RR,20.229,16.487,13.615867256947258,10.653567349151107,0
RS600,RR,101.673,16.487,7.423820379338082,11.0053294674518,0
RS601,RR,10.505,16.487,8.468627410673548,11.359479143052589,0
RS602,RR,48.765,16.487,8.115312079531988,20.136389821846564,1
RS603,RR,7.944,16.487,14.136024049689448,18.746863919687616,1
RS604,RR,7.459,16.487,6.3843723137061055,6.623006877667814,0
RS605,RR,8.295,16.487,9.661587335559387,10.669957360303131,0
RS606,RR,9.415,16.487,9.63909780653171,20.044774851624588,1
RS607,RR,10.067,16.487,9.637945061287503,23.00076075768456,1
RS610,PA,188.232,10.299,8.499894403748277,12.963670729059746,1
RS612,RR,10.007,16.487,14.506497284342444,14.501981911028667,0
RS613,PA,193.334,10.299,6.21384340440537,8.391484009536724,0
RS615,PA,99.102,10.299,7.136471577343773,15.356180134204704,1
RS619,PA,285.037,10.299,8.808527624240796,8.050351279999555,0
RS621,RO,7.99,10.836,7.0451274952046505,8.415389795282227,0
RS622,RO,55.758,10.836,6.373445291625103,8.66906483576966,0
RS624,RO,14.189,10.836,7.936665378488897,10.159291026791834,0
RS635,MT,26.656,12.198,11.77283935697093,17.095576582237697,1
RS637,MT,57.627,12.198,7.137334071620718,8.0045740694284,0
RS645,PA,14.35,10.299,7.096959695180125,7.911476392227704,0
RS649,PA,849.966,10.299,5.968027776132576,11.0703040069761,1
RS650,PA,36.872,10.299,9.444523196794544,13.137079048648006,1
RS654,PA,10.499,10.299,6.9593098274070355,6.422740029870472,0
RS658,PA,128.652,10.299,6.791161666877875,7.080190847112761,0
RS659,PA,14.361,10.299,8.099130198367478,9.481801396795392,0
RS660,PA,39.857,10.299,8.666917075561447,13.087986486652168,1
RS662,PA,83.344,10.299,8.874252615527508,13.170325778885996,1
RS667,AM,12.165,9.146,5.041465155289588,4.387668964934991,0
RS672,AM,41.426,9.146,7.077628678218099,14.876224652635338,1
RS673,RO,15.326,10.836,10.285512958240513,10.299816480487388,0
RS675,MT,24.238,12.198,8.090680047309219,9.329186136452627,0
RS682,RO,21.214,10.836,8.18318756798894,18.308424225452026,1
RS688,PA,40.496,10.299,7.940579911442888,9.489587380248306,0
RS689,PA,88.05,10.299,7.407226268229647,15.909721519733738,1
RS691,PA,26.128,10.299,8.366027423267466,11.317107983147096,1
RS692,PA,57.58,10.299,10.233644443726256,15.334912317547387,1
RS693,PA,13.151,10.299,9.16311276494271,16.676866424190152,1
RS694,PA,83.051,10.299,10.070394563555203,11.637540737511427,1
RS695,AM,13.448,9.146,8.661549063996155,14.07012094150377,1
RS699,RO,16.856,10.836,7.3239811245669895,11.320319031901,1
RS700,AM,25.371,9.146,4.461609852134603,4.797802912553603,0
RS711,RR,16.869,16.487,12.704825266967177,17.341063878179554,1
RS712,RR,25.638,16.487,9.778900379699179,21.67235615492921,1
RS713,RR,8.536,16.487,10.658607970003574,12.618175416030033,0
RS714,RR,38.088,16.487,10.75704757054778,14.937066967498627,0
RS715,RR,7.065,16.487,12.391475194273728,11.107137186578612,0
RS716,RR,42.438,16.487,10.309945245757238,15.693397943780445,0
RS717,RR,26.475,16.487,10.619739609710521,14.826177224865637,0
RS718,RR,25.477,16.487,13.580870877011547,15.97799501384806,0
RS720,RR,10.308,16.487,15.58511760069264,20.377805934134162,1
RS721,RR,17.619,16.487,14.357117162445535,21.338816770503513,1
RS723,RR,6.677,16.487,12.95530127176603,19.992859108774777,1
RS724,RR,8.664,16.487,13.073613960089437,16.218769601501148,0
RS725,RR,24.118,16.487,9.36170993444381,11.091073221969578,0
RS726,RR,7.846,16.487,16.209020950751743,13.70962130190383,0
RS727,RR,19.225,16.487,13.258900113427945,15.978022142087408,0
RS728,RR,9.754,16.487,14.021549696628298,16.518674380435925,1
RS730,RR,18.3,16.487,14.48607176079986,15.34565728167564,0
RS732,PA,190.846,10.299,9.0448376545696,10.301197117083372,1
RS738,PA,72.254,10.299,8.185457435659515,10.935675852443117,1
RS739,PA,284.902,10.299,8.205359042311514,8.133449663334964,0
RS741,MT,10.636,12.198,8.474024792289496,10.603734025959463,0
RS744,AM,16.266,9.146,7.451621293757303,9.049537067106705,0
RS747,AM,15.599,9.146,8.158654179167627,13.279734647222249,1
RS748,AM,134.684,9.146,6.465740904283657,10.50695735003924,1
RS750,AM,149.278,9.146,5.616843773876277,17.217488997512977,1
RS752,AM,77.69,9.146,4.6970460674385315,4.906336392174396,0
RS753,AM,65.517,9.146,7.827876207896535,22.463573344390454,1
RS754,AM,79.344,9.146,6.781670787042616,11.572013884406458,1
RS755,AM,33.098,9.146,8.025191193510473,26.01380254959463,1
RS756,AM,69.812,9.146,4.887027321036541,4.879752386343426,0
RS757,AM,75.5,9.146,4.901543514166035,10.393547012574661,1
RS761,MT,43.544,12.198,11.756758780443011,12.713037515269338,1
RS762,MT,108.119,12.198,8.394549319563918,5.679336093053198,0
RS771,PA,40.342,10.299,5.582685330569303,5.801533488833879,0
RS778,RO,30.471,10.836,9.810997074550313,13.221967945511086,1
RS780,MT,255.672,12.198,5.3483458049356765,7.496296174305826,0
RS783,PA,28.465,10.299,9.936501268121646,11.105693581390257,1
RS786,PA,91.145,10.299,10.294565640736469,10.50407696218078,1
RS789,PA,23.573,10.299,7.7944152840805865,10.097477981659603,0
RS793,AM,9.177,9.146,8.202749991799868,27.4435443772757,1
RS794,AM,47.547,9.146,6.644085638589399,7.426235081253989,0
RS797,AM,21.208,9.146,4.2910604835031485,3.7714294756253333,0
RS798,AM,124.368,9.146,7.4463938948401465,8.078207638074492,0
RS799,AM,173.171,9.146,7.920141989529829,9.576610613934346,1
RS800,MT,37.84,12.198,8.914115370414393,11.820138198275925,0
RS801,RO,8.514,10.836,9.37610713225462,10.755105845186955,0
RS802,MT,16.204,12.198,11.808751522619826,13.105047526603705,1
RS803,AM,26.98,9.146,6.341745503567673,7.765829277516155,0
RS805,MT,104.537,12.198,6.36860172570618,11.842520415027863,0
RS814,PA,13.416,10.299,9.426792884269712,10.816652856215047,1
RS822,PA,29.795,10.299,10.169020611363868,7.851091595775583,0
RS827,PA,54.621,10.299,7.691166906069114,12.995321277270623,1
RS837,AC,7.335,11.216,9.682269032425445,18.04052580582833,1
RS840,AC,16.396,11.216,11.207267012233544,16.819931230993966,1
RS843,AM,13.591,9.146,8.897336083806545,15.188008192579028,1
RS846,RO,29.159,10.836,8.284713576547196,17.335020564993712,1
RS850,MT,41.412,12.198,8.556124947896125,12.379245442895607,1
RS853,MT,45.181,12.198,7.975824718866045,6.0094283622553,0
RS863,MT,29.364,12.198,12.180828785864092,14.554141558097946,1
RS864,RO,11.032,10.836,8.323922787762736,12.979096462530144,1
RS868,AC,6.505,11.216,9.046310823111488,14.251685124818495,1
RS870,AM,53.818,9.146,8.328300347763141,14.86222870916593,1
RS871,AM,22.135,9.146,8.731853857169176,16.049505489300035,1
RS872,RO,20.93,10.836,6.189771190461865,6.25210520751485,0
RS880,AM,72.653,9.146,8.079088292077861,9.14217231180008,0
RS881,RO,91.02,10.836,8.645402759647212,12.331152964239715,1
RS886,RO,33.287,10.836,9.867469774808448,8.544672365596853,0
RS887,RO,9.623,10.836,5.77155918724395,8.857642546473585,0
RS894,RO,35.107,10.836,8.869317063878537,9.88615752708752,0
RS895,RO,18.417,10.836,8.932661903138568,7.523029144367247,0
RS897,AM,84.615,9.146,6.991451650394791,9.640133199631975,1
RS899,AM,38.871,9.146,8.768978180423797,13.220461535699501,1
RS901,MT,77.426,12.198,7.083823606077774,21.78593112593821,1
RS902,MT,10.525,12.198,11.94291636272859,15.349745844541928,1
RS904,PA,28.274,10.299,6.574559575519302,7.262575862494649,0
RS908,PA,17.831,10.299,9.39623884408689,10.511223524490143,1
RS909,PA,181.287,10.299,7.325029303197753,9.283841512507806,0
RS913,PA,45.358,10.299,9.285487219359148,10.18989005311555,0
RS924,RO,10.101,10.836,9.123668391963749,9.849082722174401,0
RS925,RO,27.295,10.836,7.705720104087861,6.812839088917196,0
RS926,RO,12.479,10.836,10.693050887937538,9.588476460156837,0
RS929,AM,17.242,9.146,8.498239700889153,20.54335136158136,1
RS934,AM,23.779,9.146,6.773940447429357,7.7853007221800015,0
RS958,MT,24.575,12.198,8.92108887189663,21.77835280664931,1
RS959,AM,17.811,9.146,9.049144849361987,11.916897889180525,1
RS962,PA,74.658,10.299,7.93730264008761,7.694166632117037,0
RS969,PA,128.769,10.299,8.90146070949983,10.924605104303518,1
RS970,PA,78.335,10.299,7.975383826110251,18.352436920061372,1
RS971,PA,12.237,10.299,7.8055440614118465,13.860456279046923,1
RS972,PA,80.898,10.299,7.931968750516952,10.159788123639244,0
RS973,PA,364.236,10.299,8.418174405444313,9.303068430999156,0
RS974,PA,68.081,10.299,10.28532552403206,17.703989733580944,1
RS975,PA,36.7,10.299,8.869738873339271,9.880384891840938,0
RS977,PA,110.967,10.299,7.426056288447045,14.756756698812358,1
RS978,PA,50.362,10.299,8.423485257621685,7.537916366608885,0
RS981,PA,24.192,10.299,10.211913418594094,13.976684565206094,1
RS985,PA,45.166,10.299,6.484870355501891,10.222464948434519,0
RS1030,AC,13.632,11.216,10.796374470245519,12.630709205093597,1
RS1031,AC,17.211,11.216,8.565400694413384,14.599661493299315,1
RS1040,PA,8.522,10.299,7.450337454328589,16.360696508556348,1
RS1041,PA,10.148,10.299,9.359633400461929,12.111027789865776,1
RS1047,RO,10.91,10.836,8.266643163930036,10.407360240792066,0
RS1048,RO,51.866,10.836,6.596792962956677,14.52834786417432,1
RS1052,AM,19.398,9.146,6.629106497802696,8.65367401382422,0
RS1055,MT,292.33,12.198,6.132339173467301,7.37102277563682,0
RS1056,RO,33.566,10.836,7.322191884911187,8.199771530190501,0
RS1057,PA,14.283,10.299,7.998986454793663,14.505592688395954,1
RS1061,PA,60.113,10.299,6.781730530738647,9.900254097095523,0
RS1064,MT,15.883,12.198,8.596662120708915,8.502590206879418,0
RS1073,PA,14.294,10.299,9.908108970266696,14.101203654557875,1
RS1087,RO,20.474,10.836,7.742818332319094,14.6505696507829,1
RS1088,RO,29.834,10.836,8.135858636755271,16.577134498979365,1
RS1093,AM,15.846,9.146,6.669030958426088,21.795440124356357,1
RS1097,AM,32.193,9.146,6.083642623388229,11.822553441156918,1
RS1099,AM,61.188,9.146,6.860423465875921,20.79629692907273,1
RS1101,AM,206.352,9.146,5.970729112560138,15.987455405757059,1
RS1102,AM,12.645,9.146,7.376993886903339,10.523700217195001,1
RS1120,PA,28.854,10.299,7.06100942804595,8.611372091733177,0
RS1121,PA,19.757,10.299,10.173634334977919,9.438437216500587,0
RS1137,PA,13.096,10.299,10.030994437165011,11.88222226631293,1
RS1138,PA,80.698,10.299,9.841734534108316,10.746420470242288,1
RS1144,PA,28.762,10.299,8.791293361483072,8.300845656633713,0
RS1147,PA,132.989,10.299,9.82640187886526,10.644254315326238,1
RS1153,AC,11.256,11.216,10.328187766733356,17.072517503859693,1
RS1171,RO,10.574,10.836,9.943211795359927,8.694452826226176,0
RS1175,RO,10.352,10.836,10.172178673995932,6.47803682969177,0
RS1177,RO,24.766,10.836,10.758224302010078,10.356188558830581,0
RS1178,AC,10.452,11.216,9.965434188038612,19.605349139550878,1
RS1184,RO,12.568,10.836,9.357178387382909,9.989904707748153,0
RS1196,RO,22.038,10.836,8.534444352348531,10.330563274361788,0
RS1199,AM,14.541,9.146,8.726940344339873,12.040807224345505,1
RS1220,MT,20.361,12.198,9.57625898157294,23.708832392105062,1
RS1229,MT,31.503,12.198,6.623079696679195,12.588400333887364,1
RS1230,AM,6.22,9.146,8.346819977892133,5.426180176453003,0
RS1231,AM,11.46,9.146,8.938653691304099,15.426612680041748,1
RS1232,AM,388.849,9.146,8.406344246643352,8.37752863879585,0
RS1236,PA,18.558,10.299,9.96432741014572,14.652669261639723,1
RS1248,RO,7.419,10.836,9.899276257590564,9.197280456502652,0
RS1255,AM,14.523,9.146,6.137912317303708,5.137255739002307,0
RS1258,AM,60.832,9.146,5.159936515806527,10.092046776836796,1
RS1260,AM,58.752,9.146,8.726136141327888,10.353264156731054,1
RS1267,RO,25.966,10.836,6.388801245929538,6.114898431202163,0
RS1271,PA,162.802,10.299,6.921475618089174,11.464529873966885,1
RS1272,MT,48.833,12.198,11.233085116025652,10.28328364273629,0
RS1274,PA,62.546,10.299,9.408096621711536,11.062283518086712,1
RS1284,RO,14.057,10.836,9.964839485483687,9.522191246401935,0
RS1285,RO,8.586,10.836,8.067807598946347,8.302926347436438,0
RS1288,MT,13.479,12.198,11.282711820957058,16.483633477492585,1
RS1294,PA,19.625,10.299,9.358964999405574,15.64470857080311,1
RS1297,AC,45.4,11.216,7.5478924400559855,11.85103200231715,1
RS1312,PA,22.836,10.299,7.433650164561655,6.555108264843081,0
RS1316,PA,55.776,10.299,9.2282306574477,9.5056380617032,0
RS1322,PA,127.143,10.299,7.696875601680034,9.846199812263688,0
RS1325,PA,28.041,10.299,8.088849951058988,11.089298062823348,1
RS1331,PA,15.655,10.299,7.877665465716004,12.176426192222005,1
RS1336,PA,6.371,10.299,10.214376526798194,11.789518660806527,1
RS1353,PA,38.857,10.299,10.213937029105182,10.360109223071495,1
RS1356,PA,14.047,10.299,6.964724685784249,9.115601295942325,0
RS1357,PA,6.391,10.299,6.960771773974379,12.694505735525695,1
RS1358,PA,43.669,10.299,8.275473248474379,9.820071496576977,0
RS1360,AM,10.734,9.146,7.498982335403935,7.343316060816821,0
RS1361,AM,18.706,9.146,7.590424302747493,7.379183942190766,0
RS1362,AC,8.101,11.216,10.76355309628579,18.44703459796265,1
RS1371,AC,12.656,11.216,9.455091108035838,13.678549092051066,1
RS1372,AC,7.436,11.216,9.148660384294944,8.380211484878057,0
RS1378,MT,10.273,12.198,8.66056297888351,7.685493222591843,0
RS1381,PA,33.837,10.299,8.665068076525962,10.742775940825206,1
RS1382,PA,639.021,10.299,7.277305672379845,8.11737908242543,0
RS1388,AC,7.925,11.216,9.209169377996544,15.617683229579614,1
RS1392,AC,16.326,11.216,11.192417154956336,14.5474923106841,1
RS1400,RO,34.628,10.836,7.1105476762389515,10.711383337565495,0
RS1401,RO,10.787,10.836,8.547606048272998,8.724099577413265,0
RS1402,RO,30.674,10.836,5.674506253595768,5.8660557877833,0
RS1421,PA,21.29,10.299,10.121838658960103,11.528743917833603,1
RS1440,PA,42.967,10.299,10.25385494471298,8.161943844613903,0
RS1443,PA,30.471,10.299,9.108789961564234,11.558456368999657,1
RS1445,PA,27.252,10.299,7.8274265981202165,10.567871849413065,1
RS1447,PA,30.243,10.299,9.075482032782316,9.581397418708049,0
RS1449,PA,43.2,10.299,7.5881224209428835,9.649101113610744,0
RS1451,PA,8.608,10.299,9.023675044317612,12.934818906883578,1
RS1476,PA,11.951,10.299,7.623278880447238,9.897752715953846,0
RS1478,AC,12.006,11.216,7.7766159690959995,12.886321151595016,1
RS1490,MT,9.213,12.198,10.916461654944145,9.998940555240964,0
RS1491,AC,23.732,11.216,10.419476229016439,11.797361321990099,1
RS1498,AC,49.651,11.216,8.3575247653845,15.196054919968143,1
RS1499,AC,12.423,11.216,10.743757947168223,16.1495889598804,1
RS1500,AC,49.875,11.216,10.69609866270012,16.06595471079568,1
RS1502,AC,8.638,11.216,9.796644861808407,12.723217217513662,1
RS1519,AC,26.365,11.216,8.823977613164725,12.599111012169931,1
RS1524,AM,133.185,9.146,7.393504264548196,10.884360577600198,1
RS1530,AM,108.897,9.146,8.995568751361184,12.952358528271942,1
RS1541,RO,8.476,10.836,9.872196930131942,11.914008201303705,1
RS1542,AM,7.896,9.146,7.5638167689942835,7.250821230679063,0
RS1543,MT,19.957,12.198,5.950768636188242,15.724993804840885,1
RS1545,AM,19.04,9.146,5.085983053943488,7.733710041449337,0
RS1546,AM,15.255,9.146,8.822157852621567,27.005229622692525,1
RS1549,RO,6.41,10.836,9.65621342403342,10.210279697119926,0
RS1573,AC,6.651,11.216,10.040238450034941,18.09802872228273,1
RS1596,RO,22.913,10.836,8.648027599828653,14.007026262840117,1
RS1597,AM,22.008,9.146,6.356963553157371,10.58264824852509,1
RS1599,MT,8.878,12.198,6.347994670877402,18.689738829949672,1
RS1601,PA,15.987,10.299,9.551023874644299,16.217351831755256,1
RS1607,AC,9.173,11.216,10.031755549641224,18.620011690551735,1
RS1609,AC,24.255,11.216,8.27553740207148,8.8846960988393,0
RS1623,AC,10.32,11.216,10.24389413945209,11.290923154806816,1
RS1624,RO,14.173,10.836,8.250241326284446,10.778188722802817,0
RS1628,MT,12.498,12.198,6.991756281005133,12.081759376712279,0
RS1630,RR,17.6,16.487,9.420416124029613,15.50525979042038,0
RS1633,PA,22.592,10.299,9.608807268992866,10.971102700121273,1
RS1637,RO,12.472,10.836,8.70320275212361,15.274443715483972,1
RS1646,RO,17.057,10.836,8.318064520267672,8.854038556731181,0
RS1649,PA,10.721,10.299,7.299355402613628,9.404529082136142,0
RS1650,PA,11.229,10.299,8.008950636037703,9.448799388655594,0
RS1678,MT,40.379,12.198,9.737011333189425,7.965211410500711,0
RS1679,RO,9.42,10.836,7.962424442502748,6.618811447072952,0
RS1680,RO,28.795,10.836,10.798927678948672,11.58499421824691,1
RS1689,PA,55.788,10.299,7.528610866592,9.75201665753602,0
RS1690,RO,14.957,10.836,9.443234926018215,17.09355869304739,1
RS1694,AM,23.357,9.146,8.460263254672517,16.4771672528674,1
RS1701,PA,52.546,10.299,8.532319138799815,9.033552089866426,0
RS1707,PA,19.616,10.299,9.454811562770335,15.805316321021955,1
RS1714,MT,13.98,12.198,8.079315713065332,16.125478307175083,1
RS1718,PA,10.466,10.299,8.16156822653967,10.04321546962976,0
RS1724,MT,33.583,12.198,11.042380337227971,15.636429042980785,1
RS1725,MT,21.382,12.198,10.727142761035338,18.147821238427998,1
RS1735,PA,149.771,10.299,7.8607629007996165,11.032953229921192,1
RS1737,AC,7.905,11.216,8.213168498654,13.539071594651421,1
RS1742,AC,6.743,11.216,10.940602983044123,14.941832217634532,1
RS1743,AC,36.01,11.216,10.991712374403287,12.259607626593077,1
RS1748,AC,26.513,11.216,7.611887333469352,15.218144367330154,1
RS1756,AC,6.705,11.216,9.762799776589395,8.231088761271975,0
RS1760,AC,8.817,11.216,8.584423218733008,9.076154882958628,0
RS1772,AC,6.716,11.216,9.415470358537839,12.123797473488239,1
RS1788,PA,6.81,10.299,7.813895789378887,6.627600598847847,0
RS1789,RO,22.275,10.836,6.3032812795315145,6.53651462176408,0
RS1800,AM,8.535,9.146,8.52307436290909,5.531033395986809,0
RS1801,RO,10.913,10.836,9.460179065156826,16.17840651996893,1
RS1802,RO,20.878,10.836,10.04733269792819,13.17376128913046,1
RS1803,RO,13.792,10.836,7.638846149441094,9.03219346118267,0
RS1811,AM,9.162,9.146,8.638650750089797,10.645539369612601,1
RS1834,PA,22.79,10.299,8.824216855373876,11.038047871855474,1
RS1849,AC,6.548,11.216,9.164764838202514,13.172098185643094,1
RS1853,AC,9.5,11.216,8.216212421301165,10.49518240471544,0
RS1854,AC,6.497,11.216,10.925201113534746,13.137200082441828,1
RS1859,AC,11.115,11.216,10.955986934102453,19.570356726495937,1
RS1874,AM,13.334,9.146,8.183963343457178,12.795046003053736,1
RS1899,PA,51.216,10.299,7.10134460316523,6.832103326477925,0
RS1901,PA,44.736,10.299,7.644320595500185,21.36466178294978,1
RS1936,PA,104.905,10.299,8.313890480034663,13.479309182473722,1
RS1945,PA,22.315,10.299,7.485932143826561,8.713500762204836,0
RS1948,PA,71.81,10.299,7.149878314789823,10.500150848035082,1
RS1949,PA,10.267,10.299,9.789545607482879,7.120870634854641,0
RS1950,PA,37.792,10.299,8.904017979102886,10.687218563082862,1
RS1951,PA,64.013,10.299,7.485763553991239,7.477458630173837,0
RS1999,MT,22.668,12.198,11.685269246220194,14.865944380134062,1
RS2000,PA,8.161,10.299,10.063729392741482,9.213081107164408,0
RS2005,PA,8.143,10.299,9.89072803994458,5.964249626209219,0
RS2053,PA,15.634,10.299,10.147400205621853,11.394363570765027,1
RS2058,RO,14.82,10.836,10.473894099616222,29.123909190170085,1
RS2080,RO,14.44,10.836,7.623857674972135,8.024052088301248,0
RS2092,AM,10.213,9.146,5.4956469028411945,5.61747269706972,0
RS2099,AC,10.274,11.216,8.20609185487121,9.910339331383723,0
RS2111,AM,9.944,9.146,6.375539635991181,4.9427466629679655,0
RS2121,PA,39.133,10.299,8.517254238712445,7.643128814933848,0
RS2135,RO,13.54,10.836,6.907775555680729,5.496007092874744,0
RS2136,AM,15.596,9.146,8.087104664548589,10.43926716507471,1
RS2150,AM,17.135,9.146,5.788712305194696,9.69251044193136,1
RS2154,PA,51.115,10.299,8.059794397709846,8.146930751734901,0
RS2161,PA,6.541,10.299,9.71395955951136,7.062477029236765,0
RS2173,PA,22.198,10.299,8.699798224645141,14.296411100189626,1
RS2190,PA,9.995,10.299,9.237544617362511,7.988403712048348,0
RS2192,PA,33.892,10.299,7.562510277616807,15.68198403389863,1
RS2195,PA,33.314,10.299,9.807482226474052,11.310652006747523,1
RS2200,PA,13.921,10.299,10.296210195897832,13.513474524223334,1
RS2209,PA,14.457,10.299,7.625272564564414,6.8422196075734245,0
RS2212,RO,56.767,10.836,7.914790234053589,7.439043367855658,0
RS2216,RO,8.45,10.836,8.201923598300532,16.933304977040564,1
RS2220,PA,25.807,10.299,8.953205322157668,9.232852022904545,0
RS2222,AC,7.0,11.216,9.096668599557606,15.424744460267187,1
RS2224,AC,8.593,11.216,10.988578766369612,14.154689069177735,1
RS2231,AC,7.229,11.216,10.130988150004402,10.161383143898265,0
RS2233,AC,17.763,11.216,9.395130675622068,10.710966589402522,0
RS2242,PA,552.567,10.299,7.831560301679821,8.263437398701637,0
RS2246,MT,82.168,12.198,8.51592015277731,16.33971936715314,1
RS2247,PA,134.991,10.299,7.224988389435285,10.488633555335108,1
RS2248,PA,247.948,10.299,7.764302861133688,12.2480260123655,1
RS2252,PA,11.687,10.299,9.815045595573874,10.713881483100833,1
RS2256,PA,34.539,10.299,8.133945808314577,11.76108811158183,1
RS2257,PA,21.742,10.299,8.022230925441413,13.188176104103187,1
RS2259,PA,68.209,10.299,7.753774348587506,12.84578312322752,1
RS2260,PA,54.176,10.299,6.681795789238705,7.751894956653479,0
RS2261,PA,23.295,10.299,8.707103344563864,10.239432476235306,0
RS2264,PA,6.944,10.299,9.984686849157246,20.921484026488358,1
RS2276,MT,17.34,12.198,8.846291945681603,13.082295252373607,1
RS2277,PA,35.714,10.299,7.884793008250129,10.239654770659365,0
RS2278,AC,11.109,11.216,10.288677360933278,18.19229116879749,1
RS2281,MA,8.586,14.219,13.279301951388398,14.9904155640226,1
RS2285,RR,27.294,16.487,8.238789686795796,9.839774783716145,0
RS2286,RR,44.113,16.487,10.207122116938736,12.54362448697948,0
RS2289,PA,11.373,10.299,8.909019346972476,7.757631974619356,0
RS2301,PA,12.286,10.299,8.046396709153944,9.328418275472588,0
RS2302,PA,15.598,10.299,9.279887122729773,12.800049881571363,1
RS2303,PA,18.122,10.299,9.821435649803936,17.272768020344675,1
RS2308,PA,18.661,10.299,9.052700264765438,9.78263028587701,0
RS2311,PA,11.293,10.299,9.394296607781314,12.788739362607467,1
RS2314,PA,21.672,10.299,7.35944270484032,10.00937477225187,0
RS2317,MT,11.068,12.198,10.2028526830426,21.135709530023,1
RS2328,AM,10.708,9.146,9.090258954176996,11.78467564034812,1
RS2331,PA,46.618,10.299,9.883013784005254,13.29821149280711,1
RS2337,AC,8.101,11.216,10.286616652076695,10.080374415199978,0
RS2338,PA,14.135,10.299,8.914791960900086,11.72888961250438,1
RS2353,AM,16.179,9.146,7.856759468026979,6.587300720156733,0
RS2362,RO,28.878,10.836,8.208769529148036,8.900137966742799,0
RS2365,RO,23.79,10.836,9.29606338340231,12.41478838146296,1
RS2368,MT,8.152,12.198,6.590570038821203,6.883597303560886,0
RS2375,AC,7.966,11.216,11.170089034903791,18.88603239662135,1
RS2384,RO,16.313,10.836,10.391247057602966,21.532390234680932,1
RS2392,AC,15.32,11.216,10.344120554414246,10.723857261156315,0
RS2396,AC,29.286,11.216,9.897171973083836,9.6608393622233,0
RS2402,AM,16.717,9.146,7.3357489842326125,9.284754563003697,1
RS2404,PA,32.771,10.299,8.802639804156767,15.905333386702738,1
RS2405,AC,8.505,11.216,9.898380744233195,17.58016907551079,1
RS2409,AM,26.95,9.146,8.044311976643224,14.702696090623363,1
RS2415,AC,19.551,11.216,11.093308672388927,22.80657815374377,1
RS2416,AC,43.146,11.216,7.240856138047085,10.543645087007494,0
RS2417,AM,24.743,9.146,9.097264424173469,9.67022095125429,1
RS2420,AC,11.477,11.216,11.040182671069932,16.40797914457061,1
RS2425,PA,50.097,10.299,8.372034683717139,7.5441755593104665,0
RS2427,PA,17.479,10.299,9.325533464010608,14.163556634096789,1
RS2439,RO,20.04,10.836,10.557438074796083,13.149813119773635,1
RS2440,AC,9.652,11.216,10.202880589435258,21.06018334660407,1
RS2444,AM,54.946,9.146,7.016375770453618,13.475392606172159,1
RS2445,RO,59.953,10.836,9.229220037241062,15.886227108999751,1
RS2450,AM,69.225,9.146,8.405314906020998,6.506170776011842,0
RS2452,PA,23.509,10.299,9.31299421894632,9.751836752173345,0
RS2455,RO,11.086,10.836,7.650931901482299,9.255812661390179,0
RS2465,AM,33.973,9.146,8.240488865649203,14.761865593461245,1
RS2466,PA,63.621,10.299,8.19675214706788,8.083926873056761,0
RS2473,PA,111.947,10.299,8.147363373744898,14.89724577729853,1
RS2483,AC,13.054,11.216,9.37833756331157,9.970095224544693,0
RS2501,AC,13.132,11.216,9.310126737466764,9.861206212033512,0
RS2507,RO,12.919,10.836,9.399474701983953,9.257810163467967,0
RS2508,RO,36.835,10.836,7.34411914720129,9.57581237958397,0
RS2518,MT,47.012,12.198,8.527553140601361,7.605753341082664,0
RS2519,AM,16.081,9.146,7.080643743348654,7.975201350571036,0
RS2522,AC,9.432,11.216,10.46862495723446,10.663680548872986,0
RS2529,AC,11.803,11.216,10.011294814063133,12.579596739210922,1
RS2532,PA,38.599,10.299,7.154506568146668,7.054954884591185,0
RS2538,PA,44.995,10.299,8.54264501827534,15.924980872498782,1
RS2550,RO,32.025,10.836,6.895838319685485,16.523791748211107,1
RS2551,PA,14.793,10.299,7.695512989107719,12.091808783955994,1
RS2552,PA,28.967,10.299,9.855915098235942,9.878816944625033,0
RS2555,AC,18.907,11.216,8.507799729151037,17.265981203884373,1
RS2564,RO,12.402,10.836,9.791604039943454,14.02973071350725,1
RS2567,RR,61.499,16.487,11.60240782556843,24.32768634800217,1
RS2568,RR,9.246,16.487,12.64508526207049,23.63079121503949,1
RS2587,AC,8.65,11.216,10.934853291190551,10.428692274281016,0
RS2588,AC,8.631,11.216,10.021721966973406,9.059884518950014,0
RS2590,AM,8.601,9.146,8.806516373043035,18.54385514764539,1
