event_id,region,in_custom_box,lon,lat,area_ha,classname,view_date,alert_code,image_before,image_after,bracket_days,bracket_mid,event_month,overlap_frac,ang_mean_deg,ang_npx,tau_deg,registered,clear_post,clear_total_2021,radd_date,radd_latency_days,block
A_0,A,True,-55.99521940108683,-5.193314371603654,17.672623926064187,DESMATAMENTO_CR,2021-07-31,396745,2021-06-29,2021-08-21,53,2021-07-25,7,1.0,39.17693050740552,1705,11.393369413289843,1,9,19,,,-112_-11
A_1,A,True,-56.16930280583616,-5.1370428591470265,14.566008948258963,DESMATAMENTO_CR,2021-07-26,396552,2021-06-30,2021-08-12,43,2021-07-21,7,1.0,47.943714756185415,1404,11.393369413289843,1,12,27,2021-09-01,41.0,-113_-11
A_2,A,True,-56.00087420977012,-5.192423635057472,14.221564167614467,DESMATAMENTO_CR,2021-07-26,396745,2021-06-29,2021-08-21,53,2021-07-25,7,1.0,38.09377241641491,1298,11.393369413289843,1,11,23,,,-113_-11
A_3,A,True,-55.99907379497626,-5.19513455532926,12.039154457890243,DESMATAMENTO_CR,2021-07-26,396745,2021-06-29,2021-08-21,53,2021-07-25,7,1.0,41.12796504322839,1159,11.393369413289843,1,9,22,,,-112_-11
A_4,A,True,-56.1558305064782,-4.776655516293677,10.415092147053405,DESMATAMENTO_CR,2021-06-27,347346,2021-05-28,2021-07-19,52,2021-06-23,6,1.0,39.51790849543263,968,11.393369413289843,1,14,20,2021-07-27,34.0,-113_-10
A_5,A,False,-56.11813379593935,-5.233824149747282,23.850192990165763,DESMATAMENTO_CR,2021-07-11,396480,2021-06-22,2021-08-19,58,2021-07-21,7,1.0,41.18682752003383,2279,11.393369413289843,1,8,22,2021-07-15,-6.0,-113_-11
A_6,A,False,-55.09817372408295,-4.432010725677832,10.260435835587979,DESMATAMENTO_CR,2021-10-03,441588,2021-08-21,2021-10-20,60,2021-09-20,9,1.0,17.580269654715103,974,11.393369413289843,1,6,24,,,-111_-9
A_7,A,True,-56.24507690435281,-4.5809686426116825,14.28321043698173,DESMATAMENTO_CR,2021-06-21,347075,2021-05-28,2021-06-30,33,2021-06-13,6,1.0,52.75806160007864,1328,11.393369413289843,1,15,25,2021-06-21,7.0,-113_-10
A_8,A,True,-56.06784521263958,-4.604534830125923,8.607688901847228,DESMATAMENTO_CR,2021-08-09,397043,2021-06-30,2021-08-18,49,2021-07-24,7,0.9997667330863984,45.99924215320521,787,11.393369413289843,1,14,27,2021-09-25,62.0,-113_-10
A_9,A,False,-55.21784115330521,-4.231984978902954,7.273762806196511,DESMATAMENTO_CR,2021-09-21,420789,2021-07-28,2021-09-21,55,2021-08-24,8,0.9990355293647615,33.440729021238894,661,11.393369413289843,1,14,50,2021-09-13,19.0,-111_-9
A_10,A,True,-55.883736788617895,-4.8910262775842055,7.040362567267474,DESMATAMENTO_CR,2021-07-18,396709,2021-06-29,2021-08-22,54,2021-07-26,7,0.9989544695627018,49.46012157164928,648,11.393369413289843,1,14,26,,,-112_-10
A_11,A,False,-55.42579832775918,-4.492135683046051,47.70231667401735,DESMATAMENTO_CR,2021-07-18,347225,2021-05-27,2021-07-19,53,2021-06-22,6,0.9978893048727718,45.09880941493173,4688,11.393369413289843,1,34,48,,,-111_-9
A_12,A,False,-55.59945774058577,-4.201338075313807,8.80252040964542,DESMATAMENTO_CR,2021-08-18,413600,2021-07-29,2021-08-23,25,2021-08-10,8,0.9978416581436333,42.527822461380346,832,11.393369413289843,1,11,25,,,-112_-9
A_13,A,True,-56.248109972979606,-4.583302124785065,16.651417093106918,DESMATAMENTO_CR,2021-06-18,347075,2021-05-28,2021-06-30,33,2021-06-13,6,0.9960569999990118,56.012517799902014,1624,11.393369413289843,1,15,26,2021-06-09,-5.0,-113_-10
A_14,A,False,-55.13701888341543,-4.334574384236453,7.47534937617071,DESMATAMENTO_CR,2021-07-26,397280,2021-06-29,2021-08-21,53,2021-07-25,7,0.9938753801780471,39.39469400842748,679,11.393369413289843,1,10,24,,,-111_-9
A_15,A,False,-55.20573767613769,-4.262150473550473,8.857094016565103,DESMATAMENTO_CR,2021-10-15,430415,2021-08-20,2021-10-20,61,2021-09-19,9,0.9871300499696113,24.748562462437626,788,11.393369413289843,1,5,21,,,-111_-9
A_16,A,False,-55.297234155670296,-4.1395737999617515,10.700118182088808,DESMATAMENTO_CR,2021-09-19,441019,2021-08-23,2021-10-13,51,2021-09-17,9,0.9846776967199689,21.26363554437491,1028,11.393369413289843,1,12,49,,,-111_-9
A_17,A,True,-56.244421018518494,-4.5789752777777775,4.417501489745267,DESMATAMENTO_CR,2021-06-21,347075,2021-05-28,2021-06-30,33,2021-06-13,6,0.9809557489502999,45.24887191065238,397,11.393369413289843,1,14,20,2021-10-07,115.0,-113_-10
A_18,A,True,-55.694876745129875,-4.656502962662337,15.116068522498011,DESMATAMENTO_CR,2021-08-18,413613,2021-07-29,2021-08-19,21,2021-08-08,8,0.9798149647837162,43.707033212836826,1448,11.393369413289843,1,8,19,2021-10-13,65.0,-112_-10
A_19,A,False,-55.210257723577236,-4.263010569105692,10.066259046657384,DESMATAMENTO_CR,2021-09-21,430415,2021-08-20,2021-10-20,61,2021-09-19,9,0.979641694727805,20.336418425615875,964,11.393369413289843,1,6,31,,,-111_-9
A_20,A,True,-55.963903405738805,-4.590782756771253,7.626199535772949,DESMATAMENTO_CR,2021-09-22,430421,2021-08-05,2021-09-25,51,2021-08-30,8,0.9782700779302541,28.588505437621198,716,11.393369413289843,1,10,31,2021-09-25,25.0,-112_-10
A_21,A,False,-55.545284605337876,-4.48456229415105,72.03893802002491,DESMATAMENTO_CR,2021-08-06,396756,2021-06-30,2021-08-12,43,2021-07-21,7,0.9675815120694972,40.94434588844503,6951,11.393369413289843,1,13,23,,,-112_-9
A_22,A,False,-55.42757835716288,-3.9597746005046246,7.300740133717563,DESMATAMENTO_CR,2021-08-21,406391,2021-07-10,2021-08-25,46,2021-08-02,8,0.9667792540176681,34.638504542503846,690,11.393369413289843,1,10,28,2021-10-13,72.0,-111_-8
A_23,A,True,-55.735981647058814,-4.734578588235293,7.820963910691067,DESMATAMENTO_CR,2021-06-12,346977,2021-05-28,2021-07-18,51,2021-06-22,6,0.9666633077646124,44.88230900418049,736,11.393369413289843,1,11,18,2021-09-19,88.0,-112_-10
A_24,A,True,-55.73287296587929,-4.736628295421407,28.04500116098095,DESMATAMENTO_CR,2021-07-11,346977,2021-05-28,2021-07-18,51,2021-06-22,6,0.9654756939257869,47.10909306446035,2676,11.393369413289843,1,12,19,2021-09-19,88.0,-112_-10
A_25,A,False,-56.09986629107983,-5.30445295774648,6.527257769830152,DESMATAMENTO_CR,2021-06-22,347195,2021-05-25,2021-07-19,55,2021-06-21,6,0.964536079088609,49.74902543355762,622,11.393369413289843,1,12,23,2021-06-15,-7.0,-113_-11
A_26,A,False,-55.44774966033657,-4.33873831249035,26.501162579397207,DESMATAMENTO_CR,2021-08-09,413436,2021-07-28,2021-09-16,50,2021-08-22,8,0.96346677202081,38.82660556956758,2563,11.393369413289843,1,9,29,,,-111_-9
A_27,A,False,-55.42426204997883,-3.9600257518000843,9.66472649245225,DESMATAMENTO_CR,2021-08-09,406391,2021-07-10,2021-08-25,46,2021-08-02,8,0.9620711527202898,34.91530897396206,904,11.393369413289843,1,12,27,2021-10-07,66.0,-111_-8
A_28,A,False,-55.529522946655376,-4.467324386113463,7.247011821012199,DESMATAMENTO_CR,2021-08-06,535835,2021-06-25,2021-08-18,54,2021-07-22,7,0.9587376400706928,35.66145499786054,682,11.393369413289843,1,12,20,,,-112_-9
A_29,A,True,-55.81194620923337,-4.889326260059297,9.652892281345277,DESMATAMENTO_CR,2021-06-09,340316,2021-05-15,2021-06-30,46,2021-06-07,6,0.9570790417975531,57.880896527547925,886,11.393369413289843,1,19,27,2021-08-14,68.0,-112_-10
A_30,A,True,-56.0011896869245,-5.191870718232045,8.876105340839178,DESMATAMENTO_CR,2021-08-09,396745,2021-06-29,2021-08-21,53,2021-07-25,7,0.9562470419300303,36.18420774955868,741,11.393369413289843,1,10,21,,,-113_-11
A_31,A,False,-55.17923535911602,-4.214043646408839,9.999363975551724,DESMATAMENTO_CR,2021-07-29,398159,2021-07-25,2021-08-22,28,2021-08-08,8,0.9539415519848162,30.84277271769498,939,11.393369413289843,1,9,25,,,-111_-9
A_32,A,False,-55.42573725898905,-3.9616471426089963,11.783087229235656,DESMATAMENTO_CR,2021-08-18,406391,2021-07-10,2021-08-25,46,2021-08-02,8,0.9537547783748911,34.33815987170786,1128,11.393369413289843,1,10,28,2021-09-25,54.0,-111_-8
A_33,A,False,-55.38762878324844,-4.303775868704019,18.075398709799163,DESMATAMENTO_CR,2021-10-06,455939,2021-08-22,2021-10-13,52,2021-09-17,9,0.9511975876425736,18.529045500834865,1719,11.393369413289843,1,9,46,,,-111_-9
A_34,A,False,-55.30441260283564,-4.340315520158703,35.06276074649403,DESMATAMENTO_CR,2021-10-06,455937,2021-09-16,2021-10-14,28,2021-09-30,9,0.9480219372831771,11.029383813010815,3408,11.393369413289843,0,7,44,,,-111_-9
A_35,A,False,-55.54777889072847,-4.488980256622517,14.824979983307422,DESMATAMENTO_CR,2021-07-26,396756,2021-06-30,2021-08-12,43,2021-07-21,7,0.9477584848069927,37.68055384547346,1405,11.393369413289843,1,11,21,,,-112_-9
A_36,A,False,-55.0883616519174,-4.276423177412557,14.565137736515329,DESMATAMENTO_CR,2021-08-18,413595,2021-07-27,2021-08-21,25,2021-08-08,8,0.9476926037657355,32.22080246961222,1385,11.393369413289843,1,12,28,2021-09-13,35.0,-111_-9
A_37,A,False,-55.332326984126986,-4.196849206349206,8.765739179223775,DESMATAMENTO_CR,2021-08-06,406203,2021-07-24,2021-08-19,26,2021-08-06,8,0.9469043637005233,34.24921501675039,816,11.393369413289843,1,20,50,,,-111_-9
A_38,A,False,-56.214166439909285,-4.4690877928949355,10.82447445510663,DESMATAMENTO_CR,2021-09-22,441594,2021-08-09,2021-10-05,57,2021-09-06,9,0.9467472438480061,34.671346330358695,990,11.393369413289843,1,7,31,2021-09-13,6.0,-113_-9
A_39,A,True,-56.24787240725698,-4.580144841592202,15.105376684500463,DESMATAMENTO_CR,2021-06-30,347075,2021-05-28,2021-06-30,33,2021-06-13,6,0.943984910942329,52.83974398498075,1431,11.393369413289843,1,14,24,2021-08-08,55.0,-113_-10
A_40,A,True,-56.04011214723927,-4.776619795501023,9.997980242135561,DESMATAMENTO_CR,2021-10-06,456362,2021-08-24,2021-10-25,62,2021-09-24,9,0.9439581237826571,32.2211113241957,934,11.393369413289843,1,8,29,,,-113_-10
A_41,A,False,-55.16995131602191,-4.330679014308426,34.744403016840856,DESMATAMENTO_CR,2021-07-08,347227,2021-05-28,2021-07-11,44,2021-06-19,6,0.9430783022454093,45.21296663822877,3335,11.393369413289843,1,16,23,,,-111_-9
A_42,A,True,-55.57933011065006,-4.514070055325034,14.787646367684752,DESMATAMENTO_CR,2021-08-06,773359,2021-07-18,2021-08-21,34,2021-08-04,8,0.9427395053297198,39.98734785466557,1436,11.393369413289843,1,10,18,,,-112_-10
A_43,A,True,-55.99248428142951,-5.193870331960754,40.19402555729784,DESMATAMENTO_CR,2021-07-19,396745,2021-06-29,2021-08-21,53,2021-07-25,7,0.9420465200043174,37.88488259805483,3887,11.393369413289843,1,11,23,,,-112_-11
A_44,A,False,-55.411960055096415,-4.477496749311296,14.849732582380994,DESMATAMENTO_CR,2021-07-11,347225,2021-05-27,2021-07-19,53,2021-06-22,6,0.9407209765551142,46.59105526025344,1406,11.393369413289843,1,33,47,,,-111_-9
A_45,A,False,-56.00050801282052,-5.243340064102564,7.012109083540365,DESMATAMENTO_CR,2021-08-09,396706,2021-06-29,2021-08-20,52,2021-07-25,7,0.9386603635025303,34.36006457754527,617,11.393369413289843,1,12,27,,,-113_-11
A_46,A,False,-55.52462041092187,-4.460918707758853,15.132334531795234,DESMATAMENTO_CR,2021-07-19,535835,2021-06-25,2021-08-18,54,2021-07-22,7,0.9369733728930567,39.55164079448783,1452,11.393369413289843,1,13,24,,,-112_-9
A_47,A,False,-55.407118411347525,-3.961559063829786,7.214762113321852,DESMATAMENTO_CR,2021-06-22,347205,2021-05-23,2021-07-10,48,2021-06-16,6,0.9364960794188086,30.354626394913023,665,11.393369413289843,1,17,27,,,-111_-8
A_48,A,False,-55.746947814427465,-4.344305604719765,7.6286967183465135,DESMATAMENTO_CR,2021-07-23,397056,2021-06-22,2021-08-22,61,2021-07-22,7,0.9358775536406915,41.61869938243164,702,11.393369413289843,1,17,33,,,-112_-9
A_49,A,True,-56.0162282183779,-4.80023984123418,27.30033207344916,DESMATAMENTO_CR,2021-07-11,396553,2021-06-03,2021-07-26,53,2021-06-29,6,0.9352339774580318,53.71193193951857,2643,11.393369413289843,1,16,26,,,-113_-10
A_50,A,False,-55.42323652133146,-4.496980434442881,26.176663961497134,DESMATAMENTO_CR,2021-07-11,347225,2021-05-27,2021-07-19,53,2021-06-22,6,0.9351246986912356,42.92490688109826,2521,11.393369413289843,1,32,49,,,-111_-9
A_51,A,True,-56.038921218149106,-4.5842678886047175,21.590372043311316,DESMATAMENTO_CR,2021-07-11,347398,2021-05-26,2021-07-18,53,2021-06-21,6,0.9343673017586952,52.76996864059761,2084,11.393369413289843,1,17,25,2021-10-07,107.0,-113_-10
A_52,A,True,-55.86887238903395,-4.820048107049608,18.79258225522274,DESMATAMENTO_CR,2021-06-01,337499,2021-05-07,2021-06-22,46,2021-05-30,5,0.9318855428199373,54.50950024448931,1797,11.393369413289843,1,19,25,2021-08-14,76.0,-112_-10
A_53,A,True,-56.093500214329474,-4.5425980710349085,20.03923172339741,DESMATAMENTO_CR,2021-07-18,534227,2021-06-30,2021-07-18,18,2021-07-09,7,0.9299207298023998,51.12549327562833,1915,11.393369413289843,1,12,27,2021-09-19,72.0,-113_-10
A_54,A,False,-55.46214445214979,-4.381181345353676,35.398307945237214,DESMATAMENTO_CR,2021-08-18,413601,2021-07-29,2021-09-15,48,2021-08-22,8,0.9290779305101687,31.199335128695903,3440,11.393369413289843,1,6,22,,,-111_-9
A_55,A,True,-55.82457623049219,-4.820243117246899,10.218151023815386,DESMATAMENTO_CR,2021-06-22,347199,2021-05-30,2021-07-15,46,2021-06-22,6,0.9258706060408614,46.75021004061966,945,11.393369413289843,1,17,24,,,-112_-10
A_56,A,True,-55.80795599360072,-4.888991372414581,17.889216313001327,DESMATAMENTO_CR,2021-06-01,340316,2021-05-15,2021-06-30,46,2021-06-07,6,0.9239967315918709,57.312882994147,1693,11.393369413289843,1,19,27,2021-07-03,26.0,-112_-10
A_57,A,False,-55.095164727573284,-4.429930027338039,32.17434735000702,DESMATAMENTO_CR,2021-10-12,441588,2021-08-21,2021-10-20,60,2021-09-20,9,0.9205420158864603,16.622584000294474,3125,11.393369413289843,1,7,23,,,-111_-9
A_58,A,False,-55.100694645772116,-4.432506398955273,12.530976952479406,DESMATAMENTO_CR,2021-09-22,441588,2021-08-21,2021-10-20,60,2021-09-20,9,0.9192190049672229,19.85395674088088,1165,11.393369413289843,1,4,26,,,-111_-9
A_59,A,False,-55.66978846846848,-4.446663153153154,9.08202715731971,DESMATAMENTO_CR,2021-07-19,396751,2021-05-28,2021-07-29,62,2021-06-28,6,0.9185810140813533,42.613327262295336,840,11.393369413289843,1,16,25,,,-112_-9
A_60,A,True,-55.732639886353226,-4.635101833012558,22.312788289172016,DESMATAMENTO_CR,2021-07-11,523013,2021-06-27,2021-07-23,26,2021-07-10,7,0.9171112158222102,38.54022024221295,2164,11.393369413289843,1,13,25,,,-112_-10
A_61,A,False,-55.64196293243794,-4.155003245828245,20.11064113737419,DESMATAMENTO_CR,2021-07-18,532231,2021-06-14,2021-07-18,34,2021-07-01,7,0.9169443484010137,37.56529585406408,1937,11.393369413289843,1,14,27,,,-112_-9
A_62,A,True,-56.16687721376199,-4.600315961646928,7.2518452932769435,DESMATAMENTO_CR,2021-05-26,337461,2021-05-06,2021-06-20,45,2021-05-28,5,0.9143189609566857,40.8185894938719,663,11.393369413289843,1,21,26,,,-113_-10
A_63,A,True,-55.796881365533686,-4.876665593321407,6.85652937595034,DESMATAMENTO_CR,2021-06-30,347429,2021-06-01,2021-07-28,57,2021-06-29,6,0.9139871663994552,43.9246119660444,639,11.393369413289843,1,14,26,,,-112_-10
A_64,A,True,-56.169716979802736,-5.133749772976358,26.103693751782178,DESMATAMENTO_CR,2021-08-06,396552,2021-06-30,2021-08-12,43,2021-07-21,7,0.9126332142940513,43.841651886782245,2547,11.393369413289843,1,11,25,2021-08-08,17.0,-113_-11
A_65,A,False,-55.10221286138459,-4.1874054696046255,13.093519991162047,DESMATAMENTO_CR,2021-07-26,397282,2021-06-29,2021-08-21,53,2021-07-25,7,0.9119208999114725,36.31892948936511,1240,11.393369413289843,1,9,22,2021-09-13,49.0,-111_-9
A_66,A,True,-56.015607107438,-4.816335592286501,7.42139345813375,DESMATAMENTO_CR,2021-08-18,413616,2021-07-26,2021-08-19,24,2021-08-07,8,0.9083802927233836,45.166631003712325,702,11.393369413289843,1,9,26,2021-09-19,43.0,-113_-10
A_67,A,False,-55.74843463924257,-3.96546869082599,6.269135284691304,DESMATAMENTO_CR,2021-08-18,781780,2021-07-24,2021-08-21,28,2021-08-07,8,0.9081589504323504,52.16683309827732,550,11.393369413289843,1,14,28,,,-112_-8
A_68,A,False,-55.55055324955908,-4.463283959435627,46.39104483682979,DESMATAMENTO_CR,2021-08-18,413610,2021-07-25,2021-08-20,26,2021-08-07,8,0.9062909290104244,33.31672126962744,4494,11.393369413289843,1,12,27,,,-112_-9
A_69,A,True,-55.781825985930524,-4.918959922073001,172.60458889872655,DESMATAMENTO_CR,2021-08-18,413603,2021-07-18,2021-08-19,32,2021-08-03,8,0.9055479584529884,38.820705619870274,17120,11.393369413289843,1,10,26,2021-08-08,5.0,-112_-10
A_70,A,False,-55.41933522845275,-4.486608333333334,7.87885268051317,DESMATAMENTO_CR,2021-07-11,347225,2021-05-27,2021-07-19,53,2021-06-22,6,0.9054603767515007,42.44529783270768,742,11.393369413289843,1,37,56,,,-111_-9
A_71,A,False,-55.1408032699366,-4.335082649315982,12.262533196187578,DESMATAMENTO_CR,2021-08-09,397280,2021-06-29,2021-08-21,53,2021-07-25,7,0.9043643497416058,32.61561239661547,1165,11.393369413289843,1,10,26,,,-111_-9
A_72,A,False,-55.35421244671782,-4.327322630992197,31.19668510975018,DESMATAMENTO_CR,2021-07-18,347226,2021-06-03,2021-07-19,46,2021-06-26,6,0.9015862872483444,37.5176109708139,3026,11.393369413289843,1,30,48,,,-111_-9
A_73,A,True,-55.843359065471354,-4.8205844933442,37.628095620459504,DESMATAMENTO_CR,2021-05-26,338078,2021-05-15,2021-06-27,43,2021-06-05,6,0.9014234982221238,49.31582578064411,3671,11.393369413289843,1,19,29,2021-08-08,63.0,-112_-10
A_74,A,True,-56.166524029574866,-5.135492791127542,6.633181581134163,DESMATAMENTO_CR,2021-07-31,396552,2021-06-30,2021-08-12,43,2021-07-21,7,0.9012944188215319,39.41514578419295,608,11.393369413289843,1,11,25,2021-08-20,29.0,-113_-11
A_75,A,False,-55.253576435226925,-4.373739855725878,6.806033624852076,DESMATAMENTO_CR,2021-08-21,413705,2021-07-29,2021-09-16,49,2021-08-22,8,0.9012342715895344,25.29575093985041,636,11.393369413289843,1,13,41,2021-08-20,-3.0,-111_-9
A_76,A,True,-56.068333936403484,-4.602695805921053,7.460422849394102,DESMATAMENTO_CR,2021-07-23,397043,2021-06-30,2021-08-18,49,2021-07-24,7,0.8990346562729408,44.52590953696604,708,11.393369413289843,1,13,26,2021-07-21,-4.0,-113_-10
A_77,A,False,-55.31730578329272,-4.3357951842824445,27.698043260336203,DESMATAMENTO_CR,2021-07-18,522530,2021-06-01,2021-07-29,58,2021-06-30,6,0.8967389174958651,45.13968423884358,2670,11.393369413289843,1,21,44,,,-111_-9
A_78,A,True,-56.07765238095239,-4.813519047619047,17.47407952369675,DESMATAMENTO_CR,2021-07-11,396551,2021-06-22,2021-07-20,28,2021-07-06,7,0.895263846310873,41.666796819431,1680,11.393369413289843,1,15,25,2021-09-13,69.0,-113_-10
A_79,A,False,-55.54189459797032,-4.4795316471506625,13.10086786380317,DESMATAMENTO_CR,2021-07-19,396756,2021-06-30,2021-08-12,43,2021-07-21,7,0.8945566526292953,38.99595514892418,1246,11.393369413289843,1,14,25,,,-112_-9
A_80,A,True,-55.99546054299844,-5.18917450297056,61.563331036576066,DESMATAMENTO_CR,2021-08-09,396745,2021-06-29,2021-08-21,53,2021-07-25,7,0.8937623162242757,34.856883576872335,6037,11.393369413289843,1,12,22,,,-112_-11
A_81,A,False,-55.187247765198016,-4.300861960623836,44.99524205334131,DESMATAMENTO_CR,2021-09-21,441455,2021-08-21,2021-10-01,41,2021-09-10,9,0.8933666004489578,18.99389916019595,4385,11.393369413289843,1,6,23,,,-111_-9
A_82,A,False,-55.15773094245207,-4.205121212121211,14.71990207997104,DESMATAMENTO_CR,2021-09-30,442154,2021-08-19,2021-10-13,55,2021-09-15,9,0.8914008478923141,26.729045182189317,1384,11.393369413289843,1,5,23,,,-111_-9
A_83,A,False,-55.525860080098596,-4.465303376463338,33.19766281813253,DESMATAMENTO_CR,2021-08-18,535835,2021-06-25,2021-08-18,54,2021-07-22,7,0.8911339495453007,35.96675474106333,3224,11.393369413289843,1,15,24,,,-112_-9
A_84,A,False,-55.66684974632167,-4.447572171486556,16.126713796750828,DESMATAMENTO_CR,2021-07-26,396751,2021-05-28,2021-07-29,62,2021-06-28,6,0.8904075224916226,40.11866702631749,1545,11.393369413289843,1,18,27,,,-112_-9
A_85,A,False,-55.361138033395164,-4.324970995670996,6.616200052946061,DESMATAMENTO_CR,2021-06-24,347226,2021-06-03,2021-07-19,46,2021-06-26,6,0.8891069634994444,38.97778847650503,596,11.393369413289843,1,28,44,,,-111_-9
A_86,A,True,-56.088575685705074,-4.541807324943531,25.352815690272674,DESMATAMENTO_CR,2021-07-11,534227,2021-06-30,2021-07-18,18,2021-07-09,7,0.8880976038281179,46.085952650983536,2462,11.393369413289843,1,12,24,2021-08-26,48.0,-113_-10
A_87,A,False,-55.17685643595364,-4.2159594425305364,19.599671710627153,DESMATAMENTO_CR,2021-08-09,398159,2021-07-25,2021-08-22,28,2021-08-08,8,0.8877639089524301,34.040648188405015,1896,11.393369413289843,1,12,26,2021-08-14,6.0,-111_-9
A_88,A,True,-55.95873767670558,-4.847780495800041,9.978559232047107,DESMATAMENTO_CR,2021-05-03,327580,2021-04-13,2021-05-06,23,2021-04-24,4,0.8867656021695316,50.75031406749783,933,11.393369413289843,1,26,27,2021-05-16,21.0,-112_-10
A_89,A,False,-55.746795213464694,-4.347191165845649,24.917441896373965,DESMATAMENTO_CR,2021-07-26,397056,2021-06-22,2021-08-22,61,2021-07-22,7,0.8842683549599031,47.43081170380572,2446,11.393369413289843,1,17,31,,,-112_-9
A_90,A,False,-55.55086161231885,-4.259207019927536,22.58780581513578,DESMATAMENTO_CR,2021-08-18,781799,2021-07-26,2021-09-07,43,2021-08-16,8,0.8834526266395362,44.752550211284735,2134,11.393369413289843,1,11,31,2021-09-13,27.0,-112_-9
A_91,A,False,-55.15641354918539,-4.189958745216652,89.29711112686424,DESMATAMENTO_CR,2021-09-07,776909,2021-08-10,2021-10-06,57,2021-09-07,9,0.8826783952295977,24.61909154376999,8811,11.393369413289843,1,5,23,,,-111_-9
A_92,A,True,-55.997259660179175,-4.600018653073834,33.09961752919694,DESMATAMENTO_CR,2021-10-09,451035,2021-08-24,2021-10-24,61,2021-09-23,9,0.8807363984480727,26.063138110571128,3216,11.393369413289843,1,5,28,,,-112_-10
A_93,A,False,-55.15783389596287,-4.183166252097523,20.72999220167678,DESMATAMENTO_CR,2021-10-06,776909,2021-08-10,2021-10-06,57,2021-09-07,9,0.8806084729937872,23.282574937728924,2001,11.393369413289843,1,5,23,,,-111_-9
A_94,A,True,-56.134893611244216,-4.593224804344354,25.60879153203573,DESMATAMENTO_CR,2021-07-11,347957,2021-06-08,2021-07-29,51,2021-07-03,7,0.8793436601868351,50.003940230739545,2461,11.393369413289843,1,11,22,,,-113_-10
A_95,A,True,-56.082938937030626,-4.5871744656268065,7.080188796384912,DESMATAMENTO_CR,2021-07-11,785451,2021-06-08,2021-08-08,61,2021-07-08,7,0.8762459725321367,39.829341088218094,646,11.393369413289843,1,16,25,2021-08-26,48.0,-113_-10
A_96,A,True,-56.07120039104156,-4.604524896314731,17.258324476509728,DESMATAMENTO_CR,2021-08-18,397043,2021-06-30,2021-08-18,49,2021-07-24,7,0.8760601433735933,43.52172637107304,1643,11.393369413289843,1,14,26,2021-10-07,74.0,-113_-10
A_97,A,False,-55.31465305630027,-4.316748471849866,22.893029524489958,DESMATAMENTO_CR,2021-05-26,527411,2021-03-28,2021-05-26,59,2021-04-26,4,0.8750612937022688,44.82085800814256,2217,11.393369413289843,1,37,44,2021-05-28,31.0,-111_-9
A_98,A,True,-56.27643635116601,-4.734619768328002,13.415263419932872,DESMATAMENTO_CR,2021-06-22,347193,2021-05-26,2021-07-15,50,2021-06-20,6,0.8729095397441797,40.53798914460032,1237,11.393369413289843,1,15,27,2021-08-26,67.0,-113_-10
A_99,A,True,-56.25164765998091,-4.582683349251832,19.271254784537852,DESMATAMENTO_CR,2021-06-30,347075,2021-05-28,2021-06-30,33,2021-06-13,6,0.8718652334685257,46.65257292696052,1850,11.393369413289843,1,16,26,2021-09-19,97.0,-113_-10
A_100,A,False,-55.09747690411313,-4.247940534578955,15.768719024896807,DESMATAMENTO_CR,2021-10-15,456133,2021-08-21,2021-10-20,60,2021-09-20,9,0.8712784407111983,19.33143118365385,1500,11.393369413289843,1,4,24,,,-111_-9
A_101,A,False,-55.22324859775641,-4.353544611378207,10.212382553561591,DESMATAMENTO_CR,2021-08-21,787497,2021-07-18,2021-09-16,60,2021-08-17,8,0.8704593182749688,28.19234805764132,953,11.393369413289843,1,10,30,,,-111_-9
A_102,A,False,-55.41969396736222,-4.492900080256822,30.582451802852564,DESMATAMENTO_CR,2021-06-24,347225,2021-05-27,2021-07-19,53,2021-06-22,6,0.8683711510273144,43.260184551031,2961,11.393369413289843,1,32,49,,,-111_-9
A_103,A,False,-55.22116945209673,-4.347169788797063,13.367039670423232,DESMATAMENTO_CR,2021-08-06,787497,2021-07-18,2021-09-16,60,2021-08-17,8,0.8679058918306215,37.00350123607319,1284,11.393369413289843,1,11,30,,,-111_-9
A_104,A,True,-55.859413303458275,-4.816995509686764,45.16608538335674,DESMATAMENTO_CR,2021-05-26,337499,2021-05-07,2021-06-22,46,2021-05-30,5,0.866022445521032,43.38985989584573,4429,11.393369413289843,1,21,27,2021-06-09,10.0,-112_-10
A_105,A,False,-55.42862909270216,-3.9553070019723866,6.226232147254609,DESMATAMENTO_CR,2021-08-09,406391,2021-07-10,2021-08-25,46,2021-08-02,8,0.8659310579377488,28.97393158472208,582,11.393369413289843,1,7,24,2021-09-19,48.0,-111_-8
A_106,A,False,-55.41740347490348,-4.47729736164736,44.5001746537135,DESMATAMENTO_CR,2021-06-24,347225,2021-05-27,2021-07-19,53,2021-06-22,6,0.8638529291886033,34.306915341058726,4319,11.393369413289843,1,32,47,,,-111_-9
A_107,A,True,-56.0579189931014,-4.613300264200791,13.932873488991241,DESMATAMENTO_CR,2021-07-23,397043,2021-06-30,2021-08-18,49,2021-07-24,7,0.8602993642718235,37.914802816785965,1303,11.393369413289843,1,12,27,,,-113_-10
A_108,A,False,-56.23372871821666,-4.471506652734239,11.744886897106563,DESMATAMENTO_CR,2021-09-22,441593,2021-08-18,2021-10-14,57,2021-09-15,9,0.8583369314180088,22.03017770118355,1105,11.393369413289843,1,9,27,2021-09-13,-3.0,-113_-9
A_109,A,True,-56.048159078080914,-4.694827971150832,13.04179857443776,DESMATAMENTO_CR,2021-09-22,457550,2021-08-22,2021-09-25,34,2021-09-08,9,0.8564279292721463,18.930829947635537,1232,11.393369413289843,1,8,25,,,-113_-10
A_110,A,True,-56.12777959667852,-4.658181043890867,8.619320749084837,DESMATAMENTO_CR,2021-06-22,347208,2021-05-24,2021-07-18,55,2021-06-20,6,0.8559641971710115,33.914165891620044,805,11.393369413289843,1,13,24,,,-113_-10
A_111,A,False,-55.0673413399429,-4.380065419858794,13.618082398819737,DESMATAMENTO_CR,2021-10-17,456548,2021-09-16,2021-10-29,43,2021-10-07,10,0.8558467819713499,15.493961179423533,1292,11.393369413289843,1,3,21,2022-01-11,95.0,-111_-9
A_112,A,True,-55.82760098607889,-4.817164646171696,21.147878296801633,DESMATAMENTO_CR,2021-06-22,347199,2021-05-30,2021-07-15,46,2021-06-22,6,0.8540488582361205,52.85327059661979,1973,11.393369413289843,1,18,30,,,-112_-10
A_113,A,True,-56.21545040650407,-4.749294308943091,7.041793377115577,DESMATAMENTO_CR,2021-07-28,398268,2021-07-08,2021-08-04,27,2021-07-21,7,0.8531563893576534,29.51037401138533,629,11.393369413289843,1,13,25,,,-113_-10
A_114,A,False,-55.15441847964378,-4.182537690839696,6.433235427425802,DESMATAMENTO_CR,2021-09-30,776909,2021-08-10,2021-10-06,57,2021-09-07,9,0.852985644749101,20.696005454092468,581,11.393369413289843,1,5,26,,,-111_-9
A_115,A,False,-55.4434765838551,-3.9734315491819836,30.39982433427796,DESMATAMENTO_CR,2021-06-21,347096,2021-05-27,2021-07-27,61,2021-06-26,6,0.8500107834766766,31.877248500971376,2960,11.393369413289843,1,16,26,2021-07-15,18.0,-111_-8
A_116,A,True,-56.087603357903355,-4.594352813852814,17.479435091079772,DESMATAMENTO_CR,2021-09-07,440451,2021-07-29,2021-09-15,48,2021-08-22,8,0.8495564042388702,32.72022099646981,1694,11.393369413289843,1,7,25,,,-113_-10
A_117,A,True,-56.06764262807977,-4.796247281971059,15.68351019408591,DESMATAMENTO_CR,2021-06-27,347926,2021-05-26,2021-07-20,55,2021-06-22,6,0.8490520258368328,42.1671587758285,1516,11.393369413289843,1,15,19,2021-08-26,64.0,-113_-10
A_118,A,True,-56.16889409433214,-5.140052041220768,20.622829929574394,DESMATAMENTO_CR,2021-07-18,396552,2021-06-30,2021-08-12,43,2021-07-21,7,0.8469018505804334,43.36509496817195,1969,11.393369413289843,1,13,28,2021-09-01,41.0,-113_-11
A_119,A,False,-55.22169912115505,-4.349696191671898,9.776694054424576,DESMATAMENTO_CR,2021-08-09,787497,2021-07-18,2021-09-16,60,2021-08-17,8,0.8441576370986924,35.740202832937506,922,11.393369413289843,1,8,26,2021-09-13,27.0,-111_-9
A_120,A,True,-55.906600650406496,-4.737441056910569,15.089813858090714,DESMATAMENTO_CR,2021-07-11,531820,2021-07-01,2021-07-29,28,2021-07-15,7,0.8439778086157004,46.87473585440646,1453,11.393369413289843,1,16,30,,,-112_-10
A_121,A,False,-55.60218111111111,-4.185999444444445,12.522653709986805,DESMATAMENTO_CR,2021-09-30,442155,2021-08-23,2021-10-20,58,2021-09-21,9,0.8433007034120996,21.97570558982412,1178,11.393369413289843,1,4,25,2021-11-24,64.0,-112_-9
A_122,A,True,-55.666532119329965,-4.544783897986071,21.73264481497351,DESMATAMENTO_CR,2021-09-02,440170,2021-08-17,2021-09-07,21,2021-08-27,8,0.8420231280150429,26.103669694027904,2066,11.393369413289843,1,8,27,,,-112_-10
A_123,A,True,-56.271138345947136,-4.703903487989471,18.642311518204863,DESMATAMENTO_CR,2021-06-22,347064,2021-05-26,2021-06-30,35,2021-06-12,6,0.840282089403679,26.862559597630124,1795,11.393369413289843,1,15,26,,,-113_-10
A_124,A,True,-55.62830776297941,-4.515486163522011,33.17090674384916,DESMATAMENTO_CR,2021-07-19,530604,2021-06-30,2021-07-24,24,2021-07-12,7,0.8398487909607422,49.90381212459766,3217,11.393369413289843,1,14,23,,,-112_-10
A_125,A,False,-56.259238365896984,-4.006783244523387,6.913524976021051,DESMATAMENTO_CR,2021-08-03,413321,2021-07-19,2021-08-17,29,2021-08-02,8,0.835537893766298,32.900524194647495,649,11.393369413289843,1,10,25,2021-08-08,5.0,-113_-9
A_126,A,False,-55.33090599613153,-4.090737782076081,6.348004059082269,DESMATAMENTO_CR,2021-09-02,440163,2021-08-08,2021-10-06,59,2021-09-06,9,0.8342591804305052,32.23813902921083,581,11.393369413289843,1,12,49,2021-10-13,36.0,-111_-9
A_127,A,True,-56.02035028847943,-5.192969495626282,10.97874005866861,DESMATAMENTO_CR,2021-07-26,397252,2021-06-29,2021-08-28,60,2021-07-29,7,0.8307613183112668,41.83876081101678,1019,11.393369413289843,1,10,26,,,-113_-11
A_128,A,False,-55.42644529074527,-4.487501638001638,17.48195395690948,DESMATAMENTO_CR,2021-07-19,347225,2021-05-27,2021-07-19,53,2021-06-22,6,0.8296801265584837,39.98929666785037,1652,11.393369413289843,1,31,48,,,-111_-9
A_129,A,False,-55.42229863830321,-4.487543160140563,32.59533043704275,DESMATAMENTO_CR,2021-06-30,347225,2021-05-27,2021-07-19,53,2021-06-22,6,0.8269638514508525,38.87253179159327,3183,11.393369413289843,1,33,47,,,-111_-9
A_130,A,True,-56.26850989627139,-4.711349985982612,7.293677877793089,DESMATAMENTO_CR,2021-06-17,347064,2021-05-26,2021-06-30,35,2021-06-12,6,0.8254498594069741,28.33748486638072,651,11.393369413289843,1,16,27,,,-113_-10
A_131,A,False,-55.16270156286448,-4.328416655003499,8.770412453908193,DESMATAMENTO_CR,2021-06-24,347227,2021-05-28,2021-07-11,44,2021-06-19,6,0.8242976411988162,43.31554056074162,830,11.393369413289843,1,13,20,,,-111_-9
A_132,A,True,-56.216314559386966,-4.6212352490421456,10.675008232091367,DESMATAMENTO_CR,2021-10-09,449772,2021-08-17,2021-10-12,56,2021-09-14,9,0.8228392755970462,25.4842770933013,1006,11.393369413289843,1,8,27,2021-09-13,-1.0,-113_-10
A_133,A,True,-56.04030366984634,-4.5797999072602025,30.873380378063395,DESMATAMENTO_CR,2021-06-30,347398,2021-05-26,2021-07-18,53,2021-06-21,6,0.8227457302202771,52.10643477173721,2982,11.393369413289843,1,18,25,2021-08-08,47.0,-113_-10
A_134,A,True,-55.79158955011236,-4.73180312345882,37.313782170004586,DESMATAMENTO_CR,2021-07-18,349582,2021-06-14,2021-07-29,45,2021-07-06,7,0.8225697495465758,38.472523715826966,3647,11.393369413289843,1,14,26,2021-10-07,92.0,-112_-10
A_135,A,True,-56.088712674462464,-4.584015239532253,16.264881771978363,DESMATAMENTO_CR,2021-06-27,519430,2021-05-30,2021-06-30,31,2021-06-14,6,0.8201450042043558,44.36517789525958,1554,11.393369413289843,1,15,23,2021-07-27,42.0,-113_-10
A_136,A,True,-56.016632815481046,-5.142016653038975,7.497509132083226,DESMATAMENTO_CR,2021-05-26,778118,2021-04-22,2021-06-22,61,2021-05-22,5,0.8196580778778195,56.34114900081218,697,11.393369413289843,1,19,25,2021-05-16,-7.0,-113_-11
A_137,A,True,-56.06758819299466,-4.799342495940619,8.813886197134666,DESMATAMENTO_CR,2021-07-11,347926,2021-05-26,2021-07-20,55,2021-06-22,6,0.8194941770333313,37.67297895566786,812,11.393369413289843,1,15,23,2021-06-27,4.0,-113_-10
A_138,A,False,-56.09178450126262,-3.986125063131313,6.483887812665105,DESMATAMENTO_CR,2021-06-30,347412,2021-06-12,2021-07-18,36,2021-06-30,6,0.8175421856915756,46.55312875583046,605,11.393369413289843,1,11,22,2021-09-13,75.0,-113_-8
A_139,A,True,-55.953336100386124,-4.715745109395111,6.355088515309058,DESMATAMENTO_CR,2021-05-03,327582,2021-03-28,2021-05-15,48,2021-04-21,4,0.8167098158618115,37.88339298267879,593,11.393369413289843,1,28,31,2021-05-22,31.0,-112_-10
A_140,A,False,-56.11876464646465,-5.226282828282828,16.182227623390034,DESMATAMENTO_CR,2021-07-08,396480,2021-06-22,2021-08-19,58,2021-07-21,7,0.8165727047491546,33.869911132229724,1551,11.393369413289843,1,13,27,,,-113_-11
A_141,A,True,-56.173454415094334,-5.134127371069181,8.122911889333464,DESMATAMENTO_CR,2021-07-31,396552,2021-06-30,2021-08-12,43,2021-07-21,7,0.8157587136052774,44.06438942441248,765,11.393369413289843,1,12,25,2021-08-02,11.0,-113_-11
A_142,A,False,-55.07492814371258,-4.327324887724552,16.399271495825985,DESMATAMENTO_CR,2021-09-22,441581,2021-08-20,2021-10-20,61,2021-09-19,9,0.8134246843497341,18.33329166293217,1555,11.393369413289843,1,4,25,2021-10-31,41.0,-111_-9
A_143,A,False,-55.073542252188304,-4.342795765318192,8.64750893638013,DESMATAMENTO_CR,2021-07-26,535518,2021-07-08,2021-08-21,44,2021-07-30,7,0.8132987304418859,39.51581047189182,815,11.393369413289843,1,12,25,,,-111_-9
A_144,A,False,-55.62340525841346,-4.320100851362177,20.425655547564197,DESMATAMENTO_CR,2021-06-30,347403,2021-06-14,2021-07-26,42,2021-07-05,7,0.8125510310961612,51.71102953345348,1976,11.393369413289843,1,18,22,,,-112_-9
A_145,A,False,-55.70607704374058,-4.381691945701358,6.781415568717942,DESMATAMENTO_CR,2021-07-19,396752,2021-07-01,2021-07-28,27,2021-07-14,7,0.8121311332656609,40.54555675817889,640,11.393369413289843,1,13,23,,,-112_-9
A_146,A,True,-55.75184904552129,-4.770694419970631,11.138942000989616,DESMATAMENTO_CR,2021-07-11,347972,2021-06-01,2021-07-18,47,2021-06-24,6,0.8115003238989037,33.72737787368239,1044,11.393369413289843,1,15,23,2021-08-08,44.0,-112_-10
A_147,A,True,-56.230233700980385,-4.923045526960784,6.672087435050309,DESMATAMENTO_CR,2021-07-11,349603,2021-05-24,2021-07-25,62,2021-06-24,6,0.8113405052486448,45.38562190648744,611,11.393369413289843,1,16,24,,,-113_-10
A_148,A,False,-55.20970912501875,-4.261468857871829,13.632446082995086,DESMATAMENTO_CR,2021-09-30,430415,2021-08-20,2021-10-20,61,2021-09-19,9,0.8112311326918471,22.641348160933536,1285,11.393369413289843,1,7,32,,,-111_-9
A_149,A,True,-55.987766163310965,-4.737467477628634,14.623635669888555,DESMATAMENTO_CR,2021-06-27,347348,2021-05-26,2021-07-15,50,2021-06-20,6,0.8019238364118202,39.186039164326814,1413,11.393369413289843,1,18,29,2021-07-21,31.0,-112_-10
A_150,A,True,-56.08599340385811,-4.5836909147479785,9.859548678778111,DESMATAMENTO_CR,2021-06-17,519430,2021-05-30,2021-06-30,31,2021-06-14,6,0.8019158125626075,45.119160980173646,918,11.393369413289843,1,15,23,2021-09-13,90.0,-113_-10
A_151,A,False,-55.5278330500071,-4.506373211503045,14.438064329000936,DESMATAMENTO_CR,2021-07-14,396623,2021-06-01,2021-07-29,58,2021-06-30,6,0.8017821670180127,47.657500540856006,1389,11.393369413289843,1,14,22,,,-112_-10
A_152,A,False,-55.064173841166934,-4.429006861156132,18.931563586632347,DESMATAMENTO_CR,2021-10-07,780134,2021-08-08,2021-10-07,60,2021-09-07,9,0.7986014625930785,29.021882012590098,1821,11.393369413289843,1,5,21,,,-111_-9
A_153,A,True,-55.96938563704749,-4.699445886224729,8.698574727307166,DESMATAMENTO_CR,2021-05-03,517261,2021-04-08,2021-05-07,29,2021-04-22,4,0.7982032302792235,47.581797898771725,826,11.393369413289843,1,25,28,2021-08-20,119.0,-112_-10
A_154,A,True,-55.754271128488185,-4.77415694572217,26.669535882971715,DESMATAMENTO_CR,2021-06-30,347972,2021-06-01,2021-07-18,47,2021-06-24,6,0.7970898996853948,32.1187678906212,2577,11.393369413289843,1,12,21,2021-08-08,44.0,-112_-10
A_155,A,True,-55.96365381208856,-4.593790879712746,17.086790967829526,DESMATAMENTO_CR,2021-06-21,347128,2021-05-26,2021-07-15,50,2021-06-20,6,0.7949131306285894,43.62138207937837,1634,11.393369413289843,1,18,29,2021-09-25,97.0,-112_-10
A_156,A,False,-55.37874527407407,-4.101342518518519,13.813191855123732,DESMATAMENTO_CR,2021-08-09,406278,2021-07-18,2021-08-22,35,2021-08-04,8,0.7946026788970633,35.35831826129144,1307,11.393369413289843,1,9,25,2021-07-27,-9.0,-111_-9
A_157,A,True,-56.17028321773852,-4.600909962168979,19.460959966834263,DESMATAMENTO_CR,2021-06-18,337461,2021-05-06,2021-06-20,45,2021-05-28,5,0.7875907685596952,33.63685962854148,1852,11.393369413289843,1,20,26,,,-113_-10
A_158,A,False,-55.039562292609354,-4.253931271995978,8.139035583585501,DESMATAMENTO_CR,2021-07-19,530918,2021-05-27,2021-07-24,58,2021-06-25,6,0.7865243657638283,36.939209023080366,753,11.393369413289843,1,15,25,,,-111_-9
A_159,A,True,-55.69979451669595,-4.590037680140597,17.455001557349412,DESMATAMENTO_CR,2021-07-23,397052,2021-06-14,2021-08-05,52,2021-07-10,7,0.7859646778666476,43.160774275457314,1662,11.393369413289843,1,14,26,2021-09-19,71.0,-112_-10
A_160,A,False,-55.13973651551315,-4.219348581278175,15.431674853937421,DESMATAMENTO_CR,2021-09-02,440166,2021-07-27,2021-09-02,37,2021-08-14,8,0.7856664214583616,21.675938403499572,1475,11.393369413289843,1,6,21,,,-111_-9
A_161,A,True,-55.80224334583474,-4.9068654278895325,17.986856973010582,DESMATAMENTO_CR,2021-06-30,347424,2021-06-22,2021-07-16,24,2021-07-04,7,0.7846465836838014,48.943444523965866,1741,11.393369413289843,1,14,24,2021-07-15,11.0,-112_-10
A_162,A,True,-56.165525513513515,-5.139222666666667,11.341337565734051,DESMATAMENTO_CR,2021-07-11,396552,2021-06-30,2021-08-12,43,2021-07-21,7,0.7845404061722907,39.32421183691257,1076,11.393369413289843,1,12,27,2021-09-13,53.0,-113_-11
A_163,A,True,-56.19703429579722,-4.867784247674044,6.3721115087963645,DESMATAMENTO_CR,2021-05-20,327545,2021-04-13,2021-05-24,41,2021-05-03,5,0.7807330877936046,54.609827008028034,588,11.393369413289843,1,22,29,2021-06-27,54.0,-113_-10
A_164,A,False,-55.40765347569287,-3.980823913372712,13.514327121507469,DESMATAMENTO_CR,2021-08-18,413611,2021-07-27,2021-09-15,50,2021-08-21,8,0.77827087431682,29.16408251365204,1244,11.393369413289843,1,9,29,,,-111_-8
A_165,A,True,-56.03584503091623,-4.92649332490163,72.7303138370254,DESMATAMENTO_CR,2021-05-26,527978,2021-04-13,2021-06-05,53,2021-05-09,5,0.777062424626671,44.25417206002278,7119,11.393369413289843,1,24,28,2021-08-02,84.0,-113_-10
A_166,A,False,-55.08345153529598,-4.2148886672997765,6.46366445549624,DESMATAMENTO_CR,2021-07-20,349567,2021-05-28,2021-07-29,62,2021-06-28,6,0.7755138019267005,48.94392745764282,583,11.393369413289843,1,15,23,,,-111_-9
A_167,A,True,-55.69875503512881,-4.547216796773354,15.719607376389671,DESMATAMENTO_CR,2021-07-23,397048,2021-06-14,2021-08-08,55,2021-07-11,7,0.7719594305032493,40.47899619057908,1483,11.393369413289843,1,15,25,2021-08-02,21.0,-112_-10
A_168,A,True,-55.599219204910845,-4.480926970671343,20.992041119985654,DESMATAMENTO_CR,2021-07-19,535702,2021-06-22,2021-07-24,32,2021-07-08,7,0.7697505968482954,37.735928437467415,2046,11.393369413289843,1,13,19,,,-112_-9
A_169,A,False,-55.88891464237517,-5.364179014844803,9.082139956320264,DESMATAMENTO_CR,2021-06-22,347203,2021-05-30,2021-06-22,23,2021-06-10,6,0.7695307408004849,35.553157831554394,835,11.393369413289843,1,15,22,2021-06-27,16.0,-112_-11
A_170,A,False,-55.24087371695179,-4.444424883359253,7.891569580411166,DESMATAMENTO_CR,2021-08-18,413593,2021-07-28,2021-09-15,49,2021-08-21,8,0.7668550752333885,24.63233379154627,752,11.393369413289843,1,8,27,,,-111_-9
A_171,A,False,-55.705095077038706,-4.455290605035701,10.88603555019796,DESMATAMENTO_CR,2021-08-21,413697,2021-07-29,2021-08-21,23,2021-08-09,8,0.7657417239646684,33.701970451145385,1039,11.393369413289843,1,14,29,2021-11-24,106.0,-112_-9
A_172,A,True,-56.23803989071039,-5.070237704918033,13.463879609823227,DESMATAMENTO_CR,2021-08-06,413375,2021-07-12,2021-08-23,42,2021-08-02,8,0.7647431184263315,34.054452320161275,1292,11.393369413289843,1,12,26,,,-113_-11
A_173,A,True,-56.02189398883009,-4.891785493827162,13.908997813857068,DESMATAMENTO_CR,2021-09-22,441579,2021-08-23,2021-09-25,33,2021-09-08,9,0.7614129684759607,22.45715830824275,1305,11.393369413289843,1,8,29,2021-10-13,34.0,-113_-10
A_174,A,True,-56.20192955373407,-4.804526654523375,13.469137060575374,DESMATAMENTO_CR,2021-08-03,413322,2021-06-22,2021-08-22,61,2021-07-22,7,0.7536294041368837,42.883886255339725,1295,11.393369413289843,1,11,27,2021-09-13,52.0,-113_-10
A_175,A,False,-55.99915416974169,-5.241230061500616,16.61090237388322,DESMATAMENTO_CR,2021-08-12,396706,2021-06-29,2021-08-20,52,2021-07-25,7,0.7494854636985985,31.55499631955249,1575,11.393369413289843,1,11,26,,,-112_-11
A_176,A,False,-55.12952702284168,-4.308284785133566,10.568957598553784,DESMATAMENTO_CR,2021-10-06,455932,2021-08-19,2021-10-13,55,2021-09-15,9,0.7467369509784966,20.099482399803588,982,11.393369413289843,1,4,23,,,-111_-9
A_177,A,True,-56.27847211680628,-4.887398661080988,49.77343379458599,DESMATAMENTO_CR,2021-06-30,517919,2021-06-08,2021-07-11,33,2021-06-24,6,0.7451480087763095,43.95507140554797,4826,11.393369413289843,1,19,27,2021-09-19,86.0,-113_-10
A_178,A,True,-55.620367967953385,-4.517631731002671,42.12311524595553,DESMATAMENTO_CR,2021-07-19,530604,2021-06-30,2021-07-24,24,2021-07-12,7,0.742428260459296,41.53505414874993,4005,11.393369413289843,1,14,24,,,-112_-10
A_179,A,True,-56.00078355841373,-4.59899521972133,9.54031031916095,DESMATAMENTO_CR,2021-09-22,451035,2021-08-24,2021-10-24,61,2021-09-23,9,0.7421247390896423,28.91602606828496,881,11.393369413289843,1,4,29,,,-113_-10
A_180,A,True,-56.07410302885382,-4.642174732982624,12.828040971068573,DESMATAMENTO_CR,2021-06-30,347400,2021-05-26,2021-07-15,50,2021-06-20,6,0.740427034877587,45.06570814083612,1215,11.393369413289843,1,20,31,,,-113_-10
A_181,A,False,-55.22560017711654,-4.441459511158342,11.54898290439695,DESMATAMENTO_CR,2021-09-22,420640,2021-08-20,2021-10-01,42,2021-09-10,9,0.7389419120179216,25.18375374986273,1128,11.393369413289843,1,4,23,,,-111_-9
A_182,A,False,-56.116619402836015,-5.2323739265028975,20.460485799711385,DESMATAMENTO_CR,2021-07-19,396480,2021-06-22,2021-08-19,58,2021-07-21,7,0.7341231624122938,30.55208049562982,1910,11.393369413289843,1,11,26,2021-08-02,12.0,-113_-11
A_183,A,True,-55.91623774220724,-4.737960853692783,7.281131379618868,DESMATAMENTO_CR,2021-08-21,413688,2021-07-29,2021-09-25,58,2021-08-27,8,0.7334056808585042,20.667858190308912,686,11.393369413289843,1,9,29,2021-08-20,-7.0,-112_-10
A_184,A,True,-56.02140272855133,-4.8006488326301,36.34092260158491,DESMATAMENTO_CR,2021-07-19,396553,2021-06-03,2021-07-26,53,2021-06-29,6,0.7330335201897226,42.77585964225205,3477,11.393369413289843,1,17,29,2021-08-08,39.0,-113_-10
A_185,A,True,-56.06690869395711,-4.803068810916179,15.732409084134176,DESMATAMENTO_CR,2021-07-18,347926,2021-05-26,2021-07-20,55,2021-06-22,6,0.7330334414484284,42.030222752374925,1465,11.393369413289843,1,15,22,2021-07-21,28.0,-113_-10
A_186,A,True,-55.96556521067724,-4.5873565519523485,18.54102936258428,DESMATAMENTO_CR,2021-09-22,430421,2021-08-05,2021-09-25,51,2021-08-30,8,0.7302764129525233,28.433111595482234,1782,11.393369413289843,1,10,29,2021-09-01,1.0,-112_-10
A_187,A,True,-55.8905793558776,-4.803471884057971,19.04451881148666,DESMATAMENTO_CR,2021-08-18,413602,2021-07-29,2021-09-23,56,2021-08-26,8,0.7296746265820314,27.829928557922024,1820,11.393369413289843,1,8,31,2021-10-07,42.0,-112_-10
A_188,A,False,-56.10736439060206,-5.209557648066567,16.69754742062008,DESMATAMENTO_CR,2021-06-22,347196,2021-05-28,2021-07-08,41,2021-06-17,6,0.727610600478378,39.845329838371256,1548,11.393369413289843,1,12,21,,,-113_-11
A_189,A,True,-56.20042480974125,-4.566279756468798,8.062074248728155,DESMATAMENTO_CR,2021-08-18,413623,2021-07-29,2021-08-22,24,2021-08-10,8,0.726610498744146,38.32454338259019,764,11.393369413289843,1,10,26,2021-09-25,46.0,-113_-10
A_190,A,True,-56.023081566647974,-5.128926434847636,10.930763879130781,DESMATAMENTO_CR,2021-08-18,413599,2021-08-09,2021-09-18,40,2021-08-29,8,0.7256955253550256,21.058094621490813,1030,11.393369413289843,1,4,23,,,-113_-11
A_191,A,False,-55.36031648084619,-4.094916052029732,28.633442881610897,DESMATAMENTO_CR,2021-06-30,520531,2021-06-01,2021-07-20,49,2021-06-25,6,0.7219157763329169,33.91036036960757,2783,11.393369413289843,1,28,44,,,-111_-9
A_192,A,True,-56.08781925064599,-4.680557493540053,7.913578125832789,DESMATAMENTO_CR,2021-10-06,450082,2021-08-23,2021-10-12,50,2021-09-17,9,0.720232716200655,38.95649456310601,698,11.393369413289843,1,7,28,2021-10-07,20.0,-113_-10
A_193,A,True,-55.88796377325067,-4.798400088573959,6.9247684445597235,DESMATAMENTO_CR,2021-09-22,413602,2021-07-29,2021-09-23,56,2021-08-26,8,0.7201940336239879,29.00659774119544,629,11.393369413289843,1,10,31,2021-10-07,42.0,-112_-10
A_194,A,False,-55.09197555555556,-4.288035555555555,8.8383849607056,DESMATAMENTO_CR,2021-07-18,396708,2021-06-29,2021-07-24,25,2021-07-11,7,0.7150396189741774,30.646368171723704,818,11.393369413289843,1,12,24,,,-111_-9
A_195,A,False,-55.08577741147741,-4.269393772893773,8.378251112030819,DESMATAMENTO_CR,2021-09-22,440891,2021-08-26,2021-10-06,41,2021-09-15,9,0.7144393076571919,17.463719314617723,788,11.393369413289843,1,4,24,,,-111_-9
A_196,A,True,-55.90689352037407,-4.698325397461589,15.305331701571681,DESMATAMENTO_CR,2021-09-07,420513,2021-08-11,2021-09-22,42,2021-09-01,9,0.7143851700823428,27.049883983031265,1454,11.393369413289843,1,9,28,2021-09-19,18.0,-112_-10
A_197,A,False,-55.408820874972236,-3.9892359982234065,9.216175213604886,DESMATAMENTO_CR,2021-08-09,413442,2021-07-24,2021-09-17,55,2021-08-20,8,0.7107004989692068,33.971675775188665,845,11.393369413289843,1,7,24,2021-09-25,35.0,-111_-8
A_198,A,False,-55.35605698005698,-4.09588274770497,6.464614887914341,DESMATAMENTO_CR,2021-07-18,520531,2021-06-01,2021-07-20,49,2021-06-25,6,0.7098161336012745,30.497128953614823,604,11.393369413289843,1,29,47,2021-07-27,31.0,-111_-9
A_199,A,False,-55.713861920260335,-4.395893192297258,7.542266793715674,DESMATAMENTO_CR,2021-10-06,450231,2021-09-02,2021-10-13,41,2021-09-22,9,0.7078468174320687,34.67360582650727,669,11.393369413289843,1,6,29,2021-09-13,-10.0,-112_-9
A_200,A,True,-56.05899521912354,-4.605265432388094,26.178763551430404,DESMATAMENTO_CR,2021-07-18,397043,2021-06-30,2021-08-18,49,2021-07-24,7,0.6940163937787306,37.58808963222506,2461,11.393369413289843,1,13,27,2021-08-20,26.0,-113_-10
A_201,A,False,-55.740128298735385,-3.9639107611548567,8.577867490974628,DESMATAMENTO_CR,2021-07-23,397058,2021-07-01,2021-08-08,38,2021-07-20,7,0.6935391711685647,34.21649653040182,783,11.393369413289843,1,16,29,2021-07-21,1.0,-112_-8
A_202,A,False,-55.44017941470377,-3.973739971448965,14.337214427862037,DESMATAMENTO_CR,2021-07-18,347096,2021-05-27,2021-07-27,61,2021-06-26,6,0.6902596373757808,26.915468544297475,1337,11.393369413289843,1,16,25,,,-111_-8
A_203,A,False,-55.57588805563955,-4.415820189497026,20.294342894288526,DESMATAMENTO_CR,2021-07-18,347402,2021-05-28,2021-07-20,53,2021-06-23,6,0.6887497749753072,31.053656777948465,1890,11.393369413289843,1,16,28,,,-112_-9
A_204,A,False,-55.07518418114145,-4.362705459057075,9.893135767314304,DESMATAMENTO_CR,2021-07-29,397541,2021-07-01,2021-08-09,39,2021-07-20,7,0.6864777991815103,38.63281665737611,853,11.393369413289843,1,12,24,,,-111_-9
A_205,A,True,-55.8323099821747,-4.896343778966132,22.936218353356328,DESMATAMENTO_CR,2021-07-26,397253,2021-07-01,2021-07-31,30,2021-07-16,7,0.6763091027079614,41.45515519641909,2177,11.393369413289843,1,14,28,2021-10-07,83.0,-112_-10
A_206,A,True,-56.13109313169502,-4.590674333123293,9.736742766654864,DESMATAMENTO_CR,2021-07-23,347957,2021-06-08,2021-07-29,51,2021-07-03,7,0.6762054461137914,48.23331683013604,922,11.393369413289843,1,10,22,2021-09-19,77.0,-113_-10
A_207,A,True,-56.26740908832519,-5.097248980316919,28.75979072352387,DESMATAMENTO_CR,2021-06-06,340294,2021-05-07,2021-06-25,49,2021-05-31,5,0.6757061188764008,41.07960606973133,2770,11.393369413289843,1,19,24,2021-07-15,44.0,-113_-11
A_208,A,False,-55.69564995080355,-4.42328935170001,18.7107745109478,DESMATAMENTO_CR,2021-10-06,420655,2021-08-05,2021-10-06,62,2021-09-05,9,0.6749654237312392,25.41982589995342,1804,11.393369413289843,1,6,25,,,-112_-9
A_209,A,True,-56.15686593704399,-4.63805974567438,9.809737179346941,DESMATAMENTO_CR,2021-06-22,347209,2021-06-03,2021-07-10,37,2021-06-21,6,0.6745126389765445,34.170317994410595,925,11.393369413289843,1,19,28,2021-07-09,17.0,-113_-10
A_210,A,False,-55.55127507496701,-4.518454767902124,17.0517134490028,DESMATAMENTO_CR,2021-06-27,519358,2021-06-01,2021-07-01,30,2021-06-16,6,0.6741634822796713,40.02063584546506,1647,11.393369413289843,1,10,18,2021-07-27,41.0,-112_-10
A_211,A,True,-56.135255537370426,-4.590801418439716,14.99471606727494,DESMATAMENTO_CR,2021-06-30,347957,2021-06-08,2021-07-29,51,2021-07-03,7,0.6641782116668798,40.47683552679823,1430,11.393369413289843,1,11,20,,,-113_-10
A_212,A,True,-56.20329578918772,-4.80701301276827,7.525756658200175,DESMATAMENTO_CR,2021-08-18,413322,2021-06-22,2021-08-22,61,2021-07-22,7,0.6610918749965018,36.36173789476205,698,11.393369413289843,1,11,27,2021-08-08,16.0,-113_-10
A_213,A,True,-56.24627842639593,-4.57675970107163,7.252082924160548,DESMATAMENTO_CR,2021-06-18,347075,2021-05-28,2021-06-30,33,2021-06-13,6,0.6590804239189317,36.95398942037826,688,11.393369413289843,1,13,23,2021-08-14,61.0,-113_-10
A_214,A,True,-55.77132843137256,-4.607087254901963,13.558757081400604,DESMATAMENTO_CR,2021-08-21,413691,2021-08-04,2021-09-15,42,2021-08-25,8,0.656113583936814,23.141053901348904,1297,11.393369413289843,1,8,29,2021-08-14,-11.0,-112_-10
A_215,A,True,-55.8855588558856,-4.893157563256327,7.43283659645738,DESMATAMENTO_CR,2021-08-03,396709,2021-06-29,2021-08-22,54,2021-07-26,7,0.6546086938685138,38.68677616752091,676,11.393369413289843,1,13,27,,,-112_-10
A_216,A,False,-55.55564123748209,-4.519969384835479,17.15598800845174,DESMATAMENTO_CR,2021-06-22,519358,2021-06-01,2021-07-01,30,2021-06-16,6,0.6539079541481221,37.64398438209455,1658,11.393369413289843,1,15,22,,,-112_-10
A_217,A,False,-55.05402108079187,-4.235573515248796,7.648163481057622,DESMATAMENTO_CR,2021-07-26,397281,2021-06-21,2021-08-07,47,2021-07-14,7,0.6458028878102631,38.49724195304741,704,11.393369413289843,1,13,25,2021-07-15,0.0,-111_-9
A_218,A,False,-55.222847170148164,-4.360450615961434,11.458156189962104,DESMATAMENTO_CR,2021-08-21,779068,2021-06-21,2021-08-22,62,2021-07-22,7,0.6451598993679091,22.87063863590703,1097,11.393369413289843,1,12,24,,,-111_-9
A_219,A,False,-55.99803333333334,-5.242740740740742,12.357021546231211,DESMATAMENTO_CR,2021-07-18,396706,2021-06-29,2021-08-20,52,2021-07-25,7,0.6447232326647281,30.971653644898883,1191,11.393369413289843,1,10,27,2021-07-15,-10.0,-112_-11
A_220,A,True,-56.11637013610889,-5.079522284494262,7.657630589638278,DESMATAMENTO_CR,2021-06-21,529738,2021-05-26,2021-07-11,46,2021-06-18,6,0.6442489261529843,51.90158184064332,705,11.393369413289843,1,17,27,2021-06-21,3.0,-113_-11
A_221,A,True,-56.11482763819096,-4.614429722687513,10.98797772128284,DESMATAMENTO_CR,2021-08-18,405903,2021-06-30,2021-08-18,49,2021-07-24,7,0.6404029366588503,27.318420088144197,1037,11.393369413289843,1,11,24,,,-113_-10
A_222,A,True,-56.102528358009884,-4.858846698679473,15.326386713458318,DESMATAMENTO_CR,2021-06-18,338073,2021-05-16,2021-06-22,37,2021-06-03,6,0.6389775003334057,49.45013959332218,1424,11.393369413289843,1,19,27,,,-113_-10
A_223,A,True,-56.10184077557755,-4.8567914026402645,12.388691086174454,DESMATAMENTO_CR,2021-07-23,522933,2021-07-11,2021-07-26,15,2021-07-18,7,0.6349940395817989,38.294340445339,1152,11.393369413289843,1,13,25,2021-08-20,32.0,-113_-10
A_224,A,True,-56.225653525369474,-5.074360867928079,21.710073086476513,DESMATAMENTO_CR,2021-08-06,413375,2021-07-12,2021-08-23,42,2021-08-02,8,0.6325430391236958,28.652275913177597,2097,11.393369413289843,1,11,28,2021-08-02,0.0,-113_-11
A_225,A,False,-55.264585140388775,-4.474223398128148,14.205486854716856,DESMATAMENTO_CR,2021-06-22,347201,2021-06-01,2021-06-29,28,2021-06-15,6,0.6241645666457729,38.07601330739716,1360,11.393369413289843,1,31,50,,,-111_-9
A_226,A,False,-55.09987464859438,-4.210623694779117,12.227635100688692,DESMATAMENTO_CR,2021-09-22,441586,2021-08-20,2021-10-20,61,2021-09-19,9,0.6158325126575199,24.43608427178004,1148,11.393369413289843,1,3,20,2021-09-13,-7.0,-111_-9
A_227,A,True,-55.80519989846243,-4.861619567740063,14.09360415571928,DESMATAMENTO_CR,2021-06-30,347967,2021-05-30,2021-07-23,54,2021-06-26,6,0.6070317345167855,24.90468177612188,1346,11.393369413289843,1,18,27,,,-112_-10
A_228,A,False,-55.35456564327486,-4.098086695906433,5.598968516860903,DESMATAMENTO_CR,2021-07-18,520531,2021-06-01,2021-07-20,49,2021-06-25,6,0.6045624277156171,27.27262837480197,528,11.393369413289843,1,29,48,2021-07-27,31.0,-111_-9
A_229,A,True,-55.722418964290796,-4.586798861858018,14.375121482722369,DESMATAMENTO_CR,2021-06-30,347192,2021-06-03,2021-07-18,45,2021-06-25,6,0.603998064730971,38.99849443071816,1378,11.393369413289843,1,14,25,,,-112_-10
A_230,A,True,-56.02541855053191,-4.775129964539007,18.450312659495136,DESMATAMENTO_CR,2021-06-27,347347,2021-06-14,2021-06-30,16,2021-06-22,6,0.5980881686545216,33.18092966581125,1777,11.393369413289843,1,21,29,,,-113_-10
A_231,A,True,-56.2346430102418,-5.073632008235667,38.71157619657116,DESMATAMENTO_CR,2021-08-21,413375,2021-07-12,2021-08-23,42,2021-08-02,8,0.595514253051611,24.75894228119597,3747,11.393369413289843,1,10,26,,,-113_-11
A_232,A,True,-55.80291782265145,-4.902991513023119,6.985050404489413,DESMATAMENTO_CR,2021-06-30,347424,2021-06-22,2021-07-16,24,2021-07-04,7,0.5922961570115631,33.93841993729268,650,11.393369413289843,1,12,20,,,-112_-10
A_233,A,False,-55.574216467065874,-4.414050964737192,12.298084492714517,DESMATAMENTO_CR,2021-06-30,347402,2021-05-28,2021-07-20,53,2021-06-23,6,0.5893463925715811,31.33589789639562,1165,11.393369413289843,1,16,29,,,-112_-9
A_234,A,True,-55.9688085405677,-4.808564682240641,24.417268498710264,DESMATAMENTO_CR,2021-06-30,347431,2021-05-26,2021-07-08,43,2021-06-16,6,0.5863881841665307,39.99271599038209,2367,11.393369413289843,1,19,28,,,-112_-10
A_235,A,False,-55.35793255360624,-4.323824600389863,20.99012195795402,DESMATAMENTO_CR,2021-06-30,347226,2021-06-03,2021-07-19,46,2021-06-26,6,0.5811426084068293,31.795111100861863,1973,11.393369413289843,1,28,41,,,-111_-9
A_236,A,True,-56.268264828137475,-4.709456754596324,10.232028635056317,DESMATAMENTO_CR,2021-06-17,347064,2021-05-26,2021-06-30,35,2021-06-12,6,0.5810548701684264,23.591918572419136,902,11.393369413289843,1,13,22,2021-07-09,26.0,-113_-10
A_237,A,False,-56.09924516090297,-5.301735638808838,17.01384413737217,DESMATAMENTO_CR,2021-07-18,347195,2021-05-25,2021-07-19,55,2021-06-21,6,0.5739295758846941,27.813849395191973,1579,11.393369413289843,1,14,21,2021-08-26,65.0,-113_-11
A_238,A,True,-56.03483174054883,-4.905064095183266,10.65232121785544,DESMATAMENTO_CR,2021-06-22,347206,2021-06-12,2021-07-19,37,2021-06-30,6,0.5641588022295833,36.49549105718753,1008,11.393369413289843,1,18,30,2021-09-13,74.0,-113_-10
A_239,A,True,-55.83565097544568,-4.490195526404305,12.161848468995187,DESMATAMENTO_CR,2021-06-30,347432,2021-06-22,2021-07-26,34,2021-07-09,7,0.5569756871368414,26.887330580180368,1163,11.393369413289843,1,15,30,,,-112_-9
A_240,A,False,-55.1218260693836,-4.343276473560119,36.443678163917085,DESMATAMENTO_CR,2021-10-06,449007,2021-08-19,2021-10-13,55,2021-09-15,9,0.5543000325854287,16.529226684560893,3508,11.393369413289843,1,3,21,,,-111_-9
A_241,A,False,-55.491269942196524,-4.421406872190109,6.369903747249395,DESMATAMENTO_CR,2021-06-24,347849,2021-05-26,2021-07-19,54,2021-06-22,6,0.5536228431316695,31.31975266466745,589,11.393369413289843,1,16,23,,,-111_-9
A_242,A,False,-55.13633316603932,-4.331692513592639,9.783054695730844,DESMATAMENTO_CR,2021-08-21,397280,2021-06-29,2021-08-21,53,2021-07-25,7,0.5529395362596116,21.651079110863613,909,11.393369413289843,1,14,30,,,-111_-9
A_243,A,True,-55.865036233084794,-4.864414056890362,7.4024827933439985,DESMATAMENTO_CR,2021-08-21,413695,2021-07-29,2021-08-24,26,2021-08-11,8,0.5482897175019745,26.641934542311308,704,11.393369413289843,1,10,27,2021-10-07,57.0,-112_-10
A_244,A,True,-55.61464397920087,-4.500878899835796,7.4737176918129435,DESMATAMENTO_CR,2021-07-23,397050,2021-07-18,2021-08-05,18,2021-07-27,7,0.5450278337727239,48.043509688139736,687,11.393369413289843,1,10,15,2021-09-25,60.0,-112_-10
A_245,A,False,-55.94424741784038,-5.339497887323944,10.443039124446083,DESMATAMENTO_CR,2021-07-14,349387,2021-06-29,2021-07-29,30,2021-07-14,7,0.5434248798453482,41.14825191008983,978,11.393369413289843,1,8,19,2021-07-15,1.0,-112_-11
A_246,A,True,-56.0739102351314,-4.696679852466575,17.740752173834295,DESMATAMENTO_CR,2021-06-30,347397,2021-05-21,2021-07-18,58,2021-06-19,6,0.5335660085761378,43.33471359827921,1712,11.393369413289843,1,18,24,2021-07-15,26.0,-113_-10
A_247,A,False,-55.060851976284596,-4.428155138339921,6.210304798935726,DESMATAMENTO_CR,2021-10-03,780134,2021-08-08,2021-10-07,60,2021-09-07,9,0.5234724290994844,31.300069136214656,562,11.393369413289843,1,6,23,,,-111_-9
A_248,A,True,-55.92728567355666,-4.594653029223093,8.607808117674663,DESMATAMENTO_CR,2021-06-30,528661,2021-06-13,2021-07-25,42,2021-07-04,7,0.508854112781724,47.058887514458384,804,11.393369413289843,1,17,29,2021-08-08,35.0,-112_-10
A_249,A,True,-56.23347582213988,-5.067918635170604,13.236934145258367,DESMATAMENTO_CR,2021-08-06,413375,2021-07-12,2021-08-23,42,2021-08-02,8,0.5079736496154695,34.35170535928946,1218,11.393369413289843,1,11,27,2021-11-30,120.0,-113_-11
A_250,A,False,-55.123134946236554,-4.408308333333334,6.848686208731867,DESMATAMENTO_CR,2021-07-18,349550,2021-05-26,2021-07-18,53,2021-06-21,6,0.5075306079113417,26.82934998133272,626,11.393369413289843,1,18,24,2021-08-08,47.0,-111_-9
A_251,A,False,-55.5077821476769,-4.54501415076152,10.608623500513472,DESMATAMENTO_CR,2021-07-19,530766,2021-06-29,2021-08-22,54,2021-07-26,7,0.5037642338610842,38.08930791838332,1011,11.393369413289843,1,14,26,2021-07-27,1.0,-112_-10
B_252,B,False,-59.617082442016475,0.8337319340617215,10.701635521075653,DESMATAMENTO_CR,2021-09-21,441456,2021-08-22,2021-10-13,52,2021-09-17,9,0.9997709315095643,36.689564065075054,1007,19.131397146071485,1,7,21,2021-11-26,70.0,-120_1
B_253,B,False,-59.34838258556228,0.8210764883520285,14.26478868587421,DESMATAMENTO_CR,2021-09-01,423477,2021-07-28,2021-09-28,62,2021-08-28,8,0.9971958576577704,40.64320019832065,1351,19.131397146071485,1,7,17,,,-119_1
B_254,B,True,-60.01669504634068,0.6377678811121764,6.418794212178257,DESMATAMENTO_CR,2021-08-26,414321,2021-08-06,2021-10-06,61,2021-09-05,9,0.9677284985815385,36.65706402817628,584,19.131397146071485,1,12,27,,,-121_1
B_255,B,False,-60.685260714285704,1.322877687590187,11.37063242482068,DESMATAMENTO_CR,2021-04-21,326630,2021-02-19,2021-04-21,61,2021-03-21,3,0.9628669854835781,44.80578572490632,1071,19.131397146071485,1,20,24,,,-122_2
B_256,B,False,-59.615526946829334,0.8349612291007676,13.618579677446931,DESMATAMENTO_CR,2021-10-05,441456,2021-08-22,2021-10-13,52,2021-09-17,9,0.9580849029538642,37.22024323875816,1262,19.131397146071485,1,8,23,2021-11-26,70.0,-120_1
B_257,B,True,-60.46507876546789,0.7843569702242843,42.437811194827106,DESMATAMENTO_CR,2021-04-21,321861,2021-03-19,2021-04-21,33,2021-04-04,4,0.9297756876883152,39.1025955331411,4076,19.131397146071485,1,18,25,,,-121_1
B_258,B,False,-59.800998987654324,0.7278501234567897,8.307971791043412,DESMATAMENTO_CR,2021-10-11,450765,2021-08-21,2021-10-20,60,2021-09-20,9,0.9078658968446314,26.50450539633,785,19.131397146071485,1,8,22,,,-120_1
B_259,B,False,-59.35175162722337,0.8212886019376702,68.38849075964721,DESMATAMENTO_CR,2021-09-12,423477,2021-07-28,2021-09-28,62,2021-08-28,8,0.9049727380689165,37.75840026058292,6578,19.131397146071485,1,7,14,2021-12-04,98.0,-119_1
B_260,B,False,-59.55812381849584,0.9252875019626315,13.064415920475358,DESMATAMENTO_CR,2021-09-12,440584,2021-08-26,2021-09-30,35,2021-09-12,9,0.9028329106758488,45.98753932017036,1201,19.131397146071485,1,6,22,2021-12-20,98.0,-120_1
B_261,B,False,-59.59596553308824,0.6673472732843135,6.695692785570398,DESMATAMENTO_CR,2021-09-21,441453,2021-08-20,2021-10-13,54,2021-09-16,9,0.8964651156035971,36.43564948572177,625,19.131397146071485,1,7,22,2021-11-26,71.0,-120_1
B_262,B,True,-60.00674006100661,0.6426581596339599,12.105231575959712,DESMATAMENTO_CR,2021-09-12,414321,2021-08-06,2021-10-06,61,2021-09-05,9,0.893338031894775,43.75537540178608,1150,19.131397146071485,1,10,23,2021-11-26,81.0,-121_1
B_263,B,False,-61.8141715459298,3.7801121981578287,16.44694213405065,DESMATAMENTO_CR,2021-03-28,320043,2021-02-18,2021-04-18,59,2021-03-19,3,0.8688555658363286,51.06922025188347,1583,19.131397146071485,1,18,22,,,-124_7
B_264,B,True,-60.22923031379515,1.0449076376554172,6.928885590725741,DESMATAMENTO_CR,2021-04-21,321790,2021-02-19,2021-04-21,61,2021-03-21,3,0.8625856417959545,48.37092287927318,615,19.131397146071485,1,21,26,,,-121_2
B_265,B,False,-60.3645666419936,0.5587915864791514,8.314393018507353,DESMATAMENTO_CR,2021-04-21,321644,2021-02-19,2021-04-21,61,2021-03-21,3,0.8416445956045997,45.95603834011333,780,19.131397146071485,1,21,26,2021-07-22,122.0,-121_1
B_266,B,False,-59.80590782784517,0.6898962160600807,7.101832452636305,DESMATAMENTO_CR,2021-09-29,442089,2021-08-21,2021-10-15,55,2021-09-17,9,0.8326144032104373,24.87313351552894,653,19.131397146071485,1,7,17,2021-11-14,57.0,-120_1
B_267,B,False,-61.30091449407473,2.123642236402308,6.7470124683183155,DESMATAMENTO_CR,2021-03-20,307760,2021-01-20,2021-03-20,59,2021-02-18,2,0.8133560519146976,48.59741036543691,617,19.131397146071485,1,21,24,2021-03-20,29.0,-123_4
B_268,B,True,-60.014158331033215,0.6399304903855009,22.296538895422138,DESMATAMENTO_CR,2021-10-05,414321,2021-08-06,2021-10-06,61,2021-09-05,9,0.8045138387410371,26.470274561627942,2120,19.131397146071485,1,13,26,,,-121_1
B_269,B,False,-61.313630483048286,2.15436093609361,6.83298627866907,DESMATAMENTO_CR,2021-03-17,307750,2021-01-20,2021-03-19,58,2021-02-18,2,0.7784672022563985,47.846914462286506,652,19.131397146071485,1,21,23,,,-123_4
B_270,B,False,-60.67543140903309,0.2030081902035627,12.899828845427406,DESMATAMENTO_CR,2021-04-21,329716,2021-02-19,2021-04-21,61,2021-03-21,3,0.7421489177025754,42.361972140176,1222,19.131397146071485,1,19,21,,,-122_0
B_271,B,False,-59.583789914330225,1.1190087616822426,10.534608984141144,DESMATAMENTO_CR,2021-10-14,456063,2021-08-25,2021-10-20,56,2021-09-22,9,0.7170950308836688,26.05924996175638,1004,19.131397146071485,1,8,21,2021-10-16,24.0,-120_2
B_272,B,True,-60.09615642023345,0.7755231517509728,12.652598583879543,DESMATAMENTO_CR,2021-06-12,528611,2021-04-21,2021-06-19,59,2021-05-20,5,0.7135489881907168,44.79457254105961,1197,19.131397146071485,1,17,26,,,-121_1
B_273,B,False,-59.86003632845364,0.6145152616523647,12.191452033761143,DESMATAMENTO_CR,2021-10-14,456126,2021-08-24,2021-10-20,57,2021-09-21,9,0.6962166440774767,21.38634508150429,1173,19.131397146071485,1,8,21,2021-11-14,53.0,-120_1
B_274,B,True,-60.278886079447325,0.9745745423143359,11.876582140431413,DESMATAMENTO_CR,2021-04-21,321555,2021-02-24,2021-04-21,56,2021-03-24,3,0.6742094562305883,43.317680763842574,1107,19.131397146071485,1,18,23,,,-121_1
B_275,B,False,-61.37889996665,2.9062601467400375,12.287521428137644,DESMATAMENTO_CR,2021-12-16,495252,2021-11-09,2022-01-03,55,2021-12-06,12,0.6507848777687371,34.05928802558025,1165,19.131397146071485,1,0,29,,,-123_5
B_276,B,True,-60.27938522954092,0.9772483632734528,10.276619872903497,DESMATAMENTO_CR,2021-04-21,321555,2021-02-24,2021-04-21,56,2021-03-24,3,0.6272711596713296,39.50110851117735,951,19.131397146071485,1,16,21,2021-11-14,235.0,-121_1
B_277,B,True,-60.287483131213804,0.9651989293127939,18.774897140721418,DESMATAMENTO_CR,2021-04-21,518933,2021-03-15,2021-04-21,37,2021-04-02,4,0.5922238453840695,50.44092894898655,1837,19.131397146071485,1,19,25,2021-11-14,225.0,-121_1
B_278,B,False,-59.58341300813008,1.1210551942186084,9.08240320331324,DESMATAMENTO_CR,2021-10-11,456063,2021-08-25,2021-10-20,56,2021-09-22,9,0.5382509127777232,23.6826283320373,848,19.131397146071485,1,6,21,2021-10-16,24.0,-120_2
B_279,B,False,-61.65500887428103,2.4313460147904684,7.4835067969032565,DESMATAMENTO_CR,2021-03-20,306349,2021-01-21,2021-03-20,58,2021-02-19,2,0.5364041310801825,47.05913632980571,702,19.131397146071485,1,20,24,2021-04-24,64.0,-124_4
B_280,B,True,-60.48240158900198,0.6572419210855205,11.489786758716079,DESMATAMENTO_CR,2021-04-21,528712,2021-03-21,2021-04-21,31,2021-04-05,4,0.5333415718138705,24.55463230257257,1069,19.131397146071485,1,20,25,,,-121_1
B_281,B,False,-59.815130057803465,0.7270258188824662,6.387907662125677,DESMATAMENTO_CR,2021-09-29,442090,2021-08-21,2021-10-15,55,2021-09-17,9,0.5170817828243455,26.263155767212645,600,19.131397146071485,1,9,20,2021-09-28,10.0,-120_1
B_282,B,False,-59.82062578890096,0.7312634022488218,11.311140879832498,DESMATAMENTO_CR,2021-03-20,320209,2021-01-26,2021-03-20,53,2021-02-21,2,0.5038084865387169,44.29726683018449,1095,19.131397146071485,1,21,23,2021-03-02,8.0,-120_1
