lon,lat,cls,w,sep,res,x,uv,yy,blk
-55.11824529807093,-7.150454914298775,1,0.9894069490933114,0.8961524436435963,0.5991879620024781,0.6320043528640173,0.6246192542098895,0.7785666886763601,-552_-72
-54.97640131470845,-6.7433384275358055,1,0.7650523284101507,1.0220952852823988,0.4060960916710975,0.7095362981232929,0.5215793943151135,0.8614266776109091,-550_-68
-55.09560775291111,-6.850597272459678,1,1.1000434856867003,0.5733131237030358,0.2834809637878357,0.8076329732701217,0.840108490021213,0.958970821650384,-551_-69
-55.29979481699148,-6.63949318069159,1,1.0666380645001483,0.6065618517065077,0.3101696049663676,0.7979066472673914,0.8216127727764482,0.9502018125995074,-553_-67
-55.054375081370026,-7.097813638649368,1,1.7434554005097498,0.4187768844796277,0.4944899436420813,0.745095159064749,0.9135869953309592,0.8627078769721698,-551_-71
-55.09605691055317,-6.850058283289206,1,1.1251676643381128,0.7197721303911057,0.2770884741020288,0.6895966929585686,0.7519559633483175,0.9596178977682998,-551_-69
-55.09578741596793,-6.849429462590324,1,1.1911617971758823,0.610653873828874,0.2802563060826624,0.7469140105667222,0.8192732596119464,0.9576731010357268,-551_-69
-54.79736707858344,-7.423273266085873,1,0.8897191916224461,1.0371763013107107,0.5168402274201906,0.6035935601617749,0.5086534055676987,0.8297018751105844,-548_-75
-55.097045057365705,-6.8510464301017375,1,1.3779244605423009,0.5365733083344807,0.3063333597925047,0.7389016454056575,0.8594654277382149,0.94185521559522,-551_-69
-55.00362026781727,-7.350599559600605,1,1.2418975047154774,0.6211458766023217,0.3407929132478745,0.7169357157015738,0.813212127887996,0.9369523917471188,-551_-74
-55.38594325273854,-6.598530003735741,1,0.9901554375168152,0.9097359090405234,0.4175451521182719,0.6209988179213006,0.6139542288839607,0.9048646779304858,-554_-66
-55.099290845576,-6.849698957175557,1,1.0593487668931991,0.4940436106468033,0.2135283639465257,0.8661425229494291,0.8804226225355315,0.9768521722857904,-551_-69
-54.9376839259629,-7.462260149416659,1,1.1731818107224932,0.676040005291766,0.4313069041315342,0.7016271321428589,0.7800566325228179,0.9021987962220192,-550_-75
-55.09408061692811,-6.851315924686974,1,1.3351034666175572,0.4267350276077733,0.2623027612948359,0.8420437244067099,0.910321974114295,0.9616181500593995,-551_-69
-55.09938067710441,-6.852034576914269,1,1.2373877944331553,0.633285791534017,0.3533924309325388,0.7083629372135433,0.8060873430368147,0.9325972478275224,-551_-69
-55.34174614075986,-7.123235961189954,1,0.9242954376472988,0.7643598221924065,0.3846660695132806,0.7606423472118568,0.7218255564025371,0.9109575239523556,-554_-72
-55.31524583987833,-6.504296730431603,1,0.9408985030438872,0.6351788257191765,0.3270871475378691,0.8266665432113547,0.804965608205876,0.937096723778052,-554_-66
-55.02607814992026,-7.382399920658434,1,1.080160859435702,0.8989775734553422,0.3220548086572315,0.564441023880887,0.6224105374548369,0.946203975787268,-551_-74
-55.02491034005091,-7.381142279260667,1,1.1666475630285214,0.9150154422612264,0.3151380903541433,0.4823152582162748,0.6097783364012395,0.94191361516088,-551_-74
-55.107285851604665,-7.147041316219118,1,0.9706170170763594,0.7602468872975555,0.5204135698592057,0.7398771713065144,0.7246659026982347,0.8299432496388504,-552_-72
-55.09587724749635,-6.848980304948261,1,1.319863186542528,0.525554104066672,0.2607764799171934,0.7689114388766867,0.8650460846322231,0.9580096790028854,-551_-69
-55.1142927108208,-6.692583613983056,1,0.9564526302564328,1.0195233249700693,0.5916811727485972,0.5610639525418388,0.5237720703937696,0.7870071155018161,-552_-67
-55.18912237398796,-6.885182410898279,1,1.0406092450929334,0.6545632271376255,0.304147292461054,0.7768525272789385,0.7933139166744639,0.9519611406667738,-552_-69
-54.9189091365248,-7.457499078410825,1,1.1264530147045977,0.5014384356475684,0.2479508474435141,0.8446705961286296,0.8768920314414901,0.9687212900252334,-550_-75
-55.31488651376469,-6.665813818516293,1,1.3222067632553909,0.5641568853468698,0.3329683846134849,0.7344556800012295,0.8450397171052273,0.9368466231823714,-554_-67
-55.01170510537435,-7.002322723947463,1,0.942164251521212,0.5267187661792586,0.2115918372602016,0.8793715703642804,0.8644611959349028,0.974602984892836,-551_-71
-55.10620787326372,-6.643625430998538,1,1.101510876544931,0.9588271138032228,0.4566286932948017,0.492219624753204,0.5744804098503505,0.8893639014125376,-552_-67
-55.09390095387128,-6.845656538397021,1,1.035185365614285,0.3132793462309719,0.1690853519925974,0.9478733110812227,0.9513280580429172,0.9849735186877672,-551_-69
-54.98062339654381,-6.7509741074508245,1,0.5770389934909014,0.9509307657848288,0.2493188373106337,0.8531907079183603,0.5809257382892246,0.8685584705613326,-550_-68
-55.114382542349205,-6.692853108568288,1,1.0605467602364749,1.0508128204482214,0.5273665908557933,0.4406837165665883,0.4968658242674534,0.8493656442136751,-552_-67
-54.973796200384506,-7.329039992781736,1,0.8054307883059831,0.8714980927606818,0.4167874118789673,0.7635965221432447,0.6436807884348155,0.8689262557609153,-550_-74
-55.01619668179495,-7.341796069816231,1,1.300941411429401,0.7515131346216606,0.4396607095819779,0.5589523123407568,0.730656620431529,0.8884020246552911,-551_-74
-55.11743681431521,-7.150904071940834,1,0.8774121083257241,0.7927739255494872,0.4209470773691856,0.7676760986702391,0.7018721431632259,0.8829913671448935,-552_-72
-55.31533567140674,-6.504476393488426,1,0.9789811471839156,0.5876143116889312,0.2892836004549554,0.8390490637011375,0.8322656171782629,0.9537536209788888,-554_-66
-55.114023216235566,-6.692763277039878,1,0.9688256695750556,1.0366763926648457,0.454263151880697,0.5366294652886145,0.5090837490268214,0.8852516040247733,-552_-67
-55.09623657361,-6.849968451760793,1,1.1774642796028656,0.6825427639581406,0.3178531244340315,0.6940695252661377,0.7759713344806756,0.9460156690688128,-551_-69
-55.17861208516376,-7.106617128433742,1,0.999307385900397,0.7720779565071879,0.2971418502026742,0.7168355362094934,0.7164625819691095,0.9536175457905832,-552_-72
-54.99158284301007,-6.746572362558636,1,0.8946314915674755,0.8178192487301238,0.320984221649308,0.7440751551949455,0.6838140310095737,0.9363411318599404,-550_-68
-55.09785354112141,-6.848531147306202,1,1.0529483410553744,0.586666501910044,0.2039552923166645,0.8151955864725968,0.8327906872833492,0.9789801899455756,-551_-69
-55.07279054469447,-7.316733073389296,1,1.0362083673268738,0.6023382299941327,0.2156906945765312,0.8114613783093806,0.8240130959597503,0.9763856379729146,-551_-74
-55.43283531056958,-7.460822844962069,2,0.6585482408565739,1.0233021333928225,0.320550822980986,0.7813977223736589,0.5205493286008798,0.8639067538717624,-555_-75
-54.99814054458415,-7.497923266196205,2,0.9037181489721452,1.1059560891920124,0.2653334150200784,0.5407460311083144,0.4482799966475497,0.9559496270399064,-550_-75
-55.07485666984795,-7.313858464480115,2,0.7942486484113842,0.6016858257775376,0.2583988929629916,0.8879681506580515,0.8243825537186554,0.947373000151806,-551_-74
-54.89070203660345,-6.561699077086841,2,1.0743424004861322,0.8878239560363508,0.5607102082045605,0.5785659614252407,0.6311014773396977,0.8246113613475786,-549_-66
-55.06973627272847,-7.003400702288408,2,0.9423065866526302,0.8448971745174881,0.3536426632946723,0.6994618073284149,0.6638081894684285,0.9287856856876828,-551_-71
-55.10486040033754,-6.6414694743166525,2,1.016438838805266,0.5884976339806445,0.3314557617898194,0.8263664853121142,0.8317755989215992,0.9400680216301038,-552_-67
-55.49778350561142,-7.276219054075506,2,0.9165376812893106,0.9774919512129964,0.4564498542883547,0.6248099675974153,0.5591037205842074,0.8745301960429557,-555_-73
-55.02634764450549,-7.382399920658434,2,1.0674220146257196,0.6904806397039223,0.2190177032096781,0.7404650872605263,0.7709399808815733,0.9755501378303468,-551_-74
-55.11483169999127,-6.69339209773876,2,0.99106886659264,1.2084837731301086,0.7156881116311107,0.3645091969920775,0.3544376010114111,0.6862738019461654,-552_-67
-55.10692652549102,-6.641828800430302,2,1.0802367555760206,1.0577792754403987,0.5517457461635888,0.415183294391401,0.4908081360479903,0.8339852806147222,-552_-67
-55.11474186846286,-6.693032771625115,2,1.0183448789714664,1.1762585209748424,0.6204931990756343,0.3643730536904964,0.3843815440812476,0.7811298744856213,-552_-67
-54.798085730810726,-7.423902086784755,2,0.9297396257292952,1.0793455323567274,0.371998321959978,0.5373451579635256,0.4719054760383321,0.9208846100507584,-548_-75
-54.8076977043508,-7.408720558483138,2,0.8395265817612529,1.1818132090167095,0.4138851807299627,0.5468797488795972,0.3792476951386958,0.8807874334554141,-549_-75
-55.44109981118348,-7.453187165047053,2,1.4579974560082474,0.6980093339411084,0.3434014257551898,0.5253279592431918,0.7661230932828158,0.9028211131642656,-555_-75
-55.10575871562166,-6.64272711571442,2,1.0349142279760306,1.1200910157042314,0.6010419656830027,0.4000745589672798,0.4356005211966356,0.7970557383882608,-552_-67
-55.48314096648028,-7.212169174317784,2,0.960651849918966,1.1772040224229452,0.478193381473834,0.4258608449918931,0.3835085097397697,0.8726878984379031,-555_-73
-54.88180871529066,-6.562687223899372,2,1.308186454982124,0.772066316072079,0.5429821873328257,0.531855050101246,0.7164707025851856,0.8344026863355576,-549_-66
-55.07961774085378,-6.855088848880277,2,0.9312141280875832,0.459157794955809,0.2421157966413735,0.9099743088195016,0.896426075027187,0.9649214244484386,-551_-69
-55.24311112256353,-7.499809728292854,2,0.8771436805816699,1.0587726517004254,0.6130963688252792,0.5988789938392075,0.4899423973951402,0.7425660753021233,-553_-75
-54.7979060677539,-7.42318343455746,2,0.9215306973170216,0.7895336215079112,0.2767184401389126,0.7467863965608708,0.7041765325819587,0.9552655010841512,-548_-75
-55.114382542349205,-6.6932124346819375,2,1.0882421525446384,1.086877902311823,0.6865212207260567,0.378347074920612,0.4652512441832843,0.7256519142594583,-552_-67
-55.07683296347301,-6.86029907752817,2,0.837841244507933,0.6679421698822146,0.3301694185210414,0.8474518579418409,0.7850978890353737,0.9228107059051164,-551_-69
-55.07844993098443,-6.859310930715639,2,0.9786301941065102,0.4820651618549251,0.2364293020692446,0.8907682268716035,0.886039383249663,0.969189655828408,-551_-69
-55.07844993098443,-6.859131267658812,2,0.9442142655349416,0.5152222687086062,0.212061726825359,0.8839838910920759,0.8701832257164276,0.9745261947427728,-551_-69
-55.36573115884585,-6.5502904729785225,2,0.7078973913538982,0.3707835443048843,0.1545328903453819,0.9657503024669928,0.9320437177254598,0.9756477441542388,-554_-66
-54.88405450350096,-6.570592398399624,2,1.1732998535140444,0.9225589627377656,0.481239812877627,0.4691764911641207,0.6037822604236002,0.8735379521170178,-549_-66
-55.092733144001926,-7.37431508310136,2,0.8962307971972927,1.230980904890262,0.4929213996611729,0.4507035578100341,0.3333130746004443,0.8519079457358324,-551_-74
-55.1151011945765,-6.693122603153524,2,0.9754499368336712,1.1142784591557728,0.5191039685531816,0.4652114546781388,0.4408252483850812,0.8486638504310517,-552_-67
-55.11824529807093,-6.700937946125366,2,0.9228597763000072,1.1639485281285966,0.6511149097392017,0.4764698071794171,0.3957164029272745,0.7311069778414565,-552_-68
-55.09237381788828,-7.374584577686596,2,0.8279673244498917,1.223810085611114,0.5322716033994151,0.5290847015484095,0.3400652117209821,0.8014117715645108,-551_-74
-55.48053585215632,-7.271278320012849,2,1.061779920260543,0.8881565062262596,0.4543340085338659,0.5873410552620684,0.6308434831721926,0.8902127366208334,-555_-73
-55.48269180883821,-7.212618331959844,2,1.0286300261241992,0.9779711527311012,0.4173558428414936,0.535268709621488,0.5587063515186025,0.9081204546620272,-555_-73
-54.88369517738732,-6.569873746172329,2,1.0686456475859862,0.9156213753620198,0.3988012464894987,0.5582885749588223,0.6092979788774942,0.9170372014076154,-549_-66
-55.26224523811528,-7.021367007970797,2,1.3108891777292755,0.6961075046617832,0.3539705854311661,0.6117544160476533,0.7673440010429846,0.9230573138033886,-553_-71
-54.79880438303802,-7.425698717352995,2,0.9166948107008626,0.4583496174218058,0.1945409959287144,0.9130209475224756,0.8967839610973862,0.977422556639485,-548_-75
-55.49796316866825,-7.276219054075506,2,0.906468224644388,1.0301475425544022,0.4796678746123402,0.5947867217544612,0.5146923512841673,0.8592204129337768,-555_-73
-54.88180871529066,-6.562777055427782,2,1.3317317385812142,0.8114756829576013,0.5487818361718085,0.4707391799888872,0.6884288643604232,0.8251305510065408,-549_-66
-55.07665330041619,-6.86029907752817,2,0.7933288450936513,0.621521117980993,0.3016416519929356,0.8808835829120232,0.8129936923973139,0.9285477546639044,-551_-69
-54.9872709296463,-6.752231748848589,2,0.5198544417430384,0.8836611306775466,0.2208151749978736,0.8963297174466803,0.6343251046051698,0.8658018846742322,-550_-68
-55.07108374565465,-6.999627778095105,2,1.0479167889073997,0.7477105881075513,0.3951566059041576,0.708420553476534,0.7332475018554511,0.917089595652812,-551_-70
-55.115370689161736,-6.692853108568288,3,0.7949440324584909,1.0343711800886035,0.4564468188024892,0.680561803736504,0.5110665302627372,0.8404516333513226,-552_-67
-55.48359012412233,-7.213426815715552,3,1.0189210122846446,1.03606283163655,0.5718576880640855,0.4926481026653903,0.5096117555708988,0.8154456643638527,-555_-73
-55.3306968627652,-7.152880365565897,3,0.936857053875808,0.6767057813361498,0.1524061016444041,0.8056783417373706,0.7796398776621716,0.986599068497743,-554_-72
-54.8812697261202,-6.560621098745896,3,1.1978821155865302,0.8668652733229051,0.5847498713514385,0.507597381127331,0.6472193374298857,0.8108986377788333,-549_-66
-54.88324601974526,-6.567717789490439,3,1.1696519340778528,0.8962156286573218,0.4663360354327544,0.499079312735867,0.6245699099258101,0.8821116349979846,-549_-66
-55.49194445626465,-7.2671460697059,3,0.9180648036423228,1.0447931223954807,0.4909579335980695,0.5741851501529665,0.5020808490982012,0.8549077716981357,-555_-73
-55.0211374158576,-7.37431508310136,3,1.0108180985611546,1.048380356164327,0.448935012196871,0.4891147189270503,0.4989753113322132,0.8921229507297715,-551_-74
-54.886929112410144,-6.548583673938696,3,1.122420109044469,1.053863293046705,0.6731322513277412,0.3782628339350153,0.4942162329840606,0.7393743401859014,-549_-66
-55.09192466024622,-7.415188428528795,3,0.9458142585108078,1.010730708486237,0.4529896619727436,0.5768219588449773,0.5312417922246506,0.882340325320711,-551_-75
-54.800241687492615,-7.433154734211188,3,1.23009660363124,0.5038580997699234,0.3758388417404732,0.8139980529181615,0.875726363547809,0.9266707117201692,-549_-75
-54.87785612804053,-6.551458282847877,3,1.0322384527074786,0.8310692890482612,0.5140660280727104,0.6540564874864765,0.6740863124687647,0.8507902901332867,-549_-66
-55.31955775324211,-6.622515021821732,3,0.9228469533710588,0.4431471915743049,0.2305117903104158,0.9175360592538198,0.9034066716421288,0.967844982462458,-554_-67
-55.1060282102069,-6.642188126543948,3,1.0289123633877135,1.1430197023937927,0.6439564958361443,0.3845582488384307,0.4148488014472889,0.7613247135746595,-552_-67
-54.882886693631605,-6.56762795796203,3,1.3303809808670013,0.697412525677884,0.4415808401033851,0.5995766024394548,0.7665065218313544,0.8882520543587692,-549_-66
-55.07359902845018,-6.857154974033749,3,0.8601932420555153,0.8308852628106705,0.326100388687953,0.7552755470827844,0.6742222325101651,0.929093357137504,-551_-69
-55.10593837867849,-6.642637284186007,3,1.0352003854262626,1.092790548368524,0.6588462738025783,0.4255224468866483,0.4600093940741744,0.7465747648296038,-552_-67
-55.09219415483146,-7.374764240743419,3,0.9572490410915914,1.1859360318362888,0.5501335273566723,0.4219183615682668,0.3754296546695361,0.826336772787682,-551_-74
-54.87974259013719,-6.557207500666243,3,1.2892455500582551,0.6536771197789709,0.467591826653391,0.6654122987328831,0.7938530786594518,0.8820864293019526,-549_-66
-55.09111617649052,-7.4175240482675076,3,0.811792825369652,0.9382617788847704,0.3272943806446719,0.723681616673326,0.5911908478698563,0.917873015628065,-551_-75
-54.99571509331702,-7.3287704981965,3,1.1821685483688351,0.6077402310712113,0.3815554782294032,0.7528259590808906,0.8209404720421467,0.924287034664602,-550_-74
-54.88378500891573,-6.570682229928034,3,1.057714781618819,1.001777577567704,0.4770876356902188,0.4892253878635683,0.5388056730908662,0.8786555598274167,-549_-66
-54.999308354453504,-7.338023145622929,3,1.4738834243259218,0.3650373996496978,0.3336374750697152,0.8587236703831861,0.9341104107328077,0.940990631083984,-550_-74
-54.88647995476809,-6.575263637877045,3,1.073414561563314,0.915709705697551,0.49410279820863,0.554581699139464,0.6092279357257825,0.8688191552032231,-549_-66
-55.14986599607193,-7.1584499203274365,3,0.8946966204543022,0.8262520911706904,0.2815097917455012,0.7389774668335797,0.6776367131737847,0.9508935331854887,-552_-72
-55.45619150795669,-6.835775070271707,3,1.3096850022866005,0.3124352353111873,0.2184368262083321,0.9174427024415092,0.9515878572122248,0.9752430869681478,-555_-69
-54.79727724705502,-7.423902086784755,3,0.8862258841723548,1.0460898992925578,0.3008175248575058,0.6001786027052264,0.5009589477681446,0.9421035338935236,-548_-75
-55.29287778930376,-6.835775070271707,3,0.914113057789943,1.009145373595281,0.4616171759887399,0.6038508126513907,0.5325842519091452,0.8715991758411908,-553_-69
-55.16944926926574,-7.140483614645047,3,1.0289718768958664,0.67117307359407,0.3550028256875324,0.7708523493684815,0.7830926644751575,0.9325887639406424,-552_-72
-54.8827968621032,-6.566999137263144,3,1.1329736189617472,0.8949793307447081,0.4950372510069365,0.5284793599480639,0.6255349425981581,0.8686618702977191,-549_-66
-55.082043192120906,-7.404408645119362,3,0.960402633857351,0.990883357660922,0.4857159918137401,0.5803426167529984,0.5479511366476769,0.8647998021640452,-551_-75
-55.48350029259392,-7.21288782654508,3,1.075802284105995,1.1147503673283474,0.585970019309925,0.3630557580772545,0.4404016178676731,0.8103033353184925,-555_-73
-55.10737568313308,-6.642277958072361,3,1.116659137822862,0.6825143275049269,0.3367058581629268,0.7233629184410042,0.7759892709765757,0.9415394954266696,-552_-67
-55.09246364941669,-7.413212134903732,3,0.7780876395952026,0.9482003199961464,0.442683257779567,0.7399616733930003,0.5831460343011242,0.8429264724580985,-551_-75
-55.25056713942173,-7.456151605484647,3,1.0373597687557592,0.851994803696341,0.3474682057657125,0.6341983117426963,0.6584831768339183,0.9374221576565132,-553_-75
-55.28075053296814,-7.490018091695953,3,1.1173387925786913,0.6820478216276918,0.263861002178217,0.7234025300948193,0.7762834332934084,0.9637613569796376,-553_-75
-55.4826019773098,-7.211720016675725,3,0.8517977367035866,1.130068053824748,0.4660720775875149,0.5713968423998046,0.4265982582335691,0.854695038802247,-555_-73
-55.3728278495904,-7.418871521193688,3,0.9103018993043523,0.4403844436110578,0.1906301834670169,0.9207168584052416,0.9045878466582148,0.9780203111777466,-554_-75
-54.883874840444136,-6.571041556041683,3,1.0492070158792657,0.8966850795874692,0.4567726878215239,0.5891351021795213,0.624203214538637,0.8884841541293451,-549_-66
-55.48350029259392,-7.213157321130316,3,1.0380916005941436,1.154224912963697,0.5981183915860067,0.3640430448703593,0.4046274584302817,0.8001975275531354,-555_-73
-55.09237381788828,-7.415727417699268,3,0.8904821455771371,1.079672853067721,0.5169311684321831,0.5723484491887234,0.4716168687375291,0.8312436796482472,-551_-75
-54.87731713887007,-6.549571820751227,4,1.1571489888774538,0.5888475152370785,0.4535251319558011,0.7767015314992121,0.8315813247233896,0.8886528707129325,-549_-66
-55.00442875157298,-7.364972604146514,4,1.1281702016928652,0.5631371098257215,0.4455602434916144,0.8048850983141521,0.8455845551965123,0.8898452465787787,-551_-74
-55.09381112234287,-7.427315684864409,4,1.0089283381395684,1.0380017142902904,0.5949570245504306,0.499937823813365,0.5079425754238491,0.7960608039879377,-551_-75
-55.26583849925176,-7.377818512709426,4,1.0048641623088022,0.9044731162658304,0.4409375519668175,0.6146354297529372,0.6180998487997622,0.8940640996180304,-553_-74
-54.87408320384724,-6.539959847211149,4,1.142012476211232,0.8346634951728762,0.5698262692600489,0.5790803453142043,0.6714270945090914,0.8209020523706538,-549_-66
-55.09875185640553,-7.43189709281342,4,0.738990576780005,0.9559884423441976,0.2656326121824142,0.7606604237183787,0.5768015967596528,0.9226015603084076,-551_-75
-55.02095775280078,-7.373686262402474,4,0.9751545203814982,1.0914505412348938,0.3698030232940656,0.4850876501673786,0.4611987918762502,0.9268370897479618,-551_-74
-55.0556327227678,-7.08856099122294,4,1.2869149895227454,0.2119519008959634,0.2396153588893784,0.9630299490584242,0.9776221588094722,0.9673793601106606,-551_-71
-55.34444108661222,-7.158000762685377,4,0.9644403393743002,1.2455849494730915,0.4283754419640536,0.3611529115542911,0.3195090905946476,0.9002646100241514,-554_-72
-55.09165516566098,-7.425519054296172,4,0.9076450572582924,1.1436227317080332,0.5890080901605842,0.5079410201707238,0.4143000354904459,0.7825016758556029,-551_-75
-54.87498151913135,-6.541846309307799,4,1.1048393535914127,0.8481410108964095,0.6221663895464075,0.5921600430201557,0.6613786267695522,0.7757503636625135,-549_-66
-55.09111617649052,-7.425159728182523,4,0.848018040226477,1.1594035739524855,0.6330627868212917,0.5543661471107805,0.399886263601037,0.7168911317786419,-551_-75
-55.02679680214756,-7.497204613968909,4,0.8540181436547775,1.1210839245166613,0.262639786747759,0.5756266730286358,0.4347065495910617,0.9476195058801654,-551_-75
-55.24948916108079,-7.456870257711943,4,0.9367420937605704,0.6718245630754568,0.3165570150474137,0.8084242035676396,0.7826873337244523,0.9416030110561384,-553_-75
-54.8986072111037,-6.574814480234986,4,1.072066754568079,0.9050616318667168,0.553916600954281,0.5650631894602984,0.6176371099099642,0.8298926490432433,-549_-66
-54.87390354079041,-6.539780184154322,4,1.1231807973636734,0.8331570911703965,0.6140575371674768,0.5931857911095325,0.6725426840089452,0.7842452773243549,-549_-66
-54.882886693631605,-6.554961712455944,4,1.079844977858569,0.996277458639048,0.6484183132868382,0.4750062345228177,0.5434309656135865,0.7575360223591285,-549_-66
-55.07836009945602,-7.30029390368991,4,0.7249456912422864,0.931829762681723,0.4274447017493086,0.7803781650242178,0.5963662080697972,0.8317491369140396,-551_-74
-55.34641738023728,-7.158090594213791,4,0.9061108169353254,1.1830153035446722,0.34779381920038,0.4784189555934847,0.3781351291114631,0.9273597039910566,-554_-72
-55.09030769273481,-6.988847994685672,4,0.8039257860039739,0.6410752153565398,0.27076551799404,0.870107025881419,0.8014531806519867,0.9436450584099424,-551_-70
-55.0210475843292,-7.373237104760415,4,1.0151855338859723,0.5194037015335492,0.2273669177198315,0.8641733303119893,0.8681153142382615,0.9730178943685488,-551_-74
-54.894654623853576,-6.577689089144167,4,0.8822326122247004,1.026927535153869,0.4868107625353283,0.6169075334790496,0.5174504318792598,0.8484071958246325,-549_-66
-55.19612923320409,-6.807028981179881,4,0.9920577562497936,0.9639115448522824,0.3721793291447048,0.5765830742353406,0.5703113022066898,0.9262959827505494,-552_-69
-54.87731713887007,-6.550020978393286,4,1.0638941382965128,0.5702235646941869,0.4028023426613333,0.8215582405312125,0.8417803114497262,0.9093756990812248,-549_-66
-55.09210432330305,-7.419590173420984,4,0.9033648664804838,1.1761794339988287,0.4564175968879991,0.4866729147589259,0.3844545539445169,0.8747265325597864,-551_-75
-55.19217664595397,-6.806579823537822,4,0.8778314670122013,0.929529622079536,0.3635234531460508,0.6851619208357594,0.5982109804571955,0.9156702436483408,-552_-69
-54.8767781496996,-6.547505695597751,4,1.611761638504757,0.4612988432177568,0.5419615832168149,0.7361014745903334,0.8954751228825277,0.8396544015174124,-549_-66
-55.03856473236952,-7.398030606602115,4,0.9249882134738702,0.9430530064198602,0.347195772931936,0.6430569957049317,0.5873198001360197,0.930139894912213,-551_-74
-55.35378356556706,-6.842063277260541,4,1.3747738517923014,0.6675779821795378,0.3727995548382795,0.6075938301315806,0.7853234045226445,0.9113350796229114,-554_-69
-55.091744997189394,-7.425968211938231,4,0.9768347808775164,1.000997642451595,0.5116689395302468,0.558840568728113,0.5394625499523222,0.850972474225082,-551_-75
-54.99814054458415,-7.331465444048858,4,1.026838088823755,0.6189833751031277,0.2414378628375675,0.8047181943005094,0.8144687307886342,0.9700895003119642,-550_-74
-55.09956034016123,-7.429920799188357,4,0.7648223420938343,0.7698865685375311,0.3431110413338694,0.8315930250705039,0.7179896286303983,0.9010585686367636,-551_-75
-55.480625683684735,-7.271996972240144,4,1.021551574666454,1.0449202057155886,0.5403049805870727,0.4823683903552904,0.5019709407599271,0.8384608601577397,-555_-73
-55.07728212111508,-6.860568572113403,4,0.8478557620714839,0.6454737708441202,0.2845021672578688,0.8539489789586443,0.7988148469794173,0.9442508692350756,-551_-69
-55.078899088626486,-7.301641376616088,4,0.6885127275236295,1.0549194824203962,0.4384792678083655,0.7476197851918959,0.4932977708718484,0.8026848540937661,-551_-74
-55.09866202487712,-7.432346250455479,4,0.7617386078519145,1.1719272251381756,0.3512986776509216,0.6273099177984512,0.3883764671589211,0.8841062944323457,-551_-75
-55.15292026803794,-6.821312194197381,4,0.9714244696994276,1.1745085905900257,0.4572737061311208,0.4167344001752496,0.3859964455158095,0.885612861702114,-552_-69
-54.94684674186093,-6.634372783572109,4,0.8289515555802617,0.9967042636386934,0.3308443598590677,0.6776606436379347,0.543072633023025,0.9194809505881644,-550_-67
-54.87713747581324,-6.549392157694401,4,1.1604658365098148,0.7618197235767679,0.464053929954745,0.6340122451941931,0.7235811647281432,0.8857505375523951,-549_-66
-55.1827443354707,-6.835864901800116,4,0.6801234056807578,0.9491293948003188,0.2208138742589684,0.7987839576089462,0.5823910326980676,0.9201325259663384,-552_-69
-54.89968518944464,-6.546787043370456,5,1.0945456981843509,0.8914525633766068,0.5421590649106127,0.5605590704548173,0.6282826169983714,0.8391840604292468,-549_-66
-55.33725456433926,-7.404588308176185,5,0.9993677425714124,0.5915227250128032,0.3766813542129352,0.8303010221869239,0.8300925312344748,0.9182685759077962,-554_-75
-54.900763167785584,-6.570233072285975,5,1.017779192107541,0.8066553136042403,0.4966048385596204,0.6814919207869803,0.6919170852129894,0.8596295164031342,-550_-66
-55.100189160860126,-6.863083854908938,5,0.9691345267967726,0.4590390741719429,0.1846136550395958,0.902666352234028,0.8964786849644231,0.9814624382631052,-552_-69
-54.89178001494439,-6.573017849666746,5,1.0963755174449832,0.8780672434683621,0.6286598525909695,0.5713131160478455,0.6386396038196057,0.7708737558573648,-549_-66
-55.07404818609224,-6.995315864731333,5,0.980887385278202,1.0114153226932938,0.4310071581207736,0.5469459474153098,0.5306616487521953,0.8985479965488088,-551_-70
-55.06048362530204,-7.085866045370581,5,1.1429887633674147,0.6482744470154648,0.4201660763606423,0.7378138763948034,0.7971268940568064,0.9071195035890288,-551_-71
-54.93094656133201,-6.619101423742078,5,0.8321617338969938,0.933903861946577,0.4651867469642701,0.712908643157831,0.594700021122802,0.8458383301250032,-550_-67
-55.07620414277413,-6.8558973326359816,5,0.9749754060766148,0.4928768645443573,0.340721546688902,0.8867441286075609,0.8809752823012945,0.929015496095386,-551_-69
-55.06057345683045,-7.085506719256932,5,1.0257620663807387,0.2221740907194913,0.192167042970894,0.974143507872124,0.9754206923341968,0.97638001862768,-551_-71
-55.03056972634086,-6.906472483131912,5,1.4576013312341505,0.3482056175093471,0.3003618829164499,0.8739403653490859,0.9399864900392468,0.9518738307997056,-551_-70
-55.304196561883664,-6.829666526339691,5,0.9689605850428228,1.0846420672468051,0.6491098758690045,0.4967247162648974,0.4672291931607057,0.7414579744785113,-554_-69
-55.02607814992026,-7.497474108554146,5,0.4858940478465728,1.0352509608853917,0.2724610891548875,0.8761295979232548,0.5103101247693899,0.7891123227824272,-551_-75
-55.484218944821215,-7.213875973357611,5,1.0617807389490357,1.0636761335996447,0.6870789919552815,0.4272106684782907,0.4856618904892848,0.7212325016802902,-555_-73
-54.96526220518537,-7.45121087142199,5,1.3748232896861163,0.4528079749445296,0.3224476908914206,0.8124052807300182,0.8992221817504017,0.9430771677589476,-550_-75
-54.88845624839316,-6.579216225127171,5,1.114652447961961,0.8964903155301022,0.5539305448407051,0.5409121253307922,0.624355364459977,0.8321129526232851,-549_-66
-54.881988378347486,-6.563226213069841,5,1.2445360772273648,0.8331056664539765,0.528427432173653,0.5089514806138059,0.6725807404096347,0.8451639557198671,-549_-66
-55.07359902845018,-7.003310870759995,5,1.022326001347283,0.7084638803775629,0.3812116985047415,0.7489759924058427,0.7593622755037139,0.921375354849028,-551_-71
-55.18256467241388,-6.835864901800116,5,0.6749295844013419,0.9670665181415028,0.2494860161693986,0.7944458003834628,0.5677168826765088,0.9068608396409804,-552_-69
-55.18301383005594,-6.833259787476171,5,0.6503169693343831,0.8484879178556461,0.2313589069348832,0.8515895956380308,0.661118388648024,0.9159276702052164,-552_-69
-55.40040612881286,-6.691775130227347,5,1.4685103437997438,0.3382623866445897,0.3937509562245825,0.8791399587388463,0.9433327136326032,0.9184109667103758,-555_-67
-55.293147283889,-6.833978439703467,5,1.4485926267246558,0.4681674733548909,0.3991095439404793,0.7787133554790165,0.892396716904642,0.9133555388524304,-553_-69
-55.25739433558104,-7.022265323254919,5,1.780602197865887,0.3108835784646977,0.3481662667305951,0.8506583660707198,0.952063654930578,0.930376229058087,-553_-71
-55.08312117046185,-6.5911638184059615,5,1.3564576319081734,0.3011641292279946,0.294833464724232,0.9177111974056648,0.95499181815884,0.9553796021729436,-551_-66
-55.093272133172405,-7.415278260057208,5,0.9252331860007016,1.1133887438515797,0.5249028073203271,0.5146952044735996,0.4416236759853846,0.835525295286866,-551_-75
-54.88737827005221,-6.57966538276923,5,1.0449409244518582,0.8887225112965436,0.5439161722751121,0.5989055958573883,0.6304042130898992,0.8338149406647343,-549_-66
-55.0797075723822,-7.2989464307637295,5,0.8143639757054904,1.0105832461334223,0.4953667024033243,0.6800374677411654,0.531366719540188,0.8192456396787027,-551_-73
-55.02697646520439,-7.383208404414143,5,0.9804058084929244,0.986694344792178,0.3966762071480156,0.5674745432101722,0.5514504713163735,0.9148486613184146,-551_-74
-55.11483169999127,-6.507261170869198,5,0.901663874818196,0.9735812988713214,0.4960507164714645,0.6388120779855616,0.5623417500233918,0.845527305988396,-552_-66
-55.08222285517773,-7.404498476647776,5,0.886220331388052,1.0255774173216032,0.4964816247826951,0.6146236461562635,0.5186052735461962,0.8428529176886244,-551_-75
-55.43364379432529,-7.458217730638124,5,0.9443699869931118,1.0799437508833063,0.5943213474397325,0.5234797319990938,0.4713779727756795,0.7852053793523651,-555_-75
-55.07036509342736,-7.001334577134932,5,1.1631373129284377,0.7841858205494924,0.4407851802092867,0.6120739543437067,0.7079635171815296,0.8970224181070158,-551_-71
-55.00038633279444,-7.340897754532113,5,1.4279508351344696,0.4585627173367198,0.4120118770265139,0.7931666898293195,0.8966896506992179,0.9097476770313254,-551_-74
-55.15336942568,-6.841164961976423,5,1.00613395815977,1.0319496072465917,0.432428173806072,0.5077032367257087,0.5131464713021832,0.9000861456740161,-552_-69
-55.05760901639286,-7.087662675938818,5,1.0430298325035816,1.0204296547184533,0.5043391308598131,0.4850827157389706,0.5229997907231434,0.8625864877628914,-551_-71
-55.43418278349576,-7.463158464700781,5,0.857954025645201,1.0761450376391075,0.6062446026060803,0.6032049625724349,0.4747247677637368,0.7425098780657071,-555_-75
-55.071263408711474,-6.991632772066444,5,0.9059358168827488,0.8639789683174661,0.3976818841181224,0.7090054005490748,0.6494168798236742,0.9032968843941224,-551_-70
-54.94603825810521,-6.646230545322487,5,1.028657670105362,0.6053658011570991,0.4392768248697258,0.8122984299210031,0.822293988781708,0.8862837926027622,-550_-67
-55.27949289157038,-6.664376514061702,5,1.1794415251868282,0.7212793929778509,0.3498086736971539,0.6594519254638558,0.7509615019568524,0.934617173503049,-553_-67
-55.49347159224765,-7.033584095834824,5,0.9358778282823936,0.9768333172504018,0.5271697481503413,0.6104270888625483,0.559649671192327,0.8315374067969304,-555_-71
-55.06066328835886,-7.011395708317073,6,0.8574197734654201,0.9753277388261512,0.6281367653319294,0.6702391914150075,0.5608967533706685,0.7031579515228005,-551_-71
-55.09246364941669,-7.426597032637114,6,0.8935012266536645,1.0656101931611914,0.5103640441552599,0.5799540721406505,0.4839703313471396,0.8363294065616084,-551_-75
-55.487812205957695,-7.27442242350727,6,0.932213917913178,0.7454659210142157,0.3435511917012208,0.76809615324068,0.7347719412919144,0.9309168781829248,-555_-73
-55.11555035221856,-6.6906073203579925,6,0.8311359043895133,1.1726133090637745,0.7454936186321753,0.5614982427868737,0.3877441489173787,0.5487321310335054,-552_-67
-55.34345293979969,-6.796788186940917,6,1.7092113890802858,0.3427187954568508,0.418406475762426,0.83328174237543,0.9418444991065308,0.9062548736689418,-554_-68
-55.33437995543008,-6.931715142615671,6,0.882207925287546,0.841445748797389,0.4851390734925823,0.7368953915781662,0.6663855617593624,0.8420666975009318,-554_-70
-55.0985721933487,-7.433064902682775,6,0.7230639315843197,1.0314120626391978,0.2745773726625232,0.734560990693403,0.5136077722450522,0.9096857582797612,-551_-75
-55.431577669171816,-7.467111051950907,6,0.5527539876489505,0.7471774686292215,0.2348825127235062,0.9159187322298334,0.7336098985381216,0.8930989912642658,-555_-75
-55.15435757249253,-6.809454432447003,6,0.8222802440409511,1.027565626473525,0.3723693809583902,0.6637709882677546,0.5169043034198098,0.898380010290899,-552_-69
-55.43211665834228,-7.429112315432649,6,0.889038932982827,1.0099427427992134,0.5860250948970731,0.6232704599907678,0.5319092077234661,0.7699902547758745,-555_-75
-55.29907616476419,-6.639133854577944,6,0.9704417164843404,0.4794541314573165,0.2895899481357788,0.8936949445847951,0.8872468613423313,0.9510163073647036,-553_-67
-55.156872855288064,-6.827420738129392,6,1.0319458098604075,1.0968062086245054,0.4754159674429631,0.4249908303389656,0.4564401335599639,0.879360683592402,-552_-69
-55.15390841485047,-6.839637825993419,6,0.9594596461875576,1.1161984667501763,0.464722127051298,0.4792929662252461,0.4391010516317253,0.8793638130190072,-552_-69
-55.09264331247351,-6.986961532589023,6,0.7754889467839846,0.8706656849261204,0.2462324206228562,0.7805871970988001,0.644317602152545,0.942301531617464,-551_-70
-55.40355023230728,-6.694380244551292,6,1.324019578514284,0.4729237673503746,0.379641888843682,0.8102836695022069,0.8902403452018649,0.924698559939313,-555_-67
-55.35144794582836,-6.916623445842463,6,0.7734476215639653,0.898496013441966,0.2545089101849158,0.7680923767379564,0.6227873779359991,0.9380816493109372,-554_-70
-54.9790064290324,-7.323560269548606,6,0.8458218857310135,0.7961618621229185,0.4489144064405377,0.7816988473808839,0.6994548824787321,0.856163447501412,-550_-74
-55.07234138705242,-6.86541947464765,6,1.105145422579804,0.5064526736349513,0.3945613984132156,0.847412382514577,0.8744707369374537,0.9133688928385126,-551_-69
-55.493291929190825,-7.034302748062119,6,0.8588378796373382,0.9491617325440236,0.4275099261092495,0.6857402668745541,0.5823647447577686,0.8782167627539819,-555_-71
-55.03353416677845,-6.758879281951076,6,0.970339014250524,0.451455464397884,0.3293891261259634,0.905574225274312,0.899813071984114,0.93145489359444,-551_-68
-55.46625263913883,-6.60957928173041,6,0.9002863375031459,0.5926761695817047,0.3801172229931371,0.8609926219782678,0.8294487888829909,0.9029160517181976,-555_-67
-55.32656461245824,-6.507081507812371,6,1.1019379485215768,0.2835282448991509,0.2435104139655677,0.9515893027272952,0.960074408077454,0.9660667491771496,-554_-66
-55.1955004125052,-6.80244757323087,6,1.0751620464101923,0.7594759282991382,0.3703532441315791,0.6847325309624946,0.7251969554193587,0.928748378533025,-552_-69
-55.18552911285148,-6.824366466163388,6,0.6143384631006684,0.923368112289474,0.2324087469576279,0.8433761108945615,0.6031370498526207,0.8950960460154842,-552_-69
-55.14717105021957,-6.823288487822444,6,0.8982869436111675,1.1674335681726709,0.3848459413536705,0.4987066574370813,0.3925134404727959,0.9100700344601734,-552_-69
-55.07880925709807,-6.857514300147399,6,0.7187127511705695,0.659000154384343,0.2665057034551586,0.8899176131500014,0.7906048587174275,0.9302344512749884,-551_-69
-54.89528344455246,-6.568077115604089,6,1.093711973429032,1.0260060744365158,0.6353787126510176,0.4337416039523439,0.518238718169645,0.7711711649069999,-549_-66
-55.48448843940645,-7.214774288641733,6,0.9491323816865468,1.0900270824365972,0.7519364622577153,0.5108870290771849,0.4624613546885009,0.6056718891870324,-555_-73
-55.0985721933487,-6.658986622356983,6,0.8549442217598312,0.956521763075612,0.5428055280788434,0.6838479552048787,0.5763658534314057,0.7925761136734887,-551_-67
-55.44496256690519,-7.473489090468155,6,0.7892727444978699,0.9472423687284744,0.4401760651662347,0.7333005393926952,0.5839239749417645,0.8488584046505048,-555_-75
-55.0992010140476,-7.433064902682775,6,0.8822120082333594,0.9933029872173244,0.4261059287053806,0.639995572637088,0.5459254894570021,0.885105398878762,-551_-75
-55.15292026803794,-6.821851183367853,6,0.93385308499508,1.1723803706865916,0.4200362244248805,0.4581966689829318,0.3879588533141882,0.8997499271935896,-552_-69
-55.354861543908,-6.899555455444192,6,0.5866711455258828,0.7689897025240728,0.1795527031194234,0.8999488822874586,0.7186136067797544,0.923006592117514,-554_-69
-55.25245360151838,-6.636977897896054,6,0.9719998487088948,0.9594857958811956,0.4838078122839084,0.5957316496583028,0.5739411419113787,0.8669251898945796,-553_-67
-54.91917863111004,-6.589636682422958,6,0.8445719152017213,1.015188664871726,0.4061206516227445,0.6544057761476707,0.5274596550198583,0.887054971108767,-550_-66
-55.15292026803794,-6.83918866835136,6,0.9672789229145164,1.0517446458670603,0.5320179632926065,0.5256388471532479,0.4960569450634208,0.8371374797585469,-552_-69
-55.07306003927971,-6.857244805562162,6,0.8899121555114646,0.8227229404348119,0.3655088039196139,0.743738145843708,0.6802278140738168,0.9161671829706166,-551_-69
-55.46328819870124,-6.608501303389465,6,1.128173598878321,0.6262822580700167,0.474084080050294,0.7606028680005221,0.8102122073239214,0.8762246689196669,-555_-67
-55.31749162808863,-6.5025899313917765,6,0.9544189805047107,0.7322150080163489,0.4026161459608465,0.7655890284412836,0.7436954539562093,0.904808003901141,-554_-66
-54.93211437120136,-6.582719654735238,6,1.0788461364531343,0.8363835345964762,0.5990764570570938,0.6197838019594689,0.6701514312435063,0.791602922544356,-550_-66
-55.2924286316617,-6.504296730431603,7,0.8745483808775547,0.8674799035235803,0.4731585253101256,0.725763230272094,0.6467506802532549,0.8502721146053163,-553_-66
-54.83410817370392,-7.340448596890054,7,0.6602082153132759,0.8881394758167266,0.3230716889563967,0.8329619959554786,0.6308566971476531,0.8740295029223812,-549_-74
-54.984935309907584,-6.747201183257522,7,0.5512303727593705,0.8742127452617172,0.2763788139979777,0.8861193633714649,0.6416009117245739,0.8538973074709828,-550_-68
-55.39735185684685,-6.745763878802931,7,0.8214141755124992,0.6303998953084097,0.2596873683050284,0.8689006073285925,0.8077918474853891,0.9502899473940244,-554_-68
-54.945678931991566,-7.488850281826599,7,0.7240544623392704,1.154109486292486,0.4617451423630466,0.6707045072570644,0.4047330113029902,0.8022594374949096,-550_-75
-55.31515600834992,-6.500433974709887,7,0.8822409153997393,0.8001985443940581,0.4627504393397404,0.7609839655614077,0.6965642685856634,0.8563294736106145,-554_-66
-55.33554776529944,-6.937464360434037,7,1.0450283664838371,0.6499387061651812,0.4042586243787401,0.7780727501222802,0.7961208912492032,0.9103958732342172,-554_-70
-55.05446491289844,-7.017144926135439,7,0.9632098400125788,0.9052769910058468,0.6193055365604161,0.6433182630937352,0.6174677235458341,0.7512859292724635,-551_-71
-55.434901435723056,-7.460463518848419,7,0.8503667973792193,1.152655148252011,0.6493408873301775,0.556873324887169,0.4060624802722047,0.6994306455048417,-555_-75
-55.07018543037053,-7.00573632202712,7,0.9359681303855378,0.6425542551666114,0.2806521085639543,0.824538476358648,0.800567753478426,0.9545035859836244,-551_-71
-55.33159517804931,-6.6829716404429735,7,0.8812785705999595,0.6807346308660204,0.3149007667845303,0.8253825663420791,0.7771105782075064,0.9363302867128412,-554_-67
-55.07009559884212,-7.364882772618104,7,0.9422751949851274,0.9219062116959876,0.6058189976081931,0.6458277567214927,0.6043024717816959,0.7604791402354492,-551_-74
-55.4833206295371,-7.265798596779719,7,0.8628676263777767,0.9760234829464725,0.4587144873633029,0.6658386159406057,0.5603206210133298,0.8604584625349637,-555_-73
-54.83824042401087,-7.3391909554922865,7,0.5707837454895529,0.8882017683191736,0.343110151525923,0.8742191264974979,0.6308083632104945,0.8180268774867145,-549_-74
-55.08330083351868,-7.118834216297765,7,0.9612987337810942,0.912956441166344,0.6439663245030027,0.6389807188877318,0.6114089492980328,0.7236058444383249,-551_-72
-55.32620528634459,-7.106257802320092,7,0.720425513553417,0.4469155197737345,0.1922480620750263,0.948614088361898,0.9017844593826552,0.964071257247198,-554_-72
-55.115909678332216,-6.507979823096493,7,0.9148663649690668,0.8792460783002556,0.354777133501525,0.693548893876176,0.6377320398314847,0.9252466901722508,-552_-66
-55.093451796229225,-6.63940334916318,7,0.8260961803811595,1.1194885050215602,0.5522225034876016,0.6019901698707844,0.4361427861197324,0.7815717177361027,-551_-67
-54.91720233748497,-6.58334847543412,7,0.8762680109810763,1.0746756080548725,0.7187619479243776,0.5884112056389751,0.4760175501659153,0.6057864443643286,-550_-66
-55.14762020786164,-6.824366466163388,7,0.840906984828948,1.2574023505766716,0.4136385496958693,0.4911747708900297,0.3082890707312317,0.8806692644904416,-552_-69
-55.09003819814957,-6.658267970129687,7,0.8029425260195509,0.9031054304712876,0.3743299024321885,0.748405411280463,0.6191744076192268,0.8933270912719373,-551_-67
-55.14636256646386,-6.825713939089566,7,0.9054312917199956,1.0320777218375297,0.3271766443950425,0.5942403851711132,0.5130365062028461,0.935538133102032,-552_-69
-55.08330083351868,-7.11991219463871,7,0.9191290697477138,0.8720570272140408,0.5788967054865674,0.6956062099559203,0.6432529386783926,0.7732007361791615,-551_-72
-55.08689409465515,-6.641379642788243,7,0.8153358268814168,1.117374098752954,0.5119885465104449,0.6129281780689149,0.4380445163417908,0.8094974909392939,-551_-67
-55.29584222974135,-6.5092374644942605,7,0.8790103692311443,0.6011695840733889,0.3074393894667106,0.8635975271688155,0.8246746537168668,0.9382038256069554,-553_-66
-55.14474559895245,-6.828139390356691,7,1.005731867418983,1.0988236071193158,0.3059065823874352,0.4490255002327354,0.4546442173115035,0.95188657933445,-552_-69
-55.33500877612896,-6.93405076235438,7,1.0302927159624693,0.678991175765881,0.4397674384088717,0.7651257862700607,0.7782066646061219,0.8907816414028201,-554_-70
-55.38585342121013,-7.472680606712446,7,0.909954413149296,0.4068394369367769,0.2088299694441003,0.9322530714460668,0.9183760700088588,0.973073433176634,-554_-75
-55.3713007136074,-6.625838788372972,7,0.727190489692293,0.68675307038633,0.16689529515155,0.8778699148184954,0.7733087373457195,0.9634656696822458,-554_-67
-55.40328073772204,-6.554422723285471,7,1.1393992499340138,0.7801827204856824,0.2845776583403983,0.6302356743576428,0.7107850225883903,0.9560839237149052,-555_-66
-55.28021154379768,-7.049214781778504,7,1.3578739137133506,0.2672211898979242,0.3053224171716113,0.934888090272558,0.964508370409098,0.9495019297726706,-553_-71
-55.44595071371772,-7.469805997803265,7,0.6789045134325606,0.9533735672411804,0.3171224977030226,0.7977452793494237,0.5789356727168935,0.8800237852504307,-555_-75
-55.31210173638392,-6.510135779778379,7,0.9028302348351432,0.8172876032251523,0.3855793465659807,0.7399017980397035,0.6842018528643864,0.9082630119637246,-554_-66
-55.08168386600726,-6.655393361220506,7,0.6854054836837311,1.2040090984031206,0.440341606048233,0.6783847407342369,0.3586182160145723,0.7922884940151815,-551_-67
-55.32584596023095,-6.507351002397607,7,1.2628853623162732,0.6660268271698211,0.3874310521352402,0.6666317382735562,0.7862827573046243,0.9176113963206708,-554_-66
-55.16504752437355,-6.957496791269902,7,0.807261864599582,1.149516774870471,0.6286757793502898,0.5994671973826053,0.4089284636480128,0.6972105084239181,-552_-70
-55.14600324035022,-6.82499528686227,7,1.010315974558891,1.0039679697410495,0.2981309319702256,0.5281933144632361,0.536959129758303,0.9543423732125622,-552_-69
-54.893666477041045,-6.554332891757058,7,1.161347478457481,0.9548381353737124,0.6502001922026688,0.4456475358529628,0.5777408826138352,0.7597182241296303,-549_-66
-55.036947764858105,-6.753669053303183,7,0.7745246620204852,0.7638130366571663,0.4171672816312171,0.8300538807346597,0.7222038651031951,0.8554664632728578,-551_-68
-55.15453723554936,-6.826342759788451,7,1.0939234525697696,0.8542005243353121,0.4658734153650195,0.5942769620000943,0.6568215610445277,0.8846781659258907,-552_-69
-55.44118964271189,-7.432256418927066,8,1.1202562616043614,0.6992384187735493,0.5099958978940186,0.708570349705796,0.7653325895269041,0.8561802071512729,-555_-75
-55.10099764461583,-6.642906778771243,8,0.8931686122789783,0.957096926394102,0.5808679576870165,0.6563324925896511,0.575895739387492,0.771597656181982,-552_-67
-55.08833139910975,-6.644793240867896,8,0.9265550641228048,1.0100097668793149,0.4722261897211853,0.5931506749319053,0.5318524504445616,0.8676523028953612,-551_-67
-55.33420029237325,-7.153329523207956,8,0.9006439225143447,0.718426303727787,0.2915158497485324,0.7978678718932374,0.7528424689820747,0.9479752047574046,-554_-72
-55.08653476854151,-7.41815286896639,8,0.6870282927387773,1.005144334519352,0.4797296986926653,0.7708877796239905,0.5359663674146564,0.7669368766426897,-551_-75
-54.90291912446747,-6.558195647478774,8,1.031004679264261,1.0228326823841876,0.5370140254685258,0.4936232388069476,0.5209501033302633,0.8410665940598067,-550_-66
-54.97703013540733,-7.471782291428328,8,0.6761631373068454,0.9329565233472114,0.4795539046718529,0.8075377622630869,0.5954613648286281,0.7567246759408921,-550_-75
-55.31830011184434,-7.467739872649789,8,0.6204995836988914,0.6027180945184525,0.217861005731267,0.9308784244547946,0.8237978163841697,0.9331004308667252,-554_-75
-54.91899896805322,-6.588648535610426,8,0.8468849341877702,1.0302845380614216,0.5995965748072818,0.6428888543001164,0.5145748899404465,0.7395002210872966,-550_-66
-55.33240366180502,-7.154587164605724,8,0.9499488244034432,0.8549408594174038,0.4214394401571093,0.6879395764294367,0.6562631343547664,0.89730013863594,-554_-72
-55.43310480515481,-7.4627991385871315,8,0.9092937747723844,1.0964026734207186,0.5820404815397995,0.5428644902050953,0.4567991434992101,0.7865387534827127,-555_-75
-55.09030769273481,-7.421027477875574,8,0.7913635152002736,1.0416251633285034,0.473953105263226,0.6790679358085591,0.5048180416221187,0.8267015004580056,-551_-75
-54.88567147101238,-6.557746489836715,8,1.2324510721538438,1.0113024506897963,0.5205420159915105,0.3187548647261182,0.5307573138477335,0.8405098966904307,-549_-66
-55.492842771548766,-7.277656358530097,8,0.6749621095835692,0.6614314753703724,0.2052834612005488,0.9019893592518536,0.7891137607293559,0.9450841632643288,-555_-73
-55.47721208560509,-7.07796087087033,8,0.8418462688130218,0.6772244349470194,0.378788537131482,0.841836826548095,0.779314977337702,0.8969878544037349,-555_-71
-54.90049367320035,-6.573736501894041,8,1.0168984863740211,0.9426493654135504,0.5572886892514535,0.5746837128416437,0.5876464411330868,0.8226201870424843,-550_-66
-55.48547658621898,-7.271008825427613,8,0.9387464345948454,0.9650858932606772,0.5051534004818085,0.6169217161766516,0.5693462657502713,0.8473885920610492,-555_-73
-55.43876419144477,-7.431717429756597,8,1.006951408691766,0.8670221995077437,0.5126457803999434,0.6424929421017941,0.6470997040294886,0.8499916203524478,-555_-75
-54.92205324001922,-6.585414600587596,8,0.7971361157316627,0.9018347923082064,0.5994813710068159,0.7525404206615594,0.6201716805753443,0.6805414340830377,-550_-66
-55.06281924504075,-7.016156779322907,8,1.1789056115491523,0.7727004249269743,0.7118654844044038,0.6130026599357506,0.7160281933382322,0.6781888128970597,-551_-71
-55.11025029204226,-6.504656056545249,8,0.9124424620832848,1.0023427749561438,0.5166149544858224,0.6101233112216472,0.5383294477725052,0.8346906049354632,-552_-66
-55.31470685070786,-6.51148325270456,8,0.931623896119617,0.8992194009140648,0.4401603959261008,0.6691482627049808,0.6222212430938858,0.8850831825987138,-554_-66
-55.08303133893344,-6.6523390892544985,8,0.7879275938685499,1.1632622591128818,0.5152268062159966,0.6085483317347113,0.3963465604643528,0.7952684687417271,-551_-67
-54.90597339643348,-6.549481989222814,8,1.0869956846903035,0.9560810718549018,0.5068616625710491,0.5068617463989614,0.5767259266945652,0.8619446866397614,-550_-66
-54.98259969016888,-6.753848716360006,8,0.4774875315542451,1.1588310602275154,0.2898208509251682,0.8507806256162972,0.4004109439468243,0.7423642480984673,-550_-68
-55.443884588564245,-7.463966948456486,8,0.6831194453300771,0.954653792388296,0.3725921739454226,0.7947853185736832,0.5778913372714277,0.8502609288918394,-555_-75
-54.896990243592285,-6.547056537955692,8,1.1783415157161683,0.9053122769311504,0.659362768310856,0.4829576685748138,0.6174399673860393,0.7514372353460009,-549_-66
-55.495627548929534,-7.266696912063841,8,0.9787472659546002,0.9803538311381008,0.4521309127456328,0.5739142523038118,0.556728656073929,0.8867030600864632,-555_-73
-54.89995468402988,-6.561519414030014,8,0.977026775467296,1.0360928478148363,0.5605993119638463,0.5299196984095522,0.5095859292872452,0.8175489493364646,-549_-66
-55.1676526386975,-6.959383253366552,8,0.9504916161042852,1.0585541422215288,0.6237542867426984,0.5351197458878162,0.4901328723862012,0.7588722988718295,-552_-70
-55.08069571919473,-7.414739270886736,8,0.7482477028332789,0.8483103614755412,0.510527173467134,0.8052221719945941,0.661251595510614,0.7587247352443777,-551_-75
-55.49850215783872,-7.266247754421782,8,0.7148175473311186,0.880997808432487,0.2991504442824995,0.8081731834427388,0.6363817773928668,0.9056338357426482,-555_-73
-55.16414920908943,-6.811251063015243,8,1.0280683100029713,0.2132042563693733,0.1617855747359179,0.9760742127247956,0.9773579360613232,0.9847128113414518,-552_-69
-55.23287032832457,-6.765436983525147,8,1.4534186058863123,0.3377101615662521,0.3100741599780491,0.8819399403506265,0.9435158248217604,0.9497506529665568,-553_-68
-54.89779872734799,-6.548044684768223,8,1.0121818561907567,1.1553783595631897,0.5673875762770568,0.3906552649063937,0.4035723837917011,0.8208905260907995,-549_-66
-54.89339698245581,-6.566639811149498,8,0.9586288736998242,0.9211032029058056,0.5538765899170468,0.634839057110055,0.604942078143724,0.8129930036964167,-549_-66
-55.10288410671248,-6.663478198777581,8,0.8786024442933486,0.8159047043342142,0.4734732741191197,0.753875202466268,0.6852097363552098,0.848336127189717,-552_-67
-55.07422784914907,-7.438454794387491,8,0.635809018071303,1.106986415686432,0.5816464925550743,0.7623679705599284,0.4473587570273226,0.5947752560197399,-551_-75
-54.9760419885948,-6.743068932950569,8,0.6312578817386114,1.0397432997514042,0.3491700383371266,0.7922271882830978,0.5064416199311742,0.8327472802064566,-550_-68
-54.881718883762254,-6.556488848438947,8,1.1168340713873393,0.9916612073977084,0.6279447104013002,0.4468805639921119,0.5473002915951793,0.777846992454474,-549_-66
-54.912081940365496,-6.582809486263647,9,0.7792542949863805,1.134530773430856,0.624124589617692,0.6339950655124658,0.4225577560223265,0.68176747682737,-550_-66
-55.44972363791103,-7.475914541735277,9,0.6892916828925566,0.7886880790356124,0.2908295135519424,0.8558335484193301,0.7047766370282272,0.906627430581885,-555_-75
-55.08392965421756,-6.647128860606605,9,0.9006207338856846,0.819422391141087,0.4657478101084704,0.7398231953196956,0.6826434097671304,0.859838207911339,-551_-67
-54.896720749007045,-6.562507560842546,9,1.0038004198192112,0.8098637363578223,0.5312136715322847,0.6873649198597352,0.6895971205585762,0.832711959689003,-549_-66
-55.43741671851859,-7.467200883479316,9,0.9758921671277664,0.7464805087677904,0.5003608642962382,0.746184199523414,0.7340833539166095,0.8459667841945867,-555_-75
-55.15606437153235,-6.811251063015243,9,0.7859564870053015,0.6641321538057015,0.3232834221058832,0.8668341678539929,0.7874520011452725,0.9165586602378848,-552_-69
-55.16621533424291,-6.952645888735654,9,0.8506843569636922,0.8652358913313452,0.5149741562409402,0.7411311707663971,0.6484605618665287,0.808484915200598,-552_-70
-54.996882903186375,-6.730672182029723,9,0.9849734249151658,0.8644132460843982,0.4836333996923507,0.6589125969797497,0.6490865796300808,0.8659665106772143,-550_-68
-55.1767256230671,-6.956418812928957,9,1.3609974877424489,0.2860190441976903,0.2902943122828879,0.9251858952897336,0.9593746425568142,0.9565704265697352,-552_-70
-55.16783230175432,-6.960461231707496,9,0.7041665819223389,0.8365434154436809,0.4240605602396082,0.8314600036273866,0.670032755213038,0.8235672037534435,-552_-70
-55.073509196921776,-7.443665023035384,9,0.7338316216971191,1.1891089851016323,0.646837522423467,0.642832691120338,0.3724869152003024,0.6202445731324171,-551_-75
-54.88953422673409,-6.575263637877045,9,1.1769666482481016,0.8297350628937554,0.5792750413400388,0.5598674596068911,0.6750712417857206,0.8150268434005141,-549_-66
-55.068209136745466,-7.446988789586628,9,0.6906607766184854,1.122029020718555,0.5909536691116571,0.714462011816057,0.4338552282482074,0.6474723025672113,-551_-75
-55.38872803011931,-6.620718391253492,9,0.7522516985687859,0.9744572175828096,0.4957367084248676,0.743145620891382,0.5616172328952238,0.7892134823488615,-554_-67
-55.08186352906408,-6.655662855805742,9,0.7238217291207317,1.0897318760420835,0.4017049698556919,0.7047173746944108,0.4627230761658079,0.844527622579137,-551_-67
-55.17016792149303,-6.9414169476841625,9,1.0630389206778743,0.3980261268386826,0.2673937200598453,0.9118134088846734,0.9218278616112074,0.9613124765989952,-552_-70
-55.07467700679113,-7.444473506791093,9,0.661706012691339,1.148657553043515,0.6049708242533601,0.7247852977021674,0.4097124096091158,0.597703101386049,-551_-75
-55.03802574319905,-6.755645346928246,9,0.8258613682159948,0.9255672008651532,0.5362847301689562,0.7218045358888822,0.6013815172084318,0.7836172426510315,-551_-68
-55.16720348105544,-6.960371400179083,9,0.7880656114853211,1.109151650773898,0.6022611633601899,0.6416994489298986,0.4454212219267396,0.7109893889035968,-552_-70
-55.068209136745466,-7.010587224561364,9,1.0707057007141123,0.7364971239634767,0.5762298348447372,0.7048592168067142,0.7408259703148509,0.8000468685557165,-551_-71
-55.08707375771198,-6.656651002618274,9,0.8673413233769285,0.8905222241518744,0.469383836974071,0.7162471434625519,0.6290061351318312,0.8519732928556003,-551_-67
-55.09650606819523,-7.395694986863402,9,0.5273104103290731,0.8232825995617257,0.3011988892619091,0.9072382250283472,0.6798174769973575,0.8320735074685883,-551_-74
-54.94558910046315,-7.481304433439993,9,0.6314108076582992,1.096241676659791,0.4127597713295584,0.7698572711734656,0.4569423554451672,0.7847642777797733,-550_-75
-54.94558910046315,-7.481394264968406,9,0.6232137604771287,1.070945889867813,0.3931057664909114,0.7854161142588373,0.4792942792978361,0.7960609212941347,-550_-75
-55.07593464818889,-7.4144697763015,9,0.6420862235243536,1.0082432599469957,0.5209590462307823,0.7976671912630533,0.5333475633318212,0.6824648432470816,-551_-75
-55.08033639308108,-7.292837886831718,9,0.560885819753973,1.0402369231197062,0.4168412893626888,0.8345647126818555,0.506015919527003,0.7329854700843332,-551_-73
-55.17088657372032,-6.955071340002776,9,0.7823036172418962,1.147279393116747,0.621000944694138,0.6235500649869827,0.4109691979292263,0.689214694788817,-552_-70
-55.43382345738211,-7.469356840161206,9,0.8887360878308228,0.9350084079872044,0.5238064913253175,0.6741554285231142,0.5938116612943207,0.8192885283378869,-555_-75
-54.99248115829419,-6.733187464825255,9,0.7665222071173091,1.034893113010962,0.4445052317309665,0.7015197326435683,0.5106178378439902,0.837149335252567,-550_-68
-54.94487044823586,-7.489389270997071,9,0.6033942573469389,1.1504020904214785,0.4012768615135536,0.7686003012179534,0.4081203942351454,0.7685271816166288,-550_-75
-55.19388344499379,-6.801639089475165,9,1.0297694052341584,0.5908249271357173,0.2880330180205909,0.8205558779997817,0.8304814391176254,0.956461914553611,-552_-69
-55.134774299298726,-7.325985720815728,9,0.433935845979831,0.9306546359321296,0.2619659612050186,0.9195571087983933,0.5973090850072305,0.7841663416061104,-552_-74
-55.25847231392199,-6.810801905373184,9,0.7821098442248848,0.4387978474300462,0.2445795558515053,0.941686680647035,0.905263053558941,0.9506571839033314,-553_-69
-55.18139686254453,-6.943213578252399,9,0.9497293845510324,0.3688587645624483,0.2929802182730086,0.9392643076828022,0.9327394267221328,0.9405309118827364,-552_-70
-55.33500877612896,-6.929649017462195,9,0.6943144538776495,0.921624654221152,0.3951637199867465,0.8021570745939406,0.6045267801503607,0.8415158616573254,-554_-70
-54.924658354343165,-6.584426453775064,9,0.9253546043280708,0.7849002716126549,0.5717654475868067,0.7476293551071135,0.7074587561847756,0.7676856156084647,-550_-66
-55.079168583211725,-7.417254553682271,9,0.7455886837309027,1.021324653905508,0.6036019944913426,0.7238100215499883,0.5222367441854278,0.6631005909210974,-551_-75
-55.48987833111117,-7.269302026387786,9,0.8247597902637048,0.8599261519151573,0.404656683483494,0.7588619267335888,0.6524934316068363,0.8818366692726496,-555_-73
-54.88135955764861,-6.559453288876542,9,1.3158871137210773,0.7953339015951796,0.4592468891401017,0.5005436951836315,0.7000463668115701,0.8744502386255785,-549_-66
-54.87587983441547,-6.544002265989684,9,1.1587745248096102,0.6322132874055527,0.5089501164841148,0.7434429391233165,0.8067215835863559,0.8561520801525336,-549_-66
-55.33536810224261,-7.3615590060668605,10,0.6115430038039996,0.7491753962733058,0.334772842580055,0.8968709531025019,0.7322507019081916,0.8535872898972257,-554_-74
-55.499220810066014,-7.273434276694738,10,0.8652732102977866,1.123995593698874,0.3910184057163988,0.5631832668386351,0.4320825424107872,0.8998429207350973,-555_-73
-55.08554662172897,-7.414649439358326,10,0.891965170786049,0.7300876153707164,0.4910363981730437,0.795349288927262,0.7451159714545066,0.8296501279415053,-551_-75
-55.07306003927971,-7.436478500762428,10,0.716375264962265,0.877066266970387,0.4711254280018107,0.8090228435784833,0.6394095411503665,0.7875213064031654,-551_-75
-55.073778691507,-7.4394429412000225,10,0.591407664971632,1.1226375529829786,0.5612064587262823,0.7875726108359531,0.4333068709710178,0.5706392524922762,-551_-75
-55.08860089369498,-7.424620739012051,10,0.5669693397373761,1.0780799138060897,0.4779417696517475,0.8189380325580868,0.4730209293116348,0.6672554969468019,-551_-75
-55.075575322075245,-7.418691858136862,10,0.5362402616859357,1.1052008829741378,0.4839616067518399,0.8294616130991523,0.4489549424473864,0.6215862078894627,-551_-75
-55.251016297063785,-6.526125791835705,10,0.6294226346268336,0.7018492690546447,0.3171460325569493,0.904000687518375,0.7636495483282759,0.8754469174825701,-553_-66
-55.07530582749001,-7.415637586170858,10,0.6867703980550323,0.9727377847100188,0.5182266774984368,0.7850326365173776,0.5630390558979695,0.7224610040706847,-551_-75
-55.43624890864923,-7.469716166274852,10,0.9426356847428216,0.7493785698597746,0.5092337683179461,0.7607094122997973,0.7321123184366586,0.8310978037164012,-555_-75
-55.22200071338673,-7.485436683746945,10,0.2844325731349206,1.1321088593990325,0.2898541896687289,0.9486016539050356,0.4247515824585257,0.5179316597393042,-553_-75
-54.976850472350506,-6.752591074962238,10,0.5684037244045013,0.7795570725604131,0.2555091342446594,0.9034255579398156,0.7112249700193682,0.8845642275521453,-550_-68
-55.07997706696743,-7.415188428528795,10,0.7259984597025223,0.8218904596105066,0.4574509570255389,0.8271993782298565,0.6808377873769013,0.8021909987892454,-551_-75
-55.07782111028554,-7.4150985970003855,10,0.8183568463171607,0.9378622526741104,0.60481601610627,0.7196445995913501,0.5915130312314448,0.7006592841217872,-551_-75
-55.33779355350973,-7.359492880913388,10,0.4359723580531459,0.9676350443311896,0.364873463046665,0.9123280538745266,0.5672487666220116,0.670539079031059,-554_-74
-55.48188332508251,-7.263642640097833,10,0.9796183596742029,0.7831281508530531,0.4691579947070584,0.7198801352982713,0.7087100992269114,0.8710709384687906,-555_-73
-55.2519146123479,-6.534569955506429,10,0.5248273418288104,0.9571899371098256,0.4255530659556281,0.8764489394476234,0.5758196984834595,0.6888434887891728,-553_-66
-55.0797075723822,-7.42138680398922,10,0.7803002730973659,0.9728489312204566,0.568934542584359,0.7254459132256382,0.5629471975777216,0.7285315581310887,-551_-75
-55.48610540691787,-7.26894270027414,10,0.9953296005027148,1.071670552233069,0.4839544632015939,0.4830466472171336,0.4786581504969328,0.8718869430782616,-555_-73
-55.07575498513207,-7.437825973688609,10,0.6096508585368776,1.087392661703091,0.5277424699757745,0.7881924908365617,0.464795528529012,0.6466785823510642,-551_-75
-54.9910438538396,-7.47241111212721,10,0.3963854398948609,0.9454103333329174,0.2861850516939547,0.9306002990302874,0.585410255807625,0.729803777892187,-550_-75
-55.07314987080812,-7.427315684864409,10,0.4349860102936483,1.032267746292442,0.3393306786071295,0.9008720555678982,0.5128733862600683,0.6944286790000771,-551_-75
-55.49041732028164,-7.273524108223148,10,0.8671903737114746,1.0781785275441045,0.3418365758776707,0.5938296583353546,0.4729340432605032,0.9226021884641712,-555_-73
-54.91163278272343,-6.581192518752234,10,0.9146887887087308,0.8390968910023363,0.502657687288775,0.7196400700585246,0.6681350474583091,0.8372215693813089,-550_-66
-55.08976870356433,-7.412223988091201,10,0.609445423031715,0.9210657118791864,0.4865946430412627,0.8465429430404209,0.6049719306787781,0.6840036243121231,-551_-75
-55.07710245805825,-7.442048055523971,10,0.5345058919371687,0.8873837943656139,0.3468980834288254,0.8896072209532282,0.6314428497246423,0.7921040735375046,-551_-75
-55.08698392618357,-7.425788548881409,10,0.5107201425588258,1.109658115584932,0.4663242489661789,0.843663885699774,0.4449677161698522,0.613647109908486,-551_-75
-55.07701262652984,-7.417973205909567,10,0.7131271833300982,0.8754093624499812,0.4915101640509906,0.811385223883222,0.6406826009751965,0.7627290428177965,-551_-75
-55.09435011151334,-7.423991918313169,10,0.8562011300945852,1.1765252553314296,0.5686433684268171,0.5341095049208442,0.3841352881015657,0.7827696259135538,-551_-75
-55.079438077796965,-7.433244565739598,10,0.5407696978445752,1.0885390543029247,0.3977355045865854,0.8316916001165376,0.463780186634514,0.7289584315972284,-551_-75
-55.0789889201549,-7.422554613858578,10,0.6496439084621797,0.9966829025278784,0.5130261059390276,0.7976009246140655,0.5430905695189249,0.6995421507210209,-551_-75
-55.07683296347301,-7.440161593427321,10,0.5525815991120757,0.7101894907412185,0.2886737077754597,0.9239795486342532,0.7582383459116735,0.8641498993451934,-551_-75
-55.08545679020056,-7.427944505563294,10,0.4556850542221841,1.1313066638407738,0.4166953176437651,0.8700367140606762,0.4254776813283152,0.6085870654840855,-551_-75
-55.07647363735937,-7.409888368352492,10,0.7337194211681698,0.7688241089677011,0.4472191970645093,0.8450695015270058,0.7187287522721054,0.8111000714391191,-551_-75
-55.077910941813954,-7.418781689665275,10,0.650007692431326,1.0176347016135392,0.5087869792389488,0.7890898605377726,0.5253799750813022,0.7074398925915135,-551_-75
-55.49275294002035,-7.26894270027414,10,0.961053396378086,0.9028281920054342,0.5182622335799758,0.6466086565055494,0.619392086295736,0.8399408102730432,-555_-73
-55.3044660564689,-6.745584215746105,10,0.3881494347036313,0.5547258428870551,0.1784975580057032,0.9769088160425684,0.8500448735817309,0.8922633927358552,-554_-68
-55.246255226057954,-6.526215623364118,10,0.4887779322154535,0.6201566300693974,0.2547596212829658,0.954410153489896,0.8137874391019574,0.8670924306905294,-553_-66
-55.08024656155267,-7.414290113244677,10,0.733838106078938,0.7736777681643311,0.4308454709165468,0.8431107415729406,0.7153455961471064,0.8279596169869897,-551_-75
-55.08734325229722,-7.426237706523468,10,0.5166266514927084,1.0498599010745686,0.4387748327438962,0.856479716360238,0.4976925680700396,0.6620803108141209,-551_-75
-55.320725563111466,-6.539870015682736,11,1.037602548010788,0.7593435422742307,0.3609400799692318,0.7053377768967987,0.7252881023342842,0.93159304245358,-554_-66
-55.25362141138773,-6.529539389915362,11,0.4254334781869344,0.9454468976095656,0.3597652039640389,0.9201923521267144,0.5853806113964686,0.6637800057086258,-553_-66
-55.298716838650535,-6.837481869311533,11,0.6827004702541092,1.010457534584421,0.4707887655156217,0.7713479566978128,0.531473210862471,0.7726930879363378,-553_-69
-55.46661196525247,-6.540498836381618,11,0.920642428184504,0.8034500282258089,0.4101059949051087,0.7386774278546935,0.6942276691557278,0.8978416353926516,-555_-66
-55.47712225407668,-7.029811171641521,11,0.5679662082433843,1.0135794856254492,0.4770556305816149,0.838822901137749,0.5288260981454949,0.6662016861878901,-555_-71
-55.00658470825486,-7.499091076065559,11,0.3771889207376133,1.062551240019472,0.3220556470260733,0.9207559705617024,0.4866449050663831,0.6404490102806998,-551_-75
-55.47325949835496,-6.952376394150418,11,0.3422116155096006,1.0401723641643743,0.3279029458315661,0.9373126958386012,0.5060716021297814,0.5761234080110851,-555_-70
-55.31794078573069,-6.504925551130485,11,0.8139252273671753,0.6884974111256982,0.3062457736397735,0.8470503226142138,0.7722015976761074,0.9301132815418198,-554_-66
-55.25011798177967,-6.543822602932861,11,0.4952034590793924,0.9163607172763344,0.3955932672030111,0.8987943130736248,0.6087115576314733,0.6969603926919542,-553_-66
-55.24239247033624,-6.544541255160157,11,0.4285171587062376,0.9594138599132734,0.3509066922837434,0.9166716866505518,0.5740000485425342,0.6827776950899167,-553_-66
-55.47415781363908,-6.951388247337887,11,0.4398498809154434,1.007912610982702,0.3514673599254908,0.9033281673079634,0.5336272288731704,0.690006628923516,-555_-70
-55.11617917291745,-6.676952928039375,11,0.3455430012349957,1.046792406128786,0.2852791671682428,0.9352924333807674,0.5003508248757133,0.6492683247696558,-552_-67
-55.47757141171873,-7.029811171641521,11,0.5588574235846224,0.9347316727057488,0.4134825986526976,0.8666332828839824,0.5940343008877342,0.7394472819358953,-555_-71
-55.06793964216023,-7.347994445276656,11,0.9590566125414152,0.4040040574119136,0.2788450527012404,0.9258707099463858,0.91949436133531,0.951561773611752,-551_-74
-55.2488603403819,-6.546697211842043,11,0.509564875045193,0.7798430955583027,0.3226653879964191,0.9220778562529036,0.7110238769254599,0.8058728278435482,-553_-66
-55.2519146123479,-6.536995406773551,11,0.4733445089682919,0.8978304831153153,0.3730591212580944,0.9110456890194392,0.6233079449967563,0.7051487701252335,-553_-66
-55.249399329552375,-6.545888728086338,11,0.41969900038252,0.935622930170136,0.3489420354925563,0.9238868313299188,0.593317102152619,0.6745983956426425,-553_-66
-55.24805185662619,-6.549032831580755,11,0.4700503074458376,0.9259576791276656,0.3898148655412795,0.906766056233954,0.6010694940771162,0.6734483975864132,-553_-66
-55.47685275949144,-7.029362013999462,11,0.5499229129502944,0.9284050237352514,0.44716108547719,0.8724752942004237,0.5991117860947518,0.6804917530166508,-555_-71
-55.476134107264144,-7.029811171641521,11,0.6537124482645297,0.8918094714134437,0.4794956747218735,0.8348219992281083,0.6280049078216597,0.7347576337199738,-555_-71
-55.321354383810345,-6.540049678739559,11,0.9997461635253329,0.7878759004924338,0.3932485139337968,0.7054943390447677,0.7053525877501643,0.9155672450234664,-554_-66
-55.24266196492148,-6.5420259723646215,11,0.4331022800980943,0.9002792118930331,0.3417934593196656,0.9249421405808932,0.6213912298540725,0.7050554852102696,-553_-66
-55.47766124324714,-7.028553530243753,11,0.5212641981967429,0.8942753505332316,0.3112850038742535,0.8933036148962907,0.6260840302010244,0.8120854926852873,-555_-71
-55.03892405848317,-7.031697633738174,11,0.4817883532903328,1.0311945236842786,0.42230241545635,0.879103881407219,0.513794413972327,0.6412698168760987,-551_-71
-55.31443735612263,-6.634103288986873,11,0.3477079137532473,0.6642213209714323,0.1755783779653986,0.9734482302595298,0.7873970375159586,0.8570276611737038,-554_-67
-55.473708655997015,-6.952196731093595,11,0.2954719973897567,1.0877292210851668,0.291669124214634,0.9487961400112132,0.4644975064598967,0.5481384254510694,-555_-70
-55.47496629739479,-6.952106899565182,11,0.30673410904675,1.027571748744608,0.2502657956441039,0.9507370921277878,0.5168990624816617,0.6480378206057738,-555_-70
-55.24778236204096,-6.550200641450109,11,0.4594007041098349,0.963618547699656,0.3782633845034753,0.903603882279329,0.5705519539774206,0.6806588727223329,-553_-66
-55.24859084579667,-6.5484938424102825,11,0.4976977530101723,0.8964848366260167,0.3914436296111837,0.9021027489353236,0.6243596442441254,0.7050995393632798,-553_-66
-55.2015191249088,-6.902699558938609,11,0.2202572843186255,0.722626223691242,0.1460164225717825,0.9873601775911756,0.7500714468646238,0.7813545347728766,-553_-70
-55.44963380638261,-7.468189030291848,11,0.7670248868186532,0.7021316714100008,0.3698183675209037,0.8584520119357871,0.7634671901692207,0.8849205280966522,-555_-75
-55.11069944968432,-6.647578018248664,11,0.2813593865387073,1.0938744301076868,0.2376552066423637,0.9530109251742852,0.4590467302301884,0.6043708121015178,-552_-67
-55.11608934138904,-6.676863096510962,11,0.3748489786992838,1.154093442619169,0.368659778504833,0.9078743084204006,0.404747682145734,0.5500121081398764,-552_-67
-55.24769253051255,-6.5502904729785225,11,0.4726344097509125,0.9668968321220208,0.3916054374405808,0.8973852877985444,0.5678565640843487,0.676956163164997,-553_-66
-55.07054475648418,-6.867036442159064,11,0.350504851244128,0.5239139815689124,0.1615246052627717,0.983186532846548,0.8658677577798499,0.8939181025959169,-551_-69
-55.245806068415895,-6.53915136345544,11,0.5315240175125615,0.8492685952922647,0.3945349698243529,0.8998343649508715,0.6605324593312157,0.7341074660161614,-553_-66
-55.473978150582255,-6.951028921224241,11,0.4755618500240904,1.0596486602361015,0.4053498183214934,0.8756923825914411,0.4891785448503303,0.6572319435298375,-555_-70
-55.476134107264144,-7.028284035658521,11,0.5333073093564327,0.9350015744786124,0.3991326735135914,0.8782322509560323,0.5938171595492877,0.733474107155131,-555_-71
-55.24706370981366,-6.551098956734228,11,0.48229324772321,0.8793732523534232,0.3817082100979878,0.9114029582860876,0.6376340778049314,0.6995923577732576,-553_-66
-55.32270185673653,-6.540858162495267,11,0.8487148902342467,0.8155626496124913,0.2229870876195199,0.7698564273256628,0.6854588303880406,0.9631117455342422,-554_-66
-55.07683296347301,-6.6463203768509,12,1.2455772433573116,0.4821913829996153,0.3004633560790483,0.8249929432695348,0.8859808588096648,0.9528896570552744,-551_-67
-55.04188849892076,-7.331465444048858,12,0.2224384812595046,1.197296085176679,0.2621434222152143,0.9647446969868304,0.3648765810801483,0.373818064296981,-551_-74
-55.1142927108208,-6.679019053192848,12,0.2358073562961993,1.12518384045862,0.2492357363333529,0.9650069028252076,0.4310106362249991,0.4894749057123358,-552_-67
-55.25200444387632,-6.533491977165488,12,0.6123753708421678,0.7925834405503467,0.4206073431408299,0.884507720021918,0.702007813455949,0.764668814304261,-553_-66
-55.47568494962208,-7.027924709544871,12,0.6464447290733164,0.79069424435483,0.3434874168482704,0.8721873566801637,0.7033519873245451,0.8610334596710432,-555_-71
-55.29593206126977,-6.872516165392193,12,0.4856695233031609,0.6053088644862665,0.1756087444119133,0.9570981795810648,0.8223263879964541,0.91819837760918,-553_-69
-55.320905226168286,-6.540498836381618,12,0.7747409863416752,0.915756898649502,0.3040103120751176,0.7587043731590534,0.6091905112649277,0.919093877979383,-554_-66
-55.14896768078781,-6.737948535831089,12,0.5153749201474095,0.6480128560967435,0.2363829050798402,0.9447485805078076,0.7972848184702864,0.8903104526827805,-552_-68
-55.07782111028554,-7.435670017006723,12,0.5391653704889151,0.8765717930904585,0.3109091630136254,0.8903799622804996,0.6397896472846852,0.8252019753441181,-551_-75
-55.41163506986436,-6.815113818736956,12,0.6055337761823428,0.4535149610506296,0.1789318001210723,0.9625286883272208,0.898912656105857,0.954506238617301,-555_-69
-55.252723096103615,-6.534210629392783,12,0.4241602864057608,0.894961205590492,0.2995804261552179,0.928810335125298,0.6255490836709804,0.7511663904738378,-553_-66
-55.4119045644496,-6.815473144850605,12,0.4538629413086182,0.891590813065837,0.265780680007794,0.9192362990545292,0.6281750547840337,0.8034377668897054,-555_-69
-55.32207303603765,-6.540409004853208,12,1.0060639144474024,0.8287657140031087,0.3480286394043037,0.6720732132570786,0.6757860641243327,0.9359452423660432,-554_-66
-55.32045606852623,-6.542205635421444,12,0.7437588358370824,0.7817780671643292,0.2881138041836026,0.8356647496504537,0.7096619368441529,0.9224873154249222,-554_-66
-55.3615989085389,-6.62709642977074,12,0.7191119314726371,1.1454748878522296,0.3809558517450878,0.6794932123967932,0.4126136037643227,0.8515299889537651,-554_-67
-55.34399192897016,-7.4128528087900865,12,1.079318397889943,0.4615516275433148,0.4236958483656419,0.8784626630310024,0.8953625770468608,0.884906012400814,-554_-75
-55.008111844237874,-7.002322723947463,12,0.7334969820270135,0.5714102057688628,0.209706527843595,0.9134442980186398,0.8411391460505016,0.9569568029094774,-551_-71
-55.47316966682655,-6.951388247337887,12,0.2365747149648148,1.0783528121244157,0.2434722280093388,0.9676352881754734,0.4727804743125887,0.5159513608538756,-555_-70
-55.320905226168286,-6.540768330966854,12,0.75927201466384,1.0306181728311905,0.3307917824273733,0.7091393453054832,0.5142887876945565,0.8987012400666297,-554_-66
-55.08294150740503,-7.424441075955228,12,0.6409245293647581,0.8049038690832727,0.3787185322827838,0.869857655611415,0.6931805259296806,0.8308027143022062,-551_-75
-55.22289902867085,-7.429112315432649,12,0.4572965200677236,0.8013949756996591,0.2513736813202627,0.9335961971270328,0.6957053374762998,0.8329408732719102,-553_-75
-55.36968374609597,-6.7083041314551455,12,0.6446868156565647,0.4959223481093029,0.2100212874855503,0.9493251569022118,0.8795301910467999,0.9462227977557504,-554_-68
-55.47568494962208,-7.027745046488048,12,0.6360451316490303,0.7825148832729477,0.323002295516922,0.8786758613676078,0.7091426260949231,0.8709830042300296,-555_-71
-55.08527712714374,-7.422285119273342,12,0.6139916825701961,1.037804862334447,0.4883787673691811,0.8037626445097494,0.5081121320711683,0.701052683697055,-551_-75
-55.09713488889412,-7.438993783557963,12,0.2755788789655876,0.9944825449833038,0.2108555021826923,0.9626804636255448,0.544936836614315,0.6668604361644244,-551_-75
-55.47739174866191,-7.028194204130108,12,0.6646244675713735,0.6784248742340679,0.2526635586932518,0.9000562401619702,0.7785621818479602,0.9235670395011176,-555_-71
-55.22289902867085,-7.429202146961062,12,0.4572221128048989,0.7959777400235999,0.2397210069497997,0.934502092339902,0.6995864584067791,0.8417871114250708,-553_-75
-54.89357664551263,-7.473758585053391,12,0.4696261287790843,0.8800089268691218,0.3278392432930525,0.9158103867128268,0.6371442638880943,0.7622974127745797,-549_-75
-55.25398073750138,-6.530347873671067,12,0.4322848873966072,0.9269604817087096,0.340301993838995,0.9207838818684024,0.6002677554148058,0.7052073286218694,-553_-66
-55.08114487683679,-7.421476635517633,12,0.6623118969594113,0.8657072743809571,0.3926652176835751,0.84007859964545,0.6481016503131244,0.8294870912482868,-551_-75
-54.97325721121403,-7.467470378064553,12,0.3737216547942327,0.7373296017268889,0.2292252121630603,0.962274058198714,0.7402665408463109,0.8108841182989244,-550_-75
-55.25074680247855,-6.531964841182484,12,0.4279497946178118,0.9929145466800522,0.3541465022988351,0.9110727148535572,0.5462508968469675,0.674423885646561,-553_-66
-55.36168874006732,-6.627276092827566,12,0.7325181718264978,1.1448168211381868,0.4033701543759758,0.668505322576521,0.4132129513964182,0.8452126453596869,-554_-67
-55.36043109866955,-6.628713397282157,12,0.721968604144175,1.0327810928386532,0.3486612952457514,0.7346568866172639,0.5124326290379251,0.8762345604809083,-554_-67
-54.89357664551263,-7.473938248110214,12,0.2952273019883696,1.130908762844361,0.3045188022342484,0.9447795304234125,0.4258377356711205,0.5118743045180771,-549_-75
-55.32036623699781,-6.541846309307799,12,0.6998007373175956,0.9125394644881692,0.2877228151454417,0.8029335545832266,0.6117388559482564,0.9041410500589708,-554_-66
-55.42187586410332,-6.927672723837132,12,0.5654262459375742,1.0367086752471837,0.4596684492937826,0.833058641125371,0.5090559625944596,0.6889755831349285,-555_-70
-55.42448097842727,-6.874941616659315,12,0.6487512384371211,0.4692356338050115,0.1524283143012602,0.9540218018651628,0.8919141986764323,0.967612958373299,-555_-69
-55.25281292763203,-6.534030966335957,12,0.4329160370314193,0.98297988269207,0.3467103358370284,0.9108127454010608,0.5545452925936717,0.6915563308170742,-553_-66
-55.47272050918448,-6.94959161676965,12,0.2733049589363419,1.1010675050577523,0.258026664699448,0.9550620694344484,0.4526444947903247,0.5623764802257908,-555_-70
