i,sa2020,sa2021,sa2022,sa2023,sa2024,sa2025,roi
5810,1.4607790040811224,1.9353317984335021,2.472578044220033,2.444123175835123,11.94850971481942,13.078058999640096,KE_marsa
5830,3.4712814713527167,4.10943052621021,2.438942561040428,4.514082018528887,14.870380289305622,15.055648048372275,KE_marsa
5833,21.575112906743456,19.235192079406506,1.669622692287234,10.299260482870848,9.578830279500819,10.84336372095959,KE_marsa
5469,5.166881310967648,4.433950007699458,2.185399422890791,3.494318129882161,1.8002250405048223,2.25941175390416,KE_marsa
5915,3.616729294982084,8.26844425928186,2.8561056499081148,22.001859075455,3.5278441644778424,21.795537593049584,KE_marsa
5779,8.856985545813354,12.15906265434704,6.655931294252158,7.879342252782481,21.99901701959378,29.605704775827572,KE_marsa
5505,13.866940611878272,13.6800205857617,4.147400810070545,3.9657245697393875,7.749774551674043,6.6781643570699645,KE_marsa
5939,1.740032930867331,16.030405249424593,3.843058639972792,26.55451035546293,5.956638791870909,11.103216957666286,KE_marsa
5768,14.107873228993036,18.376430623341236,5.905277433438038,20.795648721466215,5.147130451643206,27.552056003147147,KE_marsa
5681,6.3227040054020796,17.88326192622513,4.382852794193788,20.220271433804186,5.997106382386742,18.656097897959143,KE_marsa
5485,20.147054756418733,27.843529643003386,2.0239070317213113,13.996894736538486,18.718890415105175,20.310746935570645,KE_marsa
5819,21.632308850383723,15.493134855076008,16.306191818337854,28.75699038584846,14.084864979823507,27.83997196247097,KE_marsa
5908,9.164051506448333,5.999823415826348,4.993929939200122,15.875127310013761,3.5168542947570605,17.582396516551803,KE_marsa
5427,7.713111495510537,12.688010104983016,3.3519451200201873,17.889894011977717,5.772819801298062,24.347359256156334,KE_marsa
5837,15.193021714939457,15.253777067325206,4.514842905431746,9.335740680239388,3.8313377792776224,7.867231034006954,KE_marsa
5543,9.866494790503872,6.6297200378091645,6.364048290861083,2.46523125698209,23.498677450283097,17.910709505196007,KE_marsa
6046,6.762805955324522,11.682396714637928,1.8044593415111148,17.033074675884738,5.271937144471624,19.177928923189448,KE_marsa
6097,5.78465568698321,10.699043253985153,2.945507323441139,20.300484569179744,4.45479115085831,9.414602862845662,KE_marsa
5772,10.99251653509786,10.184570009460467,5.2075186208589095,21.1668708528546,5.415129411672085,6.917090128841031,KE_marsa
6056,12.485508936598865,15.771882584060508,4.084217636580956,39.8693288710886,8.26620865026792,27.063344374464148,KE_marsa
6081,3.012781590316945,6.625932880916321,1.9950059989577515,6.67888291672678,14.748714511521538,11.885002038353868,KE_marsa
5904,2.2081492516528356,10.477124067640705,4.579604368162817,20.736499280352003,3.943553513671997,11.95486809771631,KE_marsa
6040,4.62334724386601,2.124174202606838,2.2116279661034017,6.112940935930034,3.1043886813798403,2.660313445276234,KE_marsa
5777,6.647130631118061,9.529952003668653,3.115702335395788,28.586223679837136,18.879115996090594,14.845202275821629,KE_marsa
5611,23.111611607428774,24.391414132274967,3.0279203005594115,19.94585457977409,6.523862926008494,24.23903818831886,KE_marsa
6044,3.2003522826800404,12.058791868633614,0.9876899467738073,34.81441328980243,6.966446497404209,28.126877763649247,KE_marsa
5628,8.132768128637759,11.695566894335709,4.0979307769960185,19.716704534899183,7.9624732294821206,16.247061252844684,KE_marsa
5678,7.213684147381618,10.716019757893962,3.3377507988909763,5.527630855835419,11.996614105102768,18.95923678648911,KE_marsa
6066,8.289768870157896,11.690079085290947,3.8203189156631345,15.548297365049867,5.845368688705043,16.013803777757886,KE_marsa
5451,6.46995564053002,2.774708943003348,5.013048814438806,12.31850762129837,3.479930971775074,9.177248232588799,KE_marsa
5412,7.759102836182655,10.060597318979099,2.8369651376454366,17.115966160919644,15.979877038239925,31.568081524442725,KE_marsa
5463,3.5031740457649634,3.2869522814252696,1.3515858876447313,4.609470762741114,4.958221328302652,7.150347702671542,KE_marsa
5982,8.927038116289975,13.67414613393279,1.9811369914156998,8.728878637163328,14.916922346744796,20.27828814622329,KE_marsa
6094,8.710295217625616,6.894125126465971,4.963954394342455,19.21643747320818,4.306708836190126,12.005380283998647,KE_marsa
5460,7.9744270715480265,11.490198762875682,2.2033477167408377,18.21927727836665,5.59966284051627,21.78216179927969,KE_marsa
5585,5.2926363678386865,8.100340614447381,1.7348014106529106,14.201414623831976,13.234189035393795,23.853104232712173,KE_marsa
5739,32.05706099191106,18.68558165204135,23.66114808186923,23.219908338789217,25.431415593877208,23.217352216546598,KE_marsa
6068,8.565323831175265,10.73809716245267,1.8320979263300727,23.099394025691108,2.622374825038097,22.265454271076734,KE_marsa
5591,10.416048291760504,9.805271052645297,3.8025387299996973,3.091309102881,12.922740568786763,8.889574047867958,KE_marsa
5423,5.271034647038608,15.052212112548116,2.0022675310256655,13.472605317611386,18.818543091218043,25.06363758857918,KE_marsa
5738,14.129334239372064,20.259512224843622,2.8209139165720023,16.6057381777071,16.681100350068842,30.46191710058408,KE_marsa
5778,6.78596729256834,9.016910370968997,5.546032933206614,21.71107745468586,7.2480748029831945,17.9608790988962,KE_marsa
6029,12.188129221166658,17.525443122220295,4.631493586440575,15.603797189373589,12.533612068979838,19.939298016993398,KE_marsa
5863,1.8385912617208964,1.5951802721733903,2.4724618396909293,3.587137512554371,7.3967724007572375,8.73559287323425,KE_marsa
5743,3.8870436037684515,5.000399534345316,1.2319662080863294,1.4482372140406305,5.3687929828980225,4.813999642518742,KE_marsa
5508,9.860167506687157,4.922865959989509,7.562528855885444,6.102673328325971,18.10560815298362,15.28475411649831,KE_marsa
5927,6.872258696693872,9.484908710142824,4.477247917766099,6.557117426725173,14.254287239899885,11.59193106898426,KE_marsa
5593,17.842354160026144,19.123682162230207,9.004274340847992,30.020323495515452,7.798424122718888,19.482758743387578,KE_marsa
5815,7.159560639182382,9.98846701669105,3.3000067254407637,7.370239036883288,19.269435342052287,17.87450150560114,KE_marsa
6028,7.904039458227418,15.074021005525067,0.991707308422444,12.113087256383086,9.120716336224314,14.029448671985602,KE_marsa
6053,8.039688726716074,13.944294109980952,3.5298880735931695,13.694937001528448,14.848561821347966,15.483213935782562,KE_marsa
5991,6.303030175916223,9.989691640674314,3.6965950458206485,29.998763244755335,4.747416004784505,15.936280578227223,KE_marsa
5464,22.92581615030481,20.849452039549842,16.473217025892886,23.015933252458414,14.554429352734749,17.651003888695037,KE_marsa
6076,4.279995891615017,1.8139959299888622,2.9556145380049728,7.04903602612768,2.2823536747627493,2.72047148708546,KE_marsa
5659,10.367862248687098,19.410338296632982,3.2831351549731416,13.071259032375865,18.05039273586842,25.80162203018388,KE_marsa
5789,11.390015087112639,11.28425476510223,5.271791538978605,13.96708998386063,14.999471175156616,21.57359457165655,KE_marsa
5897,9.575736690563975,10.348651055976198,3.8971647705622496,3.078685028548616,14.385645915746002,10.266514006722067,KE_marsa
5473,19.58203412709193,15.241868652564284,3.1747021412502408,27.279753440200672,3.1147183385877604,8.381528267611058,KE_marsa
5923,16.01310407939515,18.730708857918057,2.294740860296909,31.208329012658698,5.29340348406586,18.167141264920676,KE_marsa
5461,2.1693887435760804,9.067752560191012,1.12534772631571,9.166309440195931,14.896260227524657,19.907462571131003,KE_marsa
5618,5.445695913675538,9.58309126995568,1.74943899544338,20.55085960171629,3.565867099781255,28.372697112037926,KE_marsa
5786,11.232749526537786,11.963912944740038,0.9787865304940144,16.997975761318234,8.298345318827497,20.30279888370996,KE_marsa
5524,2.5431941051784066,2.177746433072663,1.2899632581378409,3.600129758169826,1.2905197070967407,2.5424904958579377,KE_marsa
5515,7.4586715656444875,2.0590196199776076,3.8103565541130906,12.28377696234805,14.184070704628207,21.404981280450556,KE_marsa
5762,7.642355859881541,13.337928627204052,2.2371409204827204,18.842615852634466,11.18748286705742,23.2839328207327,KE_marsa
5439,5.045627565616471,8.866588664788434,2.825761381098886,17.873829510170594,2.815027938061391,9.243436453934253,KE_marsa
5843,29.6391377906045,24.837216864558293,20.079365316711513,17.45940261521195,16.89673718184899,15.607162703072358,KE_marsa
5996,4.4111530272774715,9.978472628138098,6.197599625614733,15.597160779496432,11.878948410650478,21.622694685309547,KE_marsa
5512,11.851311719383043,3.922945134253202,7.500108252633586,7.2102966312066,20.01101925111334,22.478604202710702,KE_marsa
5677,5.424985446072093,4.7575334637291355,2.386013585792753,14.01583234587489,13.072175683981497,13.151637441204663,KE_marsa
5445,5.7909142063882015,5.8186605183271904,3.0944762568539033,16.735967211200343,8.624501340794932,17.00067818782562,KE_marsa
5420,7.779464820982268,12.222694417370539,4.635859993847896,11.502425692453354,11.043034454509188,6.221237704452024,KE_marsa
5928,3.1051571690624415,4.342350562306468,4.883774237471088,9.083429399571061,15.047333783424405,18.026782691888524,KE_marsa
5895,5.2289272678535585,3.319631822676332,4.6562699968345305,8.153183316041998,6.0718851921410755,7.019143438852785,KE_marsa
6108,4.043267977419701,4.537807768029977,2.508227374503022,4.532538740734606,14.596631693791348,11.814706235367844,KE_marsa
5853,4.711864039875342,7.180914368285384,4.053063598358151,31.359897177659597,5.590815700386394,32.816111988451624,KE_marsa
5404,5.668744663005136,11.83679326378101,1.6192620419601682,9.498068245630671,14.760712347086953,13.153812189641677,KE_marsa
5718,7.536386995834792,9.064190895638767,4.58803295637035,14.517609845093567,2.016041501161286,12.938098965790019,KE_marsa
5697,8.571336254483414,14.476227234528709,1.9544849172124974,20.955642535794613,4.084418495631922,11.34023630668183,KE_marsa
5478,10.142377443645861,11.58932559120124,4.233315819987655,26.814639271256343,6.166126055293404,28.698308223404307,KE_marsa
5961,3.8723900506612807,15.692844538864302,5.49396988672821,18.633674226689944,11.70763399737467,22.161891128099175,KE_marsa
5836,4.553356343091551,4.135162282867206,9.074980458329053,7.129293359352937,11.959026440551929,8.731984586373255,KE_marsa
5470,15.457033536426367,13.13911879104996,5.8465195226718,19.830660125250006,17.32559812023631,22.688838409325072,KE_marsa
5589,11.953048348546405,9.889502781317907,6.481924063602628,13.49697186199133,9.5265637821987,10.252859426959267,KE_marsa
5538,6.97601096061124,11.458192912351691,4.126624346229834,22.11219907232794,4.530398396655582,15.447237667251512,KE_marsa
6016,16.769282070115654,5.059478258788443,14.672395556510319,4.922974995455206,26.00136024177035,17.7958501865354,KE_marsa
5605,1.314555722809073,3.976104436910784,1.797266803247333,8.586180128521702,6.839536128213375,14.263725961696359,KE_marsa
5722,9.216009980244026,6.088503822579264,3.8764096199053624,18.599289245985215,3.979577484757731,23.36920705196311,KE_marsa
5892,3.0107125219730086,8.67660743807817,1.0894551063442957,14.586070437594532,10.884810130773198,11.510491246352696,KE_marsa
5737,4.1969711378581644,3.376469649588265,2.2298367294768213,5.838504037277631,2.0661699585837217,3.258430469950652,KE_marsa
5552,4.130446716507241,2.8586339049039826,2.671300998848514,6.806028276169823,7.597180010263068,6.1072890074567825,KE_marsa
5488,9.682038298048685,9.476961801274822,4.324050452608023,15.821197139589408,3.4757494155812467,2.0488907213155003,KE_marsa
5781,5.859717375965095,8.115775428128934,1.7237950381301244,8.248767018055828,9.510194856733685,12.189119125868805,KE_marsa
5563,6.122868497442764,8.655292735491471,1.276207556478429,23.463917123929097,5.963068998863259,25.343214033742047,KE_marsa
5489,11.5122873808386,17.863248728322066,3.1203470901171717,10.49350223075253,16.82599532738048,23.213275820722746,KE_marsa
5922,1.7031748636849584,10.139201508783964,3.2807293829528463,10.844209873647166,10.50738762908885,10.318171981295695,KE_marsa
5417,11.830465243144268,10.438472745036876,5.158321445374924,7.173417374902185,14.854043814669247,19.63168455092845,KE_marsa
6090,16.275691429680506,22.533494413967,3.279657726314567,32.25046845431503,4.776475684878064,27.591665453275073,KE_marsa
6024,9.911051397657289,6.367295302203183,2.0774971701693845,12.316787288622912,9.399791121454388,18.08257427012838,KE_marsa
5986,10.983431781379867,8.332598482375149,2.546533405537948,14.09935948768881,6.221799881859425,5.217539341180108,KE_marsa
5954,9.648827377861524,9.299717296626817,5.6148144068107975,18.327292658119593,17.026803493470346,26.474317922374585,KE_marsa
6074,28.67081225025533,18.34980972926173,29.138581600106836,33.60995050343671,15.154093276738644,18.438289417988905,KE_marsa
5496,5.360926308036347,7.34231357796144,3.0810679272229513,21.025959993161127,4.758156248963381,16.249642581428496,KE_marsa
5925,17.055784281733928,21.761809111856937,2.0893494808230706,6.637921397317476,13.484767615722308,15.429051853985076,KE_marsa
5584,7.995359765852481,9.02918349038357,7.567793203261529,12.492150213124319,22.149655711825663,25.435239896937535,KE_marsa
5821,15.655980332403704,16.149961299096567,1.4145629033302802,11.983929698549515,9.637329903898745,20.218722906386535,KE_marsa
5832,1.6078218001761473,2.2933539272168315,3.7900324550545172,3.7521265519881495,2.8800488541772027,5.59861387839936,KE_marsa
5454,10.702391299858244,12.155059884933,4.030108147437796,13.33725192097968,14.959408294100205,28.240941784759084,KE_marsa
5733,4.769169821771694,5.053621179260121,4.659410628933571,6.506272762989839,4.654381338341889,14.216980004371214,KE_marsa
5465,6.001012949051926,3.8972901852426856,4.084142345031223,13.451038734011563,2.5964803606290925,12.50984627073457,KE_marsa
6041,10.957540577963767,6.678726645954518,3.4205147206476663,3.0041090695232406,21.255281113354044,20.230321854183988,KE_marsa
5665,11.037523541453655,5.623659218191864,9.444830463294663,26.527726993991706,3.640516618257924,23.61603483243866,KE_marsa
5536,3.7754498464303072,12.565188115584466,5.259131528744108,26.71474741830598,6.190565308817715,24.552046392637173,KE_marsa
5577,2.064266658468574,1.7530283410285976,1.9152444386685792,3.1583515103915656,3.365273322315576,3.7148478030231584,KE_marsa
6032,6.301218112879063,9.941875894308433,1.1292456520546743,16.089519104183438,9.22420949894059,17.314156519180287,KE_marsa
5727,2.970466578884618,11.43646231406375,2.448715084859275,14.74793138170866,10.71491163364253,20.389482693099072,KE_marsa
5521,2.7536987536475275,1.3809963022451,0.9251222570775088,2.495758992383203,11.958392896632041,9.529490666575171,KE_marsa
5947,7.729716417902972,9.816799090961657,5.566334658769567,31.247034359722672,12.388248316083827,20.67537557562355,KE_marsa
5646,27.470128375616607,22.6050749020955,17.520622338164074,18.09077702905149,11.987981165643015,15.237892323659702,KE_marsa
5808,9.344133523158089,15.233572479398438,0.29552707206205353,7.63197456782862,10.912499479221905,10.22693609478262,KE_marsa
5798,0.9604516143128281,8.380205737667557,3.4609297140859776,16.811332669756,21.411733188175408,35.352791044397556,KE_marsa
6019,8.513421903983362,10.923601338570661,9.895960105094938,13.748893711645215,18.907473386591583,17.53508402881281,KE_marsa
5472,3.5155465532141448,2.577230234650718,3.3285679170769362,11.66784165557938,4.304668291891449,4.595491730374063,KE_marsa
5480,7.160560831446192,7.558428804585986,2.879538794922635,33.215387545495254,11.508739224736384,22.24658905896298,KE_marsa
5883,5.960150162588166,5.147346216509352,3.880990176530489,1.9228191426119785,8.55713402938096,8.933554007421847,KE_marsa
6087,8.337658136313925,8.986745226395675,1.7644227334412654,21.91135210630296,11.17132316927654,29.144039948227487,KE_marsa
5803,5.461942572610779,4.302053393891365,4.1792734312020015,2.453406239967982,6.7872929073046375,4.676801670914319,KE_marsa
5981,3.7883867031013643,14.543028595213109,9.562814331856881,19.73719550911845,3.2469499350168243,9.68556905892451,KE_marsa
5753,20.109152531605492,12.317249938104169,13.884174867543715,11.958224198011864,22.165738633940606,22.740196826937886,KE_marsa
5522,5.033379289423928,9.86658125596726,3.0608090834536483,8.409026898518723,18.40771038408474,19.51406407042597,KE_marsa
6018,7.497302003308703,10.419495468454935,1.481110701082986,30.370809557942806,6.191441694323534,22.13070324003978,KE_marsa
6092,10.09289377093925,10.382387312533533,2.8698802587484935,26.227756520279357,2.7022273283933886,26.349516799303498,KE_marsa
5438,16.65501940300239,14.063478018013534,1.9964004323631126,7.0086954452516865,26.266184920129756,25.339681621125383,KE_marsa
5906,12.610741769069548,17.182021555485715,2.0931277996354574,17.003801986196745,7.389516696203868,26.503016393367933,KE_marsa
5856,2.998026703600921,5.5038694469729705,2.149969278188842,3.389982756844405,9.746707309638175,7.847375457944124,KE_marsa
6105,8.898664316862991,12.41180590159298,1.3788722672410683,19.133015003637848,5.816223501119956,9.971507121190015,KE_marsa
6060,8.501700587224596,12.301374184790028,5.379395620459847,11.345383255617131,12.78158763919988,17.963009726830645,KE_marsa
5839,15.26992448397304,12.301476213995134,6.046529115784447,10.940880728645679,6.193351012534665,8.11907774093724,KE_marsa
5523,2.3793326647263093,5.291158128729915,2.9487543566454315,6.401603697509068,4.7724307938321,8.770443293897527,KE_marsa
5486,6.977979554174981,5.846976750187364,2.02621905760438,5.563996976916466,2.8790582983451576,5.385930904002245,KE_marsa
5708,9.405371300545164,9.467533919038184,1.1967944379432893,3.080725852942734,4.856890390939028,4.871076760693682,KE_marsa
5716,17.14422943318244,16.98199724813597,3.121492826733382,17.66008426785335,10.174584009222285,28.959061835687084,KE_marsa
5558,3.3938982856641142,8.619835504517964,1.3598830212940032,13.807727801511994,5.22551746011199,8.382903362487783,KE_marsa
5511,10.354687599225842,12.404256523146989,5.876422611772909,15.969076459211653,7.540966539953217,24.183497364649178,KE_marsa
5421,5.6212067121844385,12.349302581731784,1.0738045731535932,10.172451772814334,28.483986797967095,28.515694902201577,KE_marsa
5672,8.71330881037163,12.912069303218265,1.0119029891412732,26.420846812082136,6.164996664638652,28.779276193430295,KE_marsa
5645,9.212386850585139,8.362838778994439,4.138892477438225,18.619436528317916,5.491347935772556,19.098936494034266,KE_marsa
5576,14.030323058759617,12.128202830550023,2.131234148731312,14.393810318525624,12.41310743524852,22.689819573500113,KE_marsa
5764,13.555657273798918,17.4616622428105,5.757376706482924,8.905200659559457,10.113023712506992,8.225049272724432,KE_marsa
5449,14.195607358482656,10.620979751505349,5.203677193881865,8.843828367216615,3.561703404286651,3.2638884357283673,KE_marsa
5864,12.638332975282355,11.181623889739917,4.689598753695116,22.480680971094824,7.044806938974048,8.253441981188665,KE_marsa
5565,17.191560801472082,19.652661596563124,10.486973939023525,25.642347631345995,18.560149500744522,25.492805496588183,KE_marsa
5757,8.191572627418717,13.532709282070202,3.703408322095294,15.426002463532159,14.185508452198553,24.94899274132547,KE_marsa
5415,24.32495677783616,21.209126041248346,2.061104725619517,19.913876057131805,9.317520919911242,14.548925493750302,KE_marsa
5492,5.708960916815663,8.448824573686423,3.9473055561862376,9.675114182909667,11.974966530110997,19.46886719504739,KE_marsa
5969,11.07942945052983,12.008651763101863,5.29244988646122,16.4058490556518,13.494644211756986,15.893761943260865,KE_marsa
5900,5.175142858173654,9.781913297981589,13.121360587829034,12.232148047168968,3.8236206057072297,3.9633799277981128,KE_marsa
5551,9.989803970687166,10.310618225298448,4.9051615335600705,18.919294810649234,5.376957207151351,16.57250865594117,KE_marsa
5806,3.6917663072257367,15.808618018431405,6.025004335966408,5.668433529347866,21.248358887284354,6.258822274501052,KE_marsa
5637,7.657543875551123,5.988151981371996,3.3679138196974123,24.573267228500264,7.291427015093577,16.206619949317247,KE_marsa
5711,15.300591494228797,14.923094589738454,6.673936682613382,24.64327770575724,9.156023100555599,28.75574565339106,KE_marsa
5985,3.0248340570469074,8.559584905133566,1.619200632476991,6.1206580517257825,9.799619246233979,17.09781964528692,KE_marsa
6064,10.039258149556897,11.175505634021249,3.8952024638691385,9.754785166447139,4.398752453827126,2.3905782294332205,KE_marsa
5525,5.851034307211551,12.608110002329534,1.5346213394038328,8.528810535922327,14.311528828636849,16.897970298369728,KE_marsa
5453,6.821378652731446,9.062897836418333,3.6632614775060164,11.748120594313727,10.781546675114654,12.48677300025895,KE_marsa
5435,12.286318409311418,6.470665006062221,17.758315192561007,10.084490948007389,16.302984566027444,11.095404457521322,KE_marsa
5652,11.9635806767843,12.515476762857046,2.155350533068379,28.462241993873775,3.606504428113291,31.869618538492823,KE_marsa
6088,15.834126462949659,10.427113680512685,7.210127981625844,14.925124843734494,16.09525302238731,19.419547576484877,KE_marsa
5801,2.8343420464854474,4.641634510106588,1.492660695026292,3.3327577234570205,3.6920268279985917,5.051791610657884,KE_marsa
5963,29.57767221426741,17.210882423945442,1.102056255140435,11.096165780272981,2.5451129630421603,11.285094028811711,KE_marsa
5838,6.831169873549942,13.376126903343716,2.0732262372196484,9.04313891801614,20.166003337945675,25.801149722280364,KE_marsa
6047,20.686410238958178,16.003790851313926,2.9626673631398184,22.223653369933768,2.897028998435084,10.663095303317798,KE_marsa
5825,5.683230294117119,6.820748152065774,2.22749354196518,6.0939853117918865,10.275165905028876,9.564817602274305,KE_marsa
5520,20.083592564504507,25.81985012053555,8.736076591327615,26.84674269810069,16.73567485890243,22.596731890859537,KE_marsa
5944,11.779403708683091,22.94978370903475,7.347238594029889,33.96969240910984,11.126011990829788,29.490661088827487,KE_marsa
6048,5.498712335138844,3.1768186528803772,3.153291165826592,11.174994530422918,5.5145389765872315,12.215416862646595,KE_marsa
5499,4.7498922758769515,5.961766325276811,1.8933197237804196,9.636221918835309,15.077172327287908,16.486732716911426,KE_marsa
5871,6.496343571842801,13.80345104324976,2.0476872012119687,20.998159811904234,4.1351220271465445,25.894711544571813,KE_marsa
5715,7.257273238855628,5.3325180535794585,7.3307456522849535,19.4653137143111,14.304018496266472,21.901206376145165,KE_marsa
5649,13.573314927550868,15.974768561008776,4.813162617498291,9.782578434317264,16.869305451892618,20.30365324521682,KE_marsa
5949,11.161966981867426,15.449409496770588,4.728630478847606,10.44124748602547,14.125247884477064,12.378044845877605,KE_marsa
5988,9.054057393615022,12.024213064605773,2.404450029945923,25.620499896821556,10.506746541245489,19.094237660032366,KE_marsa
6095,5.175427535577826,8.366485426754995,1.7745740281489784,4.9778017572886135,5.985508424370428,5.858362061783266,KE_marsa
5466,4.152529297743575,13.574459617685743,5.690103701077163,11.71245575799546,17.465962140408937,21.31766625388441,KE_marsa
5651,2.727221682197194,3.303299328475018,2.8830210254801254,10.137531992606437,6.111549226098204,6.9635969132681605,KE_marsa
5857,7.725440599389834,7.847324733442122,5.959985494961332,22.66802909233271,3.043721015068,19.252223568008024,KE_marsa
5852,16.419684019952836,18.410893927262677,3.173720586345762,25.415784611555456,4.687400944621899,16.79289746485686,KE_marsa
5663,3.676643380033659,11.17856490262453,2.9651204115017555,28.489944556595983,12.7764837342623,12.72527452661045,KE_marsa
5539,2.859821945426066,8.379867725569111,3.853372215563578,9.168477944595987,8.426004457344156,11.854089207436031,KE_marsa
5831,5.471264891290185,10.263237576583505,3.6806966841376556,14.977188181402816,8.872572343650647,10.599585412331031,KE_marsa
5840,9.043609873776894,13.489985356991845,8.969664026102452,11.443821366228196,15.295889824578035,11.93254858493826,KE_marsa
5693,19.033449141423766,17.188184207461376,4.406997787083378,2.831005634094058,17.014648157934214,16.944303198494683,KE_marsa
5914,28.765453606301044,23.753936283678257,4.455161107410589,15.463577239686819,19.17610711909508,30.237820798214205,KE_marsa
5799,12.121197579447685,14.145062455774744,1.9840401953376634,23.295072986841106,10.400377741190102,23.341757075089173,KE_marsa
5886,4.920193052618183,10.357247726541654,6.437290057510967,24.786592176639655,4.519654810435697,22.632922311011058,KE_marsa
5783,5.972457422562474,7.385451071857577,3.11492097000669,23.378209452660688,14.366321572567367,29.757785162891917,KE_marsa
5494,1.9824655788006984,2.309602488095655,4.780750660879479,8.077733438476448,5.595557653482567,11.66060017165062,KE_marsa
5758,3.887234136070293,3.9144785543204472,1.7521499716615472,4.2587796215095794,5.645085300845618,6.242513412171423,KE_marsa
5977,33.30848980059178,20.947984609515036,25.71033992840262,26.032014885749163,14.075668586759356,13.29048771162365,KE_marsa
5433,4.47740332684778,8.437925490166691,7.520203516878112,4.642580129328015,3.338235893451805,3.360148816552357,KE_marsa
5627,11.706258362112395,12.132328340531364,4.265901553794836,7.224463019558392,21.25946120263274,26.068915768187995,KE_marsa
5898,7.4117659268182265,12.499487502419223,3.7041615906532845,26.059615073892637,3.5881451135469558,15.482161387987691,KE_marsa
6099,5.340723773667993,7.7045346516228355,1.0445945449960305,10.482461117279325,14.011766074235364,18.631446673380264,KE_marsa
5703,12.371357744487714,15.091300868830803,5.883796714582047,12.672919492250395,9.587266622299524,17.639536374580707,KE_marsa
6079,11.726979696990753,16.59292024332632,1.1870741505003743,16.44021292148256,14.050449689037144,26.152860257055977,KE_marsa
6093,9.401680611002186,6.349483337417598,9.266369198655063,5.001593714938994,11.177666251800309,4.350535964718068,KE_marsa
5964,3.929741024787965,3.9999715993223024,3.082530237840814,1.6969215944468803,6.077627405543744,6.274392724267461,KE_marsa
5899,9.36023785158903,12.172141771905219,1.8989917855360838,6.824956753940583,18.118018373813484,17.048320548631597,KE_marsa
6043,5.872972375425359,5.652395058239549,4.964478496291204,25.07740674462845,5.996588176782344,18.88003431695155,KE_marsa
5564,2.3515332712883885,11.528319223560871,2.975959476741061,11.077015371924519,19.03377190528752,22.6093129547682,KE_marsa
5971,6.343649359879183,5.076742917023273,2.598430882584147,2.5171555149821585,6.82717592892737,4.799539928346331,KE_marsa
5710,9.855199514426795,18.186181941916672,2.490641171278015,18.720451660646102,21.25954026909895,27.65902098350487,KE_marsa
5989,6.742949665989967,2.736654772171555,6.208207166309111,16.541710442563275,6.346948012818935,19.46404935892835,KE_marsa
5507,3.288148736978742,4.068875361463847,0.9711201112431349,1.1410024828011758,3.69432195606232,3.857596654598272,KE_marsa
6071,11.878599813825936,12.627268083335606,3.8929258550310624,21.327746155071427,9.68085407357295,30.10086465497481,KE_marsa
5550,8.482711618051692,9.719649665157947,1.9106745145995943,25.116716357398207,5.879664208136134,9.526549388435942,KE_marsa
5622,6.815540603131665,12.59235688137881,2.784803471411755,22.45268028430534,15.296139766534154,33.30974856656291,KE_marsa
5747,6.619918261291509,13.257210702317256,1.738840949560305,24.689954431997947,3.1827619746453606,15.325643764805898,KE_marsa
5569,8.49969710297888,3.612807243690236,5.8964388787736794,8.735906166800373,11.089662742059682,15.52846506184406,KE_marsa
5690,11.339701602399057,16.402618184851015,7.704530202727452,8.285771154148138,1.7660367025426322,6.934365790730078,KE_marsa
5484,6.331320823651891,16.183265472126063,3.2846034628295846,16.61978329538023,3.1727685879576244,11.219651065578551,KE_marsa
6078,5.265544290739829,4.141124690659636,2.2368638555332154,4.869368226112111,5.121316050181073,6.631671900566721,KE_marsa
5714,15.740335353429384,17.72573035981995,2.2094795203648614,30.41383071040201,7.6773011808571034,32.82792525806128,KE_marsa
5841,10.113407016267491,15.900089932648818,4.857884201792137,5.45743617184577,17.796897764110405,14.460100528188464,KE_marsa
5599,8.702198344802923,17.146735934648454,6.073357239583693,21.889125122716774,9.79868196701039,13.753945267638604,KE_marsa
5407,8.1180375501667,9.436121090327166,2.7603396447473796,22.417577962102037,3.645872524218402,24.400180266817113,KE_marsa
5759,14.248045819419396,13.349671868387428,3.159146004852752,19.999386829007705,7.213728662643344,29.519186997341713,KE_marsa
5413,11.83612791196854,13.808672394821414,1.6039880052754467,7.59613073112802,6.902991438860531,5.339584816560382,KE_marsa
5916,19.598853494474888,20.837355406413142,5.165664025933792,15.525110252909872,5.3660920804134244,15.689958679456225,KE_marsa
5812,3.137756987382784,3.889919782056376,2.6744080302534483,5.6503794852510865,7.073457264282281,10.678300524050613,KE_marsa
6075,7.443293668802291,13.71018962767065,2.9261141731712565,22.381387363147358,4.596342415480315,27.024047773996532,KE_marsa
5958,10.902993058130136,8.606897248103898,5.475728127789633,4.0138807012554185,14.666688026486332,11.456027484513232,KE_marsa
5583,4.505294417800545,4.738978576730275,2.990072644479991,17.593824186992116,6.974499525032919,12.909544383455895,KE_marsa
5910,4.047625997649781,7.087357602817556,1.5666949735171078,7.17994357908033,18.748233388474628,16.996473460201408,KE_marsa
5666,3.921428225931743,3.8170942736151594,3.708609701718732,5.5971017094079105,6.2884069851323074,7.886822240871435,KE_marsa
6098,2.5712868195277707,7.327250375109052,3.812058412511208,10.875558798921869,12.004942648991872,17.28326991406468,KE_marsa
5776,7.581931660133733,8.805574239760974,5.091719020917912,8.883648915087011,16.961277002365282,25.13732028177444,KE_marsa
5823,6.26317970669094,12.662889676744916,1.8190740913162884,17.540217107580688,14.863782632053235,17.954235629345558,KE_marsa
5735,5.150258794545944,4.562674865773912,1.7315001736874378,7.980767124342456,3.6612527827268075,3.4384347075671644,KE_marsa
5955,19.871777594861754,22.906043734465552,4.643538373346365,12.89835804398983,15.32370671857033,27.988875388387722,KE_marsa
5775,10.334462222612109,10.280790869455851,3.793825094030557,37.81610310847505,19.467032998997574,15.425363312855394,KE_marsa
5601,5.763201849969497,9.43940364455902,2.2159050143102874,12.845175753439236,5.543473519445356,5.638002902147347,KE_marsa
5444,22.48215107803218,24.220374289766905,18.17416439430211,34.329837971859654,4.091103001349669,18.817694004916948,KE_marsa
5959,11.88732590303939,4.545238942769905,4.804770013941705,10.55757426347589,13.847313993834693,16.48066021356615,KE_marsa
5957,10.59397891868082,3.688648796134049,16.36528711146864,20.40686753238696,13.794147025069055,23.43708978159026,KE_marsa
5790,13.871284383568046,3.645031351291157,14.62488521257804,10.571451898657,28.290152442961013,25.82410537202639,KE_marsa
5409,3.85182239880132,14.843191708077484,6.080317482301251,9.7479123783306,6.975454164962612,13.14664709974662,KE_marsa
6101,22.563685492169995,15.744265245681884,20.205258194096302,23.677146444871564,13.274347704374698,17.989217579219762,KE_marsa
5911,12.59856192065889,16.232532753165984,1.0051523246488905,27.828456792359535,7.875709580895219,24.852746436703278,KE_marsa
5787,5.611671852376286,10.406159929880392,6.081483789340762,6.9224522210045905,20.44703654029603,11.764844814561092,KE_marsa
5782,6.8526700255294335,10.895394931719052,9.275987166891323,24.636965833778106,6.936533077030319,15.46506579326362,KE_marsa
5442,7.116621459854061,0.8011800794624764,12.576434145778073,13.461326288801335,21.430700046082702,25.603629902155237,KE_marsa
5709,10.248679797731622,18.345899611403468,3.2743421846283316,27.498709532056377,8.763839716437186,24.41109794324794,KE_marsa
6008,5.107362728656685,13.331209813438612,3.77186063360895,11.85762467336195,13.882323620736527,16.23240312511363,KE_marsa
5751,22.71958245656413,14.954741324689012,2.6982029310932867,9.126686885926848,2.844374936656433,10.324385900242033,KE_marsa
5827,9.096046641720442,14.68042352654056,2.313265674713619,18.094802103392244,1.6279116713188766,7.492899707071435,KE_marsa
5661,21.496587952028708,21.459055274073734,4.645783790490717,25.86433470030839,8.988267885663323,21.217910277699026,KE_marsa
5566,9.674320347618039,10.736653633943915,4.676034011105378,26.758952310139406,5.873614635126116,21.120328580086998,KE_marsa
5471,5.702242435667577,9.790314959838284,1.8946148685134037,14.05771652596582,15.364840216408043,20.246677098619877,KE_marsa
5528,1.1522256523189933,1.6517560908097901,0.6076471574663435,3.451961754234934,8.89120151419348,14.62978668297078,KE_marsa
5443,2.5950977498021333,4.435498216246923,1.5398654908960783,1.998248149929731,7.596346234626941,5.28411247335467,KE_marsa
5408,6.606288485937729,3.989465142383381,3.652883975741404,5.945886593443327,5.020196141588801,2.840721744278561,KE_marsa
5437,7.919768547081271,8.948756549945871,3.6643822734385214,20.025693841760685,4.226416499315915,19.122000241417535,KE_marsa
5849,11.87323193106705,15.933188574748533,3.31757967951491,18.972405056157793,4.8917178310354,25.113470541863027,KE_marsa
5503,8.99073824599923,11.660592463574027,1.807725685319432,12.136348473304327,16.59411960252656,16.330387106944656,KE_marsa
5921,10.021152233355732,11.28543937607712,2.025206346470357,1.7370230080526519,5.709182914703039,4.79855175851879,KE_marsa
5640,17.731818944923297,24.799959451932885,6.324996066694258,13.670310144513309,7.3329561666364045,15.692288969996829,KE_marsa
5887,22.10719129117718,18.29366200089942,6.494892571635705,6.1405405450179025,8.71176560284093,12.680452278689154,KE_marsa
5770,9.701505260006105,18.375605452593863,1.975330768815809,26.46248208590277,4.619308283292985,18.752280461688937,KE_marsa
5689,2.0460333287703727,2.319167838633918,1.330742803539317,0.9553754932578071,1.6890767013419907,1.6534462782519541,KE_marsa
5818,1.9552126037258335,4.401896498729601,2.604419412111578,3.662362552515517,2.9674558452837982,3.7249217848904452,KE_marsa
5749,3.6285999096459296,11.822049666804876,4.287094247426897,21.815134321411477,5.150964018158725,18.944095749001914,KE_marsa
5826,28.659865578711102,21.664895600080452,30.102202651500917,30.358702918302928,19.170937345249065,21.499653558918084,KE_marsa
5590,7.091398538742481,4.170406981935387,2.0762069331587036,6.946090636058192,16.230279315555048,18.966988213907538,KE_marsa
6102,5.492472449670768,6.453365969737893,2.920237605345643,3.4141845166602827,13.251313679174782,9.573925312482856,KE_marsa
6042,4.413035887742357,4.832948586634348,6.4187110484998415,17.452734409426224,7.827118693805568,17.543335548742412,KE_marsa
5664,7.275901784235412,15.96499738545889,1.609629631878191,31.847767468753204,5.57535906977462,20.89617771320599,KE_marsa
5705,1.1679118206746564,1.9735272722283457,2.709761293047383,2.715222808150515,2.334472763028469,3.3846848270533045,KE_marsa
6023,3.875865794664464,8.771784178363378,1.8476418444875709,34.47067104638106,13.043478303267152,10.293069595769062,KE_marsa
5861,6.322973155818074,9.884485437905528,2.6085586188333627,20.584028859703785,9.66254069842252,28.582481068565986,KE_marsa
5604,8.569911670469125,9.776543792585914,3.33694560042747,14.864209977595083,9.434065368888914,11.905933892604246,KE_marsa
6077,8.101286796227056,5.989102103326146,6.623517263404091,8.386009944989503,4.625818213875858,3.294569727249903,KE_marsa
5482,3.2696159500203947,3.512371567174711,3.8172527537813528,3.9515770620128086,4.915816698950877,4.101415967328968,KE_marsa
5920,8.046055163741144,10.03910153901444,5.749600774380009,35.06713503694024,3.5185104871857087,31.232579202125297,KE_marsa
5446,10.298885497974137,12.184487773520782,3.6345121510426313,19.10183511595289,2.752608585168104,18.539844357442465,KE_marsa
5537,9.200714572056734,4.283023290824926,6.326428124088368,2.8025624056016762,12.267827872946828,9.142982070874213,KE_marsa
5750,4.629111533008371,4.307942855240268,2.1239967852121056,4.571111813311007,8.105769103979023,9.381416088407182,KE_marsa
5979,7.56016516490648,3.397586016669584,1.9914405849910481,9.758587019628003,10.89473699613215,14.491880796134653,KE_marsa
5654,2.946838587756047,3.024348078812328,0.5032645629120376,7.914772327778596,5.011227594026197,9.12259372241587,KE_marsa
5884,8.13553760949585,13.983954378257218,4.130346082844796,19.8340848063733,9.86089449287152,25.52297358818556,KE_marsa
5792,7.706566672375002,15.857023473418185,1.7606255473822618,17.81285784505001,15.744063816387772,20.40896288623494,KE_marsa
5867,5.615413997668924,6.4102458728748,4.250581450026253,20.235305683989985,9.790382349700547,16.928335867576244,KE_marsa
5596,5.9088063144736145,7.216260136629619,2.4820991014091356,4.231739105574566,7.536511115622256,7.265566509696527,KE_marsa
6022,6.40687953846167,5.494621663262933,3.055464786528988,6.561532629966888,14.826380794134145,17.537922672854986,KE_marsa
5765,9.371586352540426,10.847329508457884,5.285664923857598,4.421550205027431,21.594890678000535,16.243334483156424,KE_marsa
5745,4.699119990090626,12.936037377338549,2.1818515043826574,26.118532440227963,6.059852216599769,25.287490697408856,KE_marsa
5934,2.974455741413014,3.8058484954937253,5.5812991227604165,12.007303038202306,9.358679410814648,18.36789784727002,KE_marsa
5800,6.614896578466503,13.299479627360558,6.051962430011276,10.744086090349908,19.48469292169663,31.124974439470023,KE_marsa
5851,7.12029239236148,7.372128374990459,2.1477540464715688,2.777340077291822,3.1869974025774224,2.3596367492985197,KE_marsa
5561,6.692308123084601,10.337701428850819,3.4193798738998336,24.161371904501838,2.8812100138692873,20.161029441250275,KE_marsa
5902,14.18968573065952,15.211751051580181,4.542576296460808,16.455493027273874,10.605592379136406,23.451335439096958,KE_marsa
5876,10.242353901959955,11.526338720726924,3.0004995175231817,3.5979494679872146,7.523844693302037,5.055463412791877,KE_marsa
6083,12.167491037011638,6.151477340394018,4.052229011040124,24.629012039634993,10.477072495048937,5.744721725709609,KE_marsa
5754,12.404772421859583,11.244890891431627,5.502796752633164,11.643634534224347,13.248016485527517,14.088968910319265,KE_marsa
6013,2.8655117361929423,7.349276278425098,0.8102779688531364,13.029087431126408,5.376226591369494,11.54612574556371,KE_marsa
5506,10.839739543056128,9.558910986539798,3.5063622554455276,17.271843663041768,5.835073741677641,10.206758628347862,KE_marsa
5456,19.553213266722164,13.136606176541576,7.483481645513092,25.11776176638677,13.398255708839665,24.672685903771864,KE_marsa
6002,5.367085880390212,8.303911793984142,2.365024017941671,6.172581506283016,10.094663886038967,10.051720379236952,KE_marsa
6033,16.733907278122697,10.278560481874818,2.555160344364425,13.811867946216378,10.853169668139175,13.473466534910022,KE_marsa
5756,5.736385110415333,7.3085485221457125,4.893961566598471,26.64836226480156,3.6258330816468733,22.956713668190968,KE_marsa
5501,10.05758981554754,15.20043760340592,3.329319426681526,14.849672429031155,12.146895393649901,21.467107853298284,KE_marsa
6084,2.588553788246679,3.2894979868654746,0.7938522582851192,8.34306783335871,9.01345338632054,4.947501950360565,KE_marsa
5532,5.502412088297906,14.324251347194856,4.157974679827145,24.827593689953773,3.063505081555811,15.686478039511275,KE_marsa
5581,6.2426499009109975,13.158594572446379,5.449377187964976,7.806061159096998,18.439481108818544,15.207517903567116,KE_marsa
5514,8.819945365658327,12.304130719340346,22.14691695929297,30.696961983849313,4.885054965252088,14.794650873872639,KE_marsa
5932,14.125438450186838,12.753841284571141,3.944295535529656,10.31974249447646,21.279234992234354,27.841054114072136,KE_marsa
5868,19.74781048363774,15.805481652336393,2.874846137711483,5.422267571556636,14.87176078062433,15.37597829741682,KE_marsa
5935,5.926641830127457,17.84372110098408,2.11669357546613,28.850770809294673,5.849690539077301,16.66579854264761,KE_marsa
5913,5.3270379644965775,8.622883253667187,5.965923929124749,12.142722976403032,21.65569619357077,22.471050821016597,KE_marsa
5546,15.40515262805052,12.446547937984798,11.050190153148097,20.2467366038818,9.178236309477196,15.643873961324415,KE_marsa
5975,2.492669823994423,6.470309328962697,4.393265905943248,21.589946658905777,4.732560575538527,10.657422970673204,KE_marsa
5410,11.405142068934309,3.2109211123662136,11.646762125749145,16.74720720138734,8.166611414719672,13.59209358098235,KE_marsa
5671,15.171504397625613,13.805848003252564,8.199366486641841,6.357880513502521,19.084302044811395,14.63917045290973,KE_marsa
5951,12.617581151412573,15.677280092115588,10.135794611570068,7.25506488905953,13.724079428162582,17.173747500448172,KE_marsa
5641,17.974389923972872,16.05831298878385,4.257269021675547,8.68452207328447,3.9785369691592543,8.397834185147463,KE_marsa
5829,8.134283875569839,9.37640942565566,4.762885516086961,23.132146437647055,13.707031009667544,21.59994577816324,KE_marsa
5462,7.148083303498789,6.275301557583875,4.090013845527485,9.148489547725966,10.487381901954125,11.080222402470493,KE_marsa
5636,19.728712839069864,19.325241447375074,15.786735819131199,16.980570021828214,10.643156142949543,10.051614363040557,KE_marsa
6107,14.347059950163352,21.47215480751961,7.314496024777484,31.573548849027514,9.583201028197129,27.25001740666684,KE_marsa
5983,4.471114058600849,5.689480811033467,1.6968768535166752,21.66251042899089,5.963209090461904,22.073754381106276,KE_marsa
5607,1.8489418290731068,4.075320812187247,1.5701681503630065,7.7964662252083485,16.302985811302182,17.78731902058118,KE_marsa
5885,6.495622604590619,9.632938544629557,7.545261366811369,11.61660538872754,4.3294832408573845,13.67474589889047,KE_marsa
5688,10.227239636235169,10.199357733722124,3.483872673513188,25.745483858567553,7.478438912843493,15.504562856139993,KE_marsa
5796,15.237377395582122,14.64297679321478,2.7723366476653597,10.503834498657032,4.790730910499302,1.2678581664860704,KE_marsa
5406,3.6705442296268243,6.382591094803996,2.9272999685288346,32.162862776432476,10.44620575102043,24.64096176327448,KE_marsa
5767,2.277314022521377,6.338417167502684,3.8049439453381004,24.795167975379332,16.10743255360102,21.822131192658492,KE_marsa
5621,8.20737342491049,8.753917160996545,2.790308762145778,9.720083903351885,15.058137513383631,16.839209071151576,KE_marsa
5450,3.7187078557368056,7.3426546838706495,2.8562697730509377,10.596851017117382,8.170830825657847,16.924712070942004,KE_marsa
6082,12.522783750394291,7.612004959904577,1.871967527233921,7.317562981896772,19.079048449171065,20.170121903458362,KE_marsa
5629,28.745571515013726,21.92804843842347,11.416939090717134,22.325746692200237,33.242788969913384,31.654156576687004,KE_marsa
5422,25.09099373550173,23.159077081377852,2.114089942133738,14.251228646261607,3.5082921967744145,10.230235483723945,KE_marsa
5572,6.10849375271886,8.08589729615964,2.466873862561617,27.194706438209447,7.904162224021337,28.302459966565,KE_marsa
6009,9.138325074061909,13.230892649231802,2.891191405542016,22.97800050481488,4.4540674496069315,19.681235434709404,KE_marsa
5696,3.8261269650651157,14.003888278036387,5.967545577943726,16.349745956625735,11.295264340295379,3.6051562170595837,KE_marsa
5631,6.777327451579386,8.707154575424232,5.955941570157682,15.570412203516495,4.859502606342618,12.912417928214472,KE_marsa
5994,6.331122594246056,25.539080932560527,9.42850703222627,24.613366039123452,9.070041118621722,17.11439149334839,KE_marsa
5937,9.936462841023133,10.165328948514754,4.725706933804526,5.146622672537261,14.259974229473118,12.685720140695055,KE_marsa
5732,7.702027580189165,7.8708936460995425,2.776217055392782,17.813760124382693,13.737713617142292,24.331631164847728,KE_marsa
5687,7.534916243924939,11.445187572259567,1.788922428702275,14.762756077555624,19.139651674562085,25.451321645024027,KE_marsa
6059,4.814953708106237,9.690594894464232,4.7098579310432065,11.03161084286974,8.035574268533367,15.08750720183783,KE_marsa
5948,20.253056167719546,19.72381144749935,10.546403914658281,15.624624273444633,21.8319035289296,31.21460663934154,KE_marsa
5933,6.957535855275908,9.390188248965664,5.283729432698164,14.121834521690293,11.94497645572694,25.233101745040727,KE_marsa
5847,12.716441610203159,11.290438879030443,6.485427232520361,22.34468031553978,7.461966568940195,20.23577409765388,KE_marsa
5497,6.128433380861997,4.218447286484368,3.8653700225054948,2.4965136934138834,6.1863903214567,5.798524336096889,KE_marsa
5617,3.1432737327920623,4.618280965620391,1.820227310518526,2.6883397986902233,12.316627002745745,16.267727422145356,KE_marsa
5662,13.131420320168719,14.048034185817393,2.544725685602866,17.156500761413312,5.691245930919811,24.68717415835071,KE_marsa
5741,29.520068827691137,22.600530001489485,5.62255284674666,11.255087576703593,15.542948148123692,14.976880214102957,KE_marsa
5695,17.354681711475358,18.926048530760696,4.680282679073207,32.848935516748725,6.228436064450286,16.858717871452217,KE_marsa
5842,9.502567627904423,12.814170962243603,3.793935974191156,16.020633644748433,6.55664988375563,21.095833744383047,KE_marsa
5510,7.586187351989184,7.224688019387013,5.522870560880608,15.951050234178165,5.760942627033534,10.295083069707498,KE_marsa
5519,3.2031671434525446,2.2054492221190483,1.4989449594462887,6.628987609848567,2.632779012158946,5.696246595983572,KE_marsa
5890,1.8550856536593303,1.2056298365578926,1.0464821954349848,2.166378264637778,2.968029137690824,3.4585228340620855,KE_marsa
6106,12.07156376070052,12.642528055850617,3.9678001504373057,15.655049343423343,9.850050892722507,27.458832098539943,KE_marsa
5816,6.4884556927915265,1.7863677081513567,5.660577330716029,20.171771133069544,7.490705790924733,23.575388984124334,KE_marsa
5440,12.973700227100863,9.137929931507653,2.875800588912932,16.696928743569856,7.746929734179289,12.742804298001213,KE_marsa
6011,5.268483532289891,4.126139295563502,3.909145016702763,12.93984091352652,8.271410041340543,16.349878819068337,KE_marsa
5766,15.946095559738183,22.919720359608085,6.228467390937903,21.93124004450256,7.981088202053208,8.915568357026135,KE_marsa
5804,5.739817402934887,7.683574248959847,2.527209682645803,6.093942138763345,6.260465312893112,8.513765316922633,KE_marsa
5608,11.183820081486232,11.75063266565109,3.9329447529624306,22.24105454493769,10.349978094879436,22.8777462523688,KE_marsa
5648,2.3838317235095965,3.9004283210889588,1.0000835841453721,4.055905491291748,7.982033326792725,12.357961399180748,KE_marsa
5625,30.39336661742322,32.70962922637768,14.759161710470401,31.524055957999344,6.719315906858458,18.36172184317816,KE_marsa
5650,8.170659113406273,11.542883602303732,4.403489819448251,6.816790146706936,20.12326546239121,19.28476792999409,KE_marsa
5769,15.048767076094494,13.501165381632068,1.1122252171022473,7.298243366880258,5.658600207309156,6.913732900200478,KE_marsa
5845,6.249791773255414,10.445606254575738,10.812203990037448,13.22155801449919,14.84256237931035,18.011979203801353,KE_marsa
5877,8.850042388469266,11.813438399652439,2.2147816641118196,19.98956764659116,9.759061114170176,22.48462430544278,KE_marsa
6021,12.03084359911273,3.3891727337925985,7.717694024326342,3.1359011374026196,18.0575916537764,12.95900960686758,KE_marsa
5755,4.842296147969572,2.1260433081599293,3.205924774643791,4.643719673447662,2.489745507018635,3.7653550450913693,KE_marsa
5653,19.096278301829052,18.626583840328248,7.2039427957535995,9.507427693731554,23.113416596145555,30.887690849576607,KE_marsa
5526,25.393001226352407,26.917759787135235,8.915237666284055,35.44891926135142,9.323970322137036,7.170683089213891,KE_marsa
6004,9.993653966016918,6.761898345950086,6.054892089339613,26.221779334610762,9.842172515743796,9.149723578875278,KE_marsa
5568,5.7501579997148236,14.610525599312863,7.2623954779373125,6.70483517145185,4.78771288763294,3.056466818547566,KE_marsa
6006,8.80036065237434,7.670494371243999,3.794739595102705,25.43693547080836,6.369440955896318,25.9673905308943,KE_marsa
5998,1.9614940429808678,3.212156058560186,1.0152050473237497,2.1328236454664844,3.060109222943188,2.5925600130169264,KE_marsa
6104,5.319494748661674,5.204582243279578,5.234380609218373,5.857997419607439,5.425741779682907,6.5773003961937455,KE_marsa
5643,2.8164934923060687,9.423557871716756,1.7110059777590463,7.918643082373582,10.786456119357743,16.723824763628258,KE_marsa
5487,2.6450124089597016,6.6425649388336385,2.987406846255641,13.660550882089868,11.428585793656401,11.435455413778401,KE_marsa
5943,2.8273807492301333,8.191326973046147,1.8715237333893253,25.026303199675073,6.481160919202735,21.669976037103087,KE_marsa
5699,9.76215167160389,16.368252258584334,3.610573023453868,16.19727617834846,11.297750065236572,16.942861643396448,KE_marsa
6000,4.858425013116169,11.640697494877601,8.032922088518774,14.609661276464168,7.557471596330097,13.166816230048054,KE_marsa
5474,6.993604267252211,17.393293488019037,3.7208673729917336,15.686551757172689,12.396673766884962,21.319252371369366,KE_marsa
5846,4.307271450995134,4.030905760846854,3.2882314919006306,6.601609752456894,2.864520975046288,4.882838240393271,KE_marsa
5974,7.134076048605391,10.650628258069023,5.180793366292412,20.599893710312845,7.399915696737781,21.586973814548713,KE_marsa
5502,4.771904904613202,9.927253596362894,3.4267423441436566,7.7434222678342755,14.25075377989658,21.820685784325278,KE_marsa
5953,8.89526293239482,14.172527581581724,1.3764479220081667,16.526900888017472,15.388455844564955,23.818708372334758,KE_marsa
6054,2.47492931370988,2.654501774278552,1.726772953390565,6.546877114014889,4.083063358242008,5.83323627189134,KE_marsa
5763,1.8023556666980622,1.9861601798861106,2.4195790689361707,7.579292397884993,11.00705136504707,8.586741306866152,KE_marsa
5434,5.9210415126020255,6.844403391733182,1.5094309889084598,15.479566817603017,7.058240263385107,15.596799941847625,KE_marsa
5744,4.735917651337582,9.321438361838176,2.1801529413721243,18.26849360142201,3.7560866299910725,13.013739747322958,KE_marsa
5905,12.56080049325973,18.337000469689034,4.289352443377211,13.87212020340959,17.16136619434916,27.425956718132923,KE_marsa
5531,19.81457949995959,23.217709526966072,5.441259552710627,27.815614781623406,5.101304524155472,10.677350558340802,KE_marsa
5995,1.0539280488716876,3.9633945430419426,2.758429686458404,1.1168869868775186,4.0852103364326195,3.0932665409125355,KE_marsa
5405,16.80711182012916,17.846245185216166,7.025422488121605,14.079244277652002,2.9107674924052236,7.491050063379053,KE_marsa
5993,6.76061901104581,5.854669419218442,1.9618797936212042,1.6921209491931757,5.0752372922204,4.72912458669553,KE_marsa
5431,3.2483655817859436,3.0090060490236668,1.7829933151923278,2.534969244178283,2.599309445545482,2.715673493877583,KE_marsa
5493,14.845425934732576,7.441286130741896,15.89470307903946,8.206337442844344,30.115747776557317,33.11515456531662,KE_marsa
5712,24.803208220015975,22.788483498336976,2.803482556488562,6.241681368498658,21.284638134525604,8.136976319443528,KE_marsa
5477,7.060022524401229,8.8907056683587,4.945307733851804,18.934960949610755,15.5140320411915,23.701446867384767,KE_marsa
5588,6.936921562353604,5.014267431852639,3.0568309400263765,12.813749466723179,8.243564655283352,17.603970964701062,KE_marsa
5575,13.329749598042572,18.035114354448094,2.919429025483748,15.011845184033007,15.922142660663205,21.07439720111877,KE_marsa
5891,10.181879263111805,8.378902333851494,1.4832427874027267,6.102551479035054,15.723356743726624,15.73058461551251,KE_marsa
5962,2.29572396269987,2.6157853263522046,1.9552781601866176,1.8653528596215878,7.254094648357725,6.35410484487106,KE_marsa
6091,3.306395958818168,5.947677695935048,1.1442714510990053,11.534767573749452,9.637264351839413,14.020321530612911,KE_marsa
5859,8.704863691319696,7.286813798597854,3.461106557107977,21.215054051244852,6.80226083671038,24.098099834162408,KE_marsa
5495,11.482325360344275,9.655468127699168,7.5401375002972975,16.883034529954916,14.813095531526054,26.916552472791256,KE_marsa
5878,7.282977343147702,11.801944204386633,5.095652384060425,17.8608313508688,18.859206830536753,23.353369674065235,KE_marsa
5774,17.936902491575868,16.499655660186498,11.515498077588845,29.21646743768659,4.884237489032466,12.920277144183277,KE_marsa
6014,9.297147832151085,8.484768730116315,6.030491099880143,13.15252881646645,13.798590883936852,14.28795786893337,KE_marsa
5529,4.3160806670510015,6.943505450528327,3.672599317379168,14.355223483267588,10.0376013254334,22.283456629039364,KE_marsa
6089,5.93254974121444,14.467098276344208,2.4504401935761138,13.911790191584906,6.975570333996652,12.238744798080921,KE_marsa
5814,9.594193366800813,12.542533361056295,1.9068823790597231,3.008181468835355,7.236021146053634,6.673651092214411,KE_marsa
5719,11.956925988253916,8.281856479968909,4.485177053335542,11.693829600595146,13.512812901185375,19.179845830308334,KE_marsa
5780,6.549964687849886,13.860621618384558,1.446294624142858,26.758452850917624,6.301711533969141,11.083709266169961,KE_marsa
5416,13.762873348770357,14.368817972559517,4.817786295287955,10.897394107077849,22.936878327710296,31.50812057723043,KE_marsa
6015,9.462901819164337,12.511949125057033,1.1671559691899576,24.685466558074985,9.91691524969665,31.697471613380326,KE_marsa
5931,12.500894694897418,14.039009601716977,3.649158485921113,21.71296719261636,4.982605988368319,22.60376796809768,KE_marsa
6110,6.512394858334777,7.599320851477127,3.7216215570423365,2.019264664079928,8.525468144563222,7.543540472941656,KE_marsa
5926,2.8257893738573294,1.525366402924908,1.6723676437178008,2.4434891095193167,6.633826615027492,7.982774203739082,KE_marsa
6012,12.316356052154598,7.164476732021237,4.888623935263506,19.825491748134205,8.2707092992123,10.000319620942154,KE_marsa
5642,2.9886819244025045,2.4845054490645246,1.4347008842783782,3.747824065083441,3.027352259446168,2.3892339141540724,KE_marsa
5518,15.01446944477108,13.090348931995443,6.252238955517168,14.850506057423807,2.2636015555805096,1.8593099482240114,KE_marsa
5967,3.5141737925039065,5.653094526020554,1.407327561627878,11.413972871289316,13.276521099350422,16.366539868427477,KE_marsa
5713,11.85696049672246,13.367592098483833,3.460590556660696,23.935379931761908,4.288432072049694,22.742702619677257,KE_marsa
5813,6.463161239886218,14.452490082303337,11.975485253737633,15.422371682535099,17.68391558142482,18.345811144263738,KE_marsa
5547,6.2145539917631485,5.601244263891304,5.313924978270129,10.702191325825243,6.628287237127612,11.464152566298077,KE_marsa
6050,3.8061431328351634,8.757151164695998,0.7156321784170477,19.979502209205805,6.10184679325144,7.307648672669034,KE_marsa
5418,2.995859696573229,3.174629017064975,2.345172583653357,3.022896616819347,2.8854395104248662,3.609990877729312,KE_marsa
6069,4.824752748880226,4.785773552696136,2.1885256862559697,7.98145529942013,11.516251109978223,16.054348077712245,KE_marsa
5458,4.366769008822258,8.295154507523208,1.6648668401338549,16.317575612770355,2.9032550706805837,5.69480654146343,KE_marsa
5834,5.691501992009336,3.2799322772291557,3.600565785019849,12.67692307393528,10.065743387510945,14.991362767980608,KE_marsa
5612,12.069848453078372,22.1606881332188,4.543984202546466,14.926900471200067,24.296145736332942,30.179432773939993,KE_marsa
5748,5.22993902368823,6.128718493139348,2.6348626097742125,3.7153442545562427,15.448143696872343,13.871973860564701,KE_marsa
5844,5.0919169167173655,4.590942401342081,1.9186498705253794,1.446700531771935,8.635661114366023,6.8628180899936835,KE_marsa
5535,10.69265104414383,22.693397803777458,5.087339144009015,23.30473302562441,11.072661333049844,22.281621799003812,KE_marsa
5784,5.076381580419754,2.7715610531359083,3.389686755055668,4.081019672833035,1.66783544733024,3.0383949881764534,KE_marsa
5578,9.24105233774283,10.220078119850095,6.893025138821231,13.106609931191173,2.2435333207856654,7.095817701846636,KE_marsa
5960,9.625892277946571,10.26029223405027,3.2909588452653065,2.572261951118958,9.961656906844471,8.023949009805648,KE_marsa
5595,9.641625458230264,10.945676728073074,2.164580190697604,6.376031047053138,21.934047625783876,23.162305844298444,KE_marsa
5674,1.528988589607962,2.803400722531523,3.5955355046930664,3.0746052514195266,4.061180486777688,3.5873570325852877,KE_marsa
5811,11.930243082626893,11.96253477341269,4.698947651347193,26.23062523317113,6.197506856660414,21.736581591616254,KE_marsa
5888,9.988693528467962,6.853504095715117,3.3586990413573714,17.293003622974453,6.072320071601187,2.67269740729784,KE_marsa
5527,8.343921517464073,4.689229280781603,4.355861098737906,6.528424154146845,11.825198804593155,19.66676704650108,KE_marsa
5542,8.767453552209325,8.787898518592762,10.164107822184405,25.532971492867638,11.336992840115457,8.008190799931805,KE_marsa
6051,8.098702822991035,10.74809642773998,3.232744858911676,13.600633117981303,6.095195702375118,14.842666938686264,KE_marsa
5455,3.7944120903257916,12.022497834529917,3.128323364689879,26.598336111731726,4.906417396927168,9.538954208992985,KE_marsa
5624,5.29937676532251,8.019677016860413,2.4990569622158163,22.627074379858787,4.054619368856273,26.637288200222844,KE_marsa
5516,3.252569334159607,2.492836020932348,5.137434668970882,0.8263520572917684,10.506877529040143,8.281828733067806,KE_marsa
5669,6.531626755837351,1.8272022892989626,3.3681064213973593,11.542744250332444,6.305442873755276,18.577888593008463,KE_marsa
5679,33.55172840926935,21.526386815044052,19.420121352083804,26.000629007824696,20.367045852462347,22.401114490333654,KE_marsa
5676,1.8787264096416358,0.9004695610957659,1.6597378001509553,2.743845332546402,1.4565934716108189,2.559598713359075,KE_marsa
5746,6.706196329662467,5.943897516839176,1.952588728425649,16.32284607853,12.624570834193483,17.518280139243124,KE_marsa
5660,9.645627931138119,11.513150763950568,3.309588243499098,13.428688312102796,13.071068983383062,12.187191086558187,KE_marsa
5586,11.4467500840149,18.262869501940752,3.035705208554744,28.45745814984684,7.363452635646261,28.39430424924672,KE_marsa
5509,12.271258362206249,12.624017974556422,3.7590156866138704,30.460762392655887,11.061000990599974,28.14769127337791,KE_marsa
5704,6.695197624602607,9.703014637308764,1.6910091388682946,21.382365429059778,14.879656752890451,5.87653054361708,KE_marsa
5850,7.030969273165784,11.398993650919925,4.673219963077479,7.182298174214348,18.91839219032231,20.08610649105206,KE_marsa
6100,4.1400440418406275,3.1505435564949544,1.6929162451762547,4.876386211548341,4.561195844564533,5.316520331752825,KE_marsa
5942,3.0696668252018102,3.4312479114160457,3.8607092380810113,11.339055332606033,9.919221101598826,17.674268691698067,KE_marsa
5644,7.702170321181531,6.515895708851199,7.1435554412343905,21.93956868944489,10.236665971802896,19.673498114647035,KE_marsa
5634,6.900562817003623,7.357044507698408,1.434795452319126,3.1818207367089784,8.670114624145757,9.904242624979656,KE_marsa
5557,5.992462690547859,9.520471147006708,1.8884336048264971,5.707043516952523,22.23605635134169,18.867489280017164,KE_marsa
5730,5.523799766143944,12.626721272105888,2.633822499289339,20.074259849773487,12.590062529648312,17.54151962195352,KE_marsa
5609,7.491527304268754,7.542198373386006,1.647400482218087,3.0277306639386863,6.736924780914827,6.877117030763592,KE_marsa
5862,6.043910294424773,7.34040559008601,2.029417007197752,2.342904870326668,5.408497915893142,5.154797564149505,KE_marsa
5930,30.410731142587466,22.78736539083672,12.761975216695218,34.20539354972867,5.697372778799634,14.789200074200757,KE_marsa
5698,7.292874156524806,7.997877655847551,9.122791642781399,13.76707098065616,3.508276492301355,6.371467334511819,KE_marsa
5554,2.8869875519124353,6.385826819499377,1.213050402188803,6.619926172085524,10.25742269424472,7.5192164064277005,KE_marsa
5560,4.101705470441762,3.584409306300387,0.7925275449405453,1.964469016107492,3.6418909943499926,3.6679676167766404,KE_marsa
5869,6.725625476758535,7.444525330725236,2.440031726707738,20.418090038960468,4.6468856771792035,13.726606572883824,KE_marsa
5567,10.463276092880713,17.86691298062647,2.7970283195636707,17.825264297351847,13.138599857616937,25.209501283608923,KE_marsa
5571,7.826412995049278,8.842949215133272,3.3318922348201574,23.54626528283208,6.241475789577722,23.359074389573525,KE_marsa
5980,1.8723365665750311,1.8773080197923027,2.314960977208457,1.9183257683066413,13.460819771765564,16.3597817788671,KE_marsa
5610,3.216141326072286,13.759239006314273,3.4084715378878125,33.757672571345275,10.597796877418054,9.344478329000868,KE_marsa
5592,1.7376338469980468,9.716439712302707,1.6910178271262561,12.757727663232941,19.347599168042862,17.975378057385765,KE_marsa
5724,6.822153140024349,7.440270374039085,2.786783119548599,4.61337184707341,9.957304953166975,10.868317106441655,KE_marsa
5728,3.502750529551251,3.9507489175599493,3.4066707489035375,7.5366122076951285,10.742326590160282,17.057126142633248,KE_marsa
5549,6.984929713473802,9.109271244507982,3.955089880482022,6.473676354144722,14.373909042866929,20.426491963507278,KE_marsa
5562,4.869009399079982,2.6691904406792637,2.0049568535624727,4.786978774556416,1.9685650875912424,2.0489046310917804,KE_marsa
5630,4.207689492239413,5.590023115773205,2.7168637682496337,4.576188875374627,5.616780139361509,6.822456785701708,KE_marsa
5620,6.350289216552779,4.504900460111871,4.08228975161756,13.113956200125724,12.515807242887357,20.33979706189123,KE_marsa
5598,10.246219035061573,11.857398787137974,4.221135296777197,34.17634468778047,5.691567387046191,28.761184442035287,KE_marsa
5606,9.990700646440034,11.601362892339685,2.928546957120359,29.23556091116189,4.040915977050538,29.917314441855563,KE_marsa
5702,2.789825143699133,4.071260959609851,3.8078342029448984,4.662080581903807,8.428046570870661,8.020559751444052,KE_marsa
6001,2.840112017006931,11.379204767494716,6.412553224872633,33.634053527362305,7.0793021820282345,20.744753518573628,KE_marsa
6035,4.244227475881758,2.9450486402260694,2.2489235684617115,6.838016445643076,3.7687931774114314,7.827491504699485,KE_marsa
5956,23.114953220637588,24.159763426623133,4.488210139400887,17.183397468637445,7.758859313226579,2.9275792745374947,KE_marsa
5945,3.676505778293944,14.287187582230901,2.5098854404443425,23.38391019195174,12.330503107113598,24.77316027697343,KE_marsa
5483,4.35331630784221,3.4316501445398613,1.9743551416193932,6.647611280735996,13.7209862197578,17.787863933437695,KE_marsa
5793,5.7745271479539415,2.3818264511763134,15.008578118849119,14.364605046172253,16.006822354050957,22.255595174714323,KE_marsa
6010,6.6868876549324066,7.477458079839256,5.160185193770238,6.2929796188612945,17.762210734990653,18.638251735740855,KE_marsa
5579,9.05253574019515,8.798730312943109,5.955887529849942,7.4220235760564846,12.862409372539364,15.975299075705074,KE_marsa
6039,6.5763816505762716,10.283454257071966,2.141354970733355,11.104676772004371,5.879183567971388,13.102308638677195,KE_marsa
5498,6.040591225702781,5.764811951060742,4.569796119394585,7.499254447883643,8.353402002137038,11.537988185005025,KE_marsa
5633,7.742096887466941,9.890864448945322,1.5363042604326524,19.31881844155724,4.9776352874087895,12.182948843609447,KE_marsa
5929,6.408773094635338,10.21831826453942,1.2732632688459462,16.31940621918904,4.235131233876388,10.335734656398344,KE_marsa
5684,10.323589213930852,13.703442763952314,3.2430575188419453,12.700000153893994,10.512683130414695,18.850335414600476,KE_marsa
5950,7.743566649265627,10.45181691037795,1.7784740882588332,18.138606115809733,3.8726225047353267,20.81536999869478,KE_marsa
5807,17.34203848468801,13.782395772450785,5.913796818419093,6.786161420600179,17.812265917489963,24.514445179936665,KE_marsa
5941,16.437775061903597,18.971448166370042,12.463872476884864,17.634522881999523,32.378815999067385,37.9789110794184,KE_marsa
5632,19.650055070098873,11.989750227861188,1.6458481163333971,3.3566733171950056,20.74183038099882,16.401217921528414,KE_marsa
5504,10.150875385382024,10.74869464754751,2.8684435991201704,2.1297257985827183,7.496314439652473,7.27622729069113,KE_marsa
5694,5.576759734168474,12.028898998010504,3.1040167013316737,23.829474760408658,3.441260319554569,10.522654262084437,KE_marsa
6034,5.430758565327956,5.185573517785524,3.491197326116647,4.670572788727859,10.627449332231622,8.179408410942468,KE_marsa
5848,5.773230626972732,11.260158619456124,4.951304442892272,14.878389910187018,13.7527290990636,24.92331530343224,KE_marsa
6073,3.1120760508349936,2.805553374007631,1.1402451367691846,4.493751115299783,2.6436491299772937,3.8256436951601414,KE_marsa
5457,5.2336292399315845,2.282048689160297,5.314744000508763,2.9390668312960124,3.1244287066203524,3.2283246523664046,KE_marsa
5795,9.24427724907477,16.964037063793207,5.848342405380461,12.190657573705913,14.55579399712493,18.546389911997768,KE_marsa
6086,9.062962287300785,14.125994465887143,4.0979598101641885,12.255429094533614,12.841587348358434,22.349427757200058,KE_marsa
6109,3.9934499706205817,3.367470576354232,1.0647763882413552,2.6309833603837487,14.509322180601371,16.481500811096602,KE_marsa
5655,3.2358626815787175,5.272082884811176,2.500100352202177,2.8323973469478005,7.614436741313475,7.790079788615537,KE_marsa
5903,3.8685227565585416,5.433705398918487,4.459938220743808,10.729266702319368,8.92673682276121,7.5187963168081,KE_marsa
5879,5.594039361092836,10.837095317249153,1.978901701182652,23.82659174183671,3.600718043095512,19.52824560124817,KE_marsa
5675,9.847296541514446,9.532516695136486,4.128986262215127,9.335179748719572,17.37329910712949,16.35781900071153,KE_marsa
5448,9.815623832503125,13.277572372138152,3.921807120087677,3.9258867500466885,11.51610773766094,11.392484801772703,KE_marsa
5517,5.593493179582771,11.937245095085107,3.2274205977767716,12.739561945919165,15.017665922087872,17.760473171347854,KE_marsa
5428,5.232037160801483,7.658914992951553,2.9680928328340648,23.360840904323865,7.751911647622521,27.045054048495707,KE_marsa
5615,4.709736811443591,7.371828947168952,5.865885913503353,11.691284934765067,6.686822409505626,6.747885278852727,KE_marsa
5573,18.278861832264568,15.640851631042313,4.700190698837644,27.87241232799861,9.033446720982038,19.757334162671977,KE_marsa
5924,4.435663280442632,1.8481241590364685,3.0016536827743954,7.594376030089015,6.275520512548891,13.625036937290172,KE_marsa
5436,4.04899376129496,6.488237150585786,1.3034237684816006,4.149424823382763,8.12841708761251,10.254752302613337,KE_marsa
5513,11.069284621370167,11.256938954191101,2.0720313054166306,16.400384470631646,5.128486380392235,26.703032044196075,KE_marsa
5540,8.480014010043352,9.518387998510097,2.073313778354014,2.423254289409311,6.982542229556499,6.738933683059333,KE_marsa
5734,8.87947486186707,5.470527305086436,10.359402513088519,11.361670785138047,17.624656075263623,18.22944640446464,KE_marsa
5626,2.8538643848696177,5.741782462076275,2.2083142905667006,6.741710958739554,9.156939125404156,10.899137774688622,KE_marsa
5432,15.392753568613026,15.843881910621056,11.8147472839894,15.544067162160792,14.069971086656489,19.732967202163948,KE_marsa
5691,3.8658129869004103,1.4215718354302813,2.0843799283064626,7.580130914683668,3.98787362542854,3.82498024488848,KE_marsa
5459,6.240170354724688,4.899161578252735,4.91663869547056,16.83248687202954,5.386145545954994,14.910705689627964,KE_marsa
6026,11.226018011817164,9.575990878951359,8.488689773074203,20.5824253898937,20.615753408970637,22.29033087107893,KE_marsa
6038,10.852153963387346,11.477340377454267,3.6028750701568772,3.2175643789519106,10.83105320523602,7.994248324261898,KE_marsa
5452,5.880135456862889,5.04238812972371,7.467148851991712,17.425897768581255,12.042300249241777,25.129564027221832,KE_marsa
6096,5.940974719952109,6.617543960131755,3.847897446126819,8.946514099144169,8.001478938645503,14.57871277704555,KE_marsa
5881,4.120162084553093,6.341056662824382,2.2308230008273777,16.844433565603996,4.446210181367485,16.17695816947214,KE_marsa
5467,18.844829045368826,17.47254861493386,19.95704343590361,28.795363918040692,3.3278813974683037,13.74093409022075,KE_marsa
5817,6.356810237763007,8.505077029053187,3.0555938957654787,18.136524860354633,14.424585659495188,18.797921400844903,KE_marsa
5788,3.4956974984404243,4.362894338163329,2.92550426262054,3.464972983842793,4.3914893284768235,5.92345436156348,KE_marsa
6030,1.5867712709213941,9.288411400015367,2.752112794838245,22.677528024462138,13.846809116564607,35.83443270211131,KE_marsa
5726,11.391668391397488,12.274275105646781,2.1669862572501177,2.7508005541948717,8.521704609861514,7.921587472690427,KE_marsa
5855,5.674575145256834,5.709717153920235,1.9349872561151784,2.2560356078692854,7.100731539926168,6.5040428245596615,KE_marsa
5638,4.2506117305565665,7.523111047920447,2.628114061911562,11.22411906452921,9.61950543412754,9.564639739574314,KE_marsa
5866,2.288309018715939,10.652007020395143,5.6978818935839435,13.481720909728685,10.38522384847376,13.733145076191455,KE_marsa
5828,11.64226599207431,13.5756160685716,3.3113445109197337,12.941486022489324,12.629892000350443,26.12763126421867,KE_marsa
6058,8.111400267746115,8.469412556874842,4.41888792948597,13.270662991559567,15.235816488162733,20.915330548165144,KE_marsa
5707,3.7997474558228803,2.7837679045082075,3.8045350474966084,9.104592740916738,5.685244317097057,3.891853898159456,KE_marsa
6027,4.504307287993582,3.5840652157536503,1.0983844536986382,5.7644843729507125,2.2111270871488813,2.029245136010731,KE_marsa
5623,6.650662655855899,10.968391226899136,1.8322917342842453,9.773539312494258,13.80313373749164,10.351374922285833,KE_marsa
6017,10.820294255393119,10.407177339408696,2.825592314469698,26.957661949990193,6.014372038769967,20.88676444268577,KE_marsa
5700,6.566943612433464,9.945802817424887,2.7804159702441837,28.736509745881808,6.339200862416912,13.286373057914096,KE_marsa
5425,22.160490665515162,24.394494552696305,6.306002475829232,13.941816095128857,28.20309337019628,22.988777554102565,KE_marsa
5824,11.8519684860274,6.9075236362052195,8.742108619610958,10.92670320104555,23.54532924432061,23.246996335073064,KE_marsa
5729,9.230948312176345,9.18747617085499,10.170027276141912,13.457202379762382,5.203973220939509,14.424773352261871,KE_marsa
5603,4.457710110797415,6.744979685887187,1.2053685012252853,17.03815648904381,5.112383717188489,12.218480361524822,KE_marsa
5854,34.82146368714293,16.463495524456366,26.362642929464045,26.541664206973813,16.396733615352144,15.926248482938746,KE_marsa
5541,8.776564124813438,11.639333221580978,2.819064052460476,26.909247387090527,6.582119007077951,25.515094533518322,KE_marsa
5940,11.778611597343597,10.174176048243694,2.568598240169043,15.718396587432599,10.631750761737532,18.567730870076414,KE_marsa
5616,8.024747996593153,8.18681948288622,3.0978245413392957,7.343709806930238,3.688120115289831,1.4154589667022153,KE_marsa
6085,6.1686326378217,16.919247010030205,3.5153695967662784,24.37621499667441,5.016634729311719,22.267474126246178,KE_marsa
6063,4.535974503047235,5.628922163362298,4.240028359731142,10.335618023019066,14.043209606292457,17.770580055389864,KE_marsa
6052,12.484787801625552,11.13149366089937,3.73245070103722,18.777089498157196,9.106224066275146,26.686450773249337,KE_marsa
5909,4.528752396983812,3.622019569610477,2.4695968291125423,4.7073582093645685,1.3306511792769766,2.3904136661840236,KE_marsa
5978,2.9002493071656645,2.0512348866795964,1.9114499674917815,5.217688922642863,1.9678495897050174,3.486487241825902,KE_marsa
5635,12.757907408261412,16.80547917186933,2.91952967119054,12.212629562967784,27.486672597188377,33.2165943267045,KE_marsa
5809,3.1845323487622474,3.400788214295507,1.6727363671556759,9.852655364172461,8.535449764559662,5.392133086239802,KE_marsa
5972,2.915851135573799,6.308452045085612,2.999227951133227,7.446376107190658,6.4464493518898776,11.128147492190957,KE_marsa
5721,7.635125574500406,11.305929204295841,2.5904234938669113,22.4591772780295,7.605668729059921,7.070765248402816,KE_marsa
5587,5.212570396650284,7.87727208391221,6.1270913829778335,13.123728299991598,8.650080183086171,23.46136955165758,KE_marsa
6007,4.290966421182167,6.021238588480498,2.1519864621239364,8.419231617984586,11.065295460373783,6.44054526497123,KE_marsa
6005,2.521255438716655,2.8817768384406013,2.612729609604974,8.700061048371714,4.2716361251238935,8.86697148084041,KE_marsa
5889,3.2202247783005236,6.961162153346009,2.2918704497464155,17.59380049903045,5.5922199085316135,11.029173190987633,KE_marsa
5682,4.441260981880232,2.8904250867633183,3.3479031924452682,7.243202381635,4.08081654118095,5.5523444366408725,KE_marsa
5424,5.850314403035177,8.277714613733979,1.7505431842148444,10.43379734589338,15.375212780778815,20.3918074310056,KE_marsa
5574,4.0705420375491785,2.4652602625203404,2.3866552172336073,3.2285893029003474,2.054177398397692,2.476137258728186,KE_marsa
5805,14.421531987837795,9.877368262746382,2.493352056317539,6.306447778503585,4.524007539645169,5.886581063385135,KE_marsa
6055,11.987530199272337,9.50385162636439,4.245214269487817,22.002507654792378,2.8393088678406198,5.959392163865981,KE_marsa
5970,4.015822075762764,11.184281044304676,8.929372067789787,21.73131795913472,10.312570878043077,19.53849009767991,KE_marsa
5580,10.820849284369263,14.32789630222381,4.883561813720566,15.903509265990216,10.155216047516847,29.72342960436277,KE_marsa
5731,6.218749358106591,5.8406666414535895,2.41359422475398,3.224348336460618,7.426112098874529,6.419474271951998,KE_marsa
5602,9.383155347075476,3.16799420929374,10.13656127154232,5.8673812003784285,21.304319146676495,26.24264647571492,KE_marsa
5874,5.009288602422593,9.077054099969223,2.8301372305818644,15.805922855099384,8.262198951841734,17.088339319841303,KE_marsa
5997,14.714098441129824,9.551696614043228,3.6702760531191054,6.470611036862797,16.369509105336842,20.483793175218896,KE_marsa
5670,1.5512314509500527,2.6500331660801493,1.5028695341978722,2.75350379076024,3.9586761706633675,5.807452645262572,KE_marsa
5896,2.8587002757953393,4.402556489724252,1.858489884634487,3.460024158937265,6.948554705353174,8.944249673336545,KE_marsa
5534,6.846124938266671,9.210165627788731,1.595531079220668,18.954423049462047,7.121546273107509,13.578180415615346,KE_marsa
5742,7.673053887034403,5.419297932043545,5.7566732612926295,16.176066704906045,3.3519102191878476,10.16031467244707,KE_marsa
6003,7.157569288841651,10.155423803657024,3.5724948138342723,19.566230860945787,7.173957173774247,15.44370530688287,KE_marsa
5893,21.33999894857913,12.117905563954638,22.47860912634131,12.152742103363918,22.232745268435327,13.19837083476927,KE_marsa
5976,5.252155899720845,5.905445138788838,2.182575120710454,2.7619687896553926,7.748866193069941,7.317219998953279,KE_marsa
5597,1.646036994336496,1.420628329740931,3.428430087041131,8.508360645326835,6.033793258003256,7.864115839701328,KE_marsa
5544,5.736809820135176,4.945169685341159,3.5943915569650606,9.63242402390988,2.9073892008583186,8.045640565245078,KE_marsa
5820,6.285811904813793,11.698672666699514,15.215684504008241,1.9478870343518886,10.880993560164239,9.010101098866118,KE_marsa
5880,7.337990475873733,8.948099323349844,1.8507462977305118,16.642985081604095,8.191466134465733,25.516553832139913,KE_marsa
5556,6.7359438084395995,8.282236667345055,2.9816935368367568,14.98983940432112,9.53927185972008,9.538200849944714,KE_marsa
6036,19.985367239264445,22.772314126482254,16.832288122729942,20.76326925376095,15.326756705088119,18.98656941313678,KE_marsa
5414,7.705377303867462,5.125832381218498,8.380172236809932,16.16744165360155,6.874895641758428,13.426287468872307,KE_marsa
5673,5.783111049399457,4.327336521541397,9.2798529809005,1.4190703716852706,13.289621928295707,4.672416686017698,KE_marsa
5500,2.9635126052004486,3.3466624806298197,2.568172362159623,6.323076970511754,2.2691122406861006,6.502483326090351,KE_marsa
5614,8.132163833909644,4.875587067020949,9.913390823664132,15.956886917655716,12.96728636056999,19.216231903777928,KE_marsa
6103,5.025571226906503,4.61757014289635,2.7250966943728963,1.5771279110439798,6.059131596635185,5.816736114402741,KE_marsa
5973,7.052539605256647,15.692358813079679,3.1775110472894696,9.178974713961376,15.137007311994989,21.07597506368446,KE_marsa
5952,2.3588022087355625,3.931119547646083,2.5516273538952827,6.4827749755583755,3.3287414742135066,6.642583394907844,KE_marsa
6070,3.6330267446836593,13.003124157114536,1.2042332972065135,7.625951356826691,15.22740763836688,16.141110273988346,KE_marsa
5936,4.043902960842767,4.720214632171843,2.2673570779246868,3.5736751056341673,10.235756853303078,6.744064139515829,KE_marsa
6062,28.395308147078797,12.780231188817785,26.465537142549113,35.58507589104808,5.881097924025498,21.559673525426536,KE_marsa
5736,2.276643848290847,9.45880871997649,2.0594149387229637,10.82245208745142,18.801857700189245,24.484757759528385,KE_marsa
5479,5.692103102730842,2.755397052415336,6.86540076536718,9.869623030674573,11.214148366110592,11.560393703406872,KE_marsa
5481,8.647362509349446,8.3330266592562,2.7319825492831953,8.878350984041534,16.377399518530424,19.51897060354742,KE_marsa
5667,4.464659085564881,6.176023096518825,3.5502609116925012,22.822262634419975,9.12107306229197,22.429524348466472,KE_marsa
5553,20.190226192442076,20.265565316825853,9.425682968679101,9.605793952787085,16.186609748675384,24.11674068523068,KE_marsa
6061,18.453569776580625,17.931202435944424,16.94446133835526,14.827781693835364,18.84612601491603,14.132946461495406,KE_marsa
5918,8.128117500630296,8.794824339450733,9.079772401398857,18.116639804945862,6.715872369501423,15.011649106871724,KE_marsa
6067,7.764204513295519,8.56048746465847,2.50274495395121,1.946395884401247,10.566620081482744,10.43591295874623,KE_marsa
5873,3.1536920952021243,7.412617865059781,4.571159282599837,18.74354698476898,6.909132891221185,16.40086312166721,KE_marsa
5968,5.075957494127861,4.988947200198401,1.2870158267407736,2.436904082277285,8.192004385309362,8.111969645963285,KE_marsa
5865,7.081212536415863,3.746325015994037,7.034895512641843,12.022430255648802,7.001766554977615,10.315302090176631,KE_marsa
5657,8.903713411107844,17.96436444384965,6.160231091483491,7.051597713462493,31.076173402047317,26.773004436085156,KE_marsa
5773,11.887957411620112,9.940010088511864,3.6833644250952307,19.898393485299582,8.990675362983493,22.296180016369483,KE_marsa
5725,11.961653391360018,7.443244070420338,3.8341603598390175,5.69469276430809,14.900601662037994,14.472388716740742,KE_marsa
5555,13.701246231793025,11.021733097411012,2.8837803341048156,37.25749394874067,5.59949422061513,25.72742731981556,KE_marsa
5706,8.514216449497646,3.5929893190578364,4.286247843946226,12.28841285824134,8.835035108952773,15.726597643750953,KE_marsa
5594,7.002566781453566,6.162867535571254,1.6525890693160759,1.7972208421383324,6.3672212206644705,6.014032510182465,KE_marsa
5990,0.8438443286428707,4.996079108220721,2.873444757971213,3.439762039352449,8.896589719481815,8.60889445487825,KE_marsa
5752,5.108180855041012,4.296783587206555,2.495202910807695,10.426623865143737,3.7659083769557054,16.808282746232138,KE_marsa
5647,10.900361015178621,16.018120321696077,8.51851772853154,3.2426015014797693,17.74846295250439,15.919960851306458,KE_marsa
5491,3.922801322719513,5.3874594651197585,5.16795299896808,18.022408128980036,2.963520653040249,16.260355315002553,KE_marsa
6045,7.108184335564573,6.069333023639906,3.0455077965362807,5.912673723610137,8.336638811695767,7.447344251146791,KE_marsa
5822,7.5589257829353205,5.570904602144357,13.863523207522512,8.742369101659389,21.286210194845772,25.559452714216377,KE_marsa
5692,4.712910064641378,3.8372325700771444,4.191437688694282,8.491613500656074,7.187193435660691,7.184080187009251,KE_marsa
5570,4.718116625522066,3.3727685819322337,11.738298152937366,17.073397651106294,12.222650013655624,22.047507863003986,KE_marsa
5999,12.572705110849697,20.36909499984191,3.7947582925070247,10.799401020283801,21.234769008957816,30.844114724661946,KE_marsa
6065,5.8082260116672195,9.005291427530896,3.4798930111607627,20.66529145274707,5.72288825476032,11.375351619340664,KE_marsa
5559,4.424598308637903,5.370691571913404,3.2052898084011447,7.70612080626852,11.458685846726775,14.597646847514827,KE_marsa
5760,6.469667096318238,5.02464416748099,0.5658936605279992,9.947255190704633,8.066702541483036,14.483413395479573,KE_marsa
5785,5.17023523749212,7.129990548495588,2.896973930688872,2.5712644849347877,10.917292615537546,9.24382085330594,KE_marsa
5683,5.278332596812675,8.147246885603556,2.5771020270396314,25.57095690244487,6.219353807069942,15.86994143194998,KE_marsa
5530,9.708066392529506,7.946387475043582,1.2687092399642754,22.785022421889813,3.3136473190428073,12.383470664579695,KE_marsa
5426,7.502599645389956,4.6406767704306855,6.181575364413807,8.128268793553087,5.634815226451186,10.413509807280981,KE_marsa
6020,3.974916189416985,7.690710554997553,3.1195786669673766,12.280458761561462,10.849810612168831,17.33119431734407,KE_marsa
5686,5.737485713887745,4.84032060910692,4.227467806659506,9.127740449507877,9.820290967918387,17.59781538992287,KE_marsa
5875,3.1910453539007366,14.591062329077912,5.423586541146417,21.48872715638661,8.356751813767398,13.779399778718904,KE_marsa
5771,5.591531617875821,4.210793670327893,2.1412701148374245,13.125794508719576,4.329432588698732,11.512047502545572,KE_marsa
5429,3.507877935815483,6.7119860742156545,2.7626900854246528,30.909109841530253,7.042343377888256,20.024035797399762,KE_marsa
5600,7.243729084908441,12.998056290780218,3.2823858034393507,6.059163768302553,20.905471605146094,23.182296473184657,KE_marsa
5468,4.4749599260155115,8.153867288938962,4.2860012580837274,32.9971374963158,7.82055723919843,18.988260769802892,KE_marsa
5419,1.9518844048412318,10.039188861544247,2.6415436891064035,17.582531658189446,9.687821380975654,24.79370395255893,KE_marsa
5870,7.604621782652967,6.134724954373226,5.423615506930979,2.5043491699393208,16.545199666205384,10.741582353603802,KE_marsa
5701,5.806980979658203,6.942881288742494,1.2007844897269904,3.0566722560573836,5.752897684664346,6.504067988724407,KE_marsa
6025,4.872206434312867,11.308874515309363,7.560781278749334,11.555111686620961,15.037733514820994,14.568330772495678,KE_marsa
5740,3.664928075021871,14.104084999722389,5.706770130524894,13.285031906190186,5.212074341529987,17.20246640392476,KE_marsa
5430,10.71768513769139,15.122210126447829,7.025697552315593,13.526720833127973,17.058550858180247,22.412652215819513,KE_marsa
5992,6.931979708098482,10.480693627364106,5.278298584665635,16.153181618906547,13.304545360522958,17.77810601380128,KE_marsa
5447,11.989841603090158,21.261483899485935,4.565946256212055,20.00687104427371,8.245279520553312,23.73623143310936,KE_marsa
5901,12.830241678347315,9.772623618254876,2.168820978104991,33.25297577921001,12.850278858045174,9.446793843421457,KE_marsa
5919,7.5106344594893715,11.00389098453047,2.931626921295523,4.323698674534891,23.844184359520767,23.18075508210444,KE_marsa
6080,18.569467198940064,13.650896668334974,6.717887543004085,9.453262028775912,12.66162462142165,14.387661769101982,KE_marsa
5965,5.364564124460888,5.302998246178351,2.2607245331904804,10.950232302589114,12.098354398692928,9.169836696637235,KE_marsa
5858,7.845137405281897,14.343559318227536,3.4142076278119733,14.03181303824467,5.063772701241284,14.471152710069696,KE_marsa
5791,3.869608185704385,2.1768137363512086,1.8927523624404448,3.058415881522076,2.1575800118848085,3.0491830306092345,KE_marsa
5475,4.1090872639464875,7.241877846468149,2.486730882220114,11.784535614564161,5.283360211006443,8.25978481028446,KE_marsa
5946,8.411840643873676,7.795813877179306,1.7600601505925264,8.48035009638872,6.8207512094466125,5.366499201300953,KE_marsa
5860,6.670578122778565,10.64209640330315,4.880566768879531,12.449691005322856,16.680657575753962,24.458669240825344,KE_marsa
6037,9.508771973746706,11.845455886106315,3.259061907514832,5.549380687301927,11.024056642340257,11.473727779272595,KE_marsa
5835,11.94040625744132,16.39444259513501,2.3753538671333834,20.858633856613416,11.003794888051996,23.701527268579003,KE_marsa
6031,13.493178158657942,19.047839872643376,1.9515629168503235,17.900088092860756,17.599245256724696,30.08267549549891,KE_marsa
6057,6.398297529862996,15.864587368282264,2.4918659212909895,16.298036083444092,9.453963477226806,21.4985200615437,KE_marsa
5668,7.501100307313689,13.978606526823924,5.068258357424792,28.033814693244913,6.1870810601467285,24.042877617545567,KE_marsa
5613,16.625881454207395,10.422743886142653,22.318494403442564,21.598525228263323,13.143910250110723,21.500072337222864,KE_marsa
5720,19.196640337688716,26.83785348893455,6.297217559959034,14.446978300104998,14.45009534861915,30.52626287422549,KE_marsa
5917,6.956962065676471,9.67635633042617,4.463952232841993,4.956447229916644,19.155308345376348,18.14420096526274,KE_marsa
5717,7.167841857111326,10.138767768520648,3.0206679056000585,6.422439390640346,15.054277815109925,16.31621481188264,KE_marsa
5938,2.7085919465157007,4.65952204753936,2.23791236096666,7.23143603121565,12.526892617868768,14.29220163958603,KE_marsa
5723,6.948426433837768,4.372016725124765,3.0567645704369806,3.755906735105711,3.01429501199928,4.926018875902114,KE_marsa
5411,8.873328403535266,15.861079742510745,2.829544533836212,25.26258789506259,7.924561297181978,27.71440820153909,KE_marsa
5797,2.5006152707218745,6.271134766885656,2.8239411895445476,10.782447363109828,6.327780470108997,15.05691368870733,KE_marsa
5545,8.499756487729785,19.840270094649135,2.211162689553809,23.431131273691555,2.867679873375539,13.880847353725999,KE_marsa
5490,20.248305696407385,13.042350013386258,3.6625033653579453,7.169469765729372,9.129625086925387,13.242148170811593,KE_marsa
5882,11.786991759498068,6.922900128927764,2.0437853945326214,20.541183818868888,5.794703879017564,25.26965242595737,KE_marsa
5907,17.433602953284893,19.112038932747957,2.9101755637138687,23.013380014995626,3.606862068593521,9.675627654389361,KE_marsa
5619,9.166226920127059,11.03261305565176,4.199123724138892,17.995931480575372,9.646741189092843,25.8704956754621,KE_marsa
5984,5.856699201541673,10.671336488982336,1.6822552828478334,20.539580454098925,5.323283619628808,15.670506156642858,KE_marsa
5966,3.8000556074082903,9.464252106629242,1.7956356765360069,14.117823321316983,7.214129862528138,9.967270043019651,KE_marsa
5802,3.907646477093418,5.765294014781307,6.62359275601131,13.946217930086654,13.262104346509819,17.996154726778762,KE_marsa
6072,7.70419811541259,14.581314249310392,0.7937841644906551,9.909933925820454,19.888456654798365,21.95126331315872,KE_marsa
5894,3.2440458316355043,3.64263085512753,1.1501325608979571,3.8155186546152424,3.3060061211461167,3.5057433872682227,KE_marsa
5656,3.3092829915590958,8.477721226110917,6.775075661686202,10.44454806421486,15.041809139278111,14.212002356288096,KE_marsa
5872,1.9296867791381673,1.5222043676269081,1.5445672158616237,2.876095419350675,2.1645308862579067,2.445420426018693,KE_marsa
5761,14.55018010399584,15.281697380810073,5.679138515398924,15.298954479186778,3.4804942042547613,22.95354874257912,KE_marsa
5658,9.868402271265046,10.71075397631341,7.0365545937706395,10.07437040386454,13.376306002659536,17.72946497447671,KE_marsa
5680,13.51873355901613,17.746925120784713,3.352057583503467,16.993266759911414,10.890064927423932,9.851948323516076,KE_marsa
5582,19.16085650138187,17.779940980247808,6.424720422798455,5.342058816964234,18.043845141859972,13.049882104978774,KE_marsa
5685,10.540576986481533,5.2598255119135775,1.6496260625045813,25.056927799109474,13.162600558687949,5.746870124038992,KE_marsa
5794,9.833544701886018,13.30711240860571,3.311888877501383,30.65343406366996,4.294577450300619,25.95657608758885,KE_marsa
5912,4.171629777746524,4.839930337680693,1.0195932863485955,11.033553504802079,11.059800769185612,14.924710776664545,KE_marsa
5987,6.743234859265,3.701750717890705,1.4287078088428178,12.046590758717496,9.341251299040533,28.36979868459995,KE_marsa
5533,12.011270219172927,16.608160356084255,1.5698710381352505,13.162511007050675,12.495059072280158,28.12477272318496,KE_marsa
5548,7.737166806768174,6.150206204678875,5.874513289920553,3.7925064952797927,17.189930381038366,11.013478262828437,KE_marsa
6049,14.229885686435658,7.59632016754323,4.008730081228854,33.24736696214076,21.12863583341201,3.18669163968487,KE_marsa
5476,19.136117743350173,14.621119592047792,11.113351034975693,10.332296254361816,19.601029824413356,28.793640425632113,KE_marsa
5639,11.380096853415676,9.938273632354159,2.8483068020039366,28.656636591952278,13.82635714394367,9.177375301949974,KE_marsa
5441,7.0416670366679,9.191821349055093,4.32924664147423,20.051919433121245,8.74064065111959,15.668610704204438,KE_marsa
