event_id,state,radd_only,area_ha,clear_post_radd_any,s1_post_radd_any,interior_ang_deg,ring_50_150m_ang_deg,tau_p90,offset_suspect
E433,AC,0,7.615,14.935,32.258,10.777,11.827,11.218,True
E511,PA,0,12.099,6.4,7.2,11.9,15.553,12.73,True
E869,PA,0,19.499,11.806,12.355,12.701,13.345,12.73,True
E1332,PA,0,15.814,62.613,30.613,9.67,27.539,12.73,True
E1349,PA,0,17.232,15.0,14.467,11.068,22.59,12.73,True
E1416,PA,0,11.438,3.161,14.065,11.525,11.09,12.73,False
E1417,PA,0,12.371,0.933,4.8,12.451,16.665,12.73,True
E1451,PA,0,14.564,4.645,5.645,11.916,20.57,12.73,True
E1524,MT,0,27.525,26.742,37.484,11.804,37.915,13.169,True
E1598,PA,0,6.787,10.267,17.833,9.857,12.161,12.73,False
E1627,PA,0,16.505,15.129,11.194,10.774,17.869,12.73,True
E1654,PA,0,6.719,21.419,15.71,10.285,9.506,12.73,False
E1696,PA,0,10.411,0.0,0.0,12.462,18.407,12.73,True
E1963,RO,0,8.782,3.452,11.419,10.734,15.587,11.222,True
E1997,MT,0,10.631,22.8,30.333,10.972,8.658,13.169,False
E2006,MT,0,20.158,11.516,22.097,12.679,9.706,13.169,False
E2030,AM,0,1.109,10.133,15.167,7.483,7.645,10.204,False
E2044,AM,0,12.18,5.7,14.933,7.783,5.977,10.204,False
E2086,RR,0,6.567,5.333,22.867,19.384,18.323,19.539,False
E2120,AM,0,28.206,7.233,16.167,9.007,8.671,10.204,False
E2679,AM,0,22.921,4.533,21.067,9.436,8.613,10.204,False
E2737,AM,0,28.855,20.871,30.258,7.945,15.564,10.204,True
E3015,RO,0,6.796,19.1,28.3,9.366,13.689,11.222,True
E3287,RO,0,8.182,21.355,29.774,10.155,17.65,11.222,True
E3665,PA,0,6.933,10.742,20.742,12.698,14.333,12.73,True
E3747,PA,0,1.346,3.484,4.484,9.246,13.337,12.73,True
E3753,PA,0,14.666,1.867,6.167,11.764,11.933,12.73,False
E3770,MT,0,44.861,14.8,14.0,12.371,8.391,13.169,False
E3806,AM,0,6.652,10.467,8.467,8.18,13.176,10.204,True
E3863,PA,0,23.729,6.0,7.667,12.394,13.794,12.73,True
E3883,PA,0,24.533,7.645,9.387,12.522,12.06,12.73,False
E4106,PA,0,22.69,8.133,8.533,12.272,10.02,12.73,False
E4133,MA,0,7.507,4.0,5.29,16.993,15.836,17.275,False
E4193,MT,0,11.686,54.4,32.667,11.814,12.196,13.169,False
E4225,PA,0,17.658,2.733,14.833,11.964,8.424,12.73,False
E4327,PA,0,10.728,14.194,23.774,11.824,11.723,12.73,False
E4329,PA,0,35.063,8.1,18.833,11.029,10.194,12.73,False
E4402,PA,0,68.023,7.645,5.645,11.193,9.152,12.73,False
E4431,PA,0,7.41,6.0,7.667,12.252,12.34,12.73,False
E4453,PA,0,10.962,2.548,7.323,12.228,11.394,12.73,False
E4515,PA,0,20.631,2.0,4.484,11.639,16.072,12.73,True
E4555,MT,0,14.012,8.7,16.167,12.515,10.99,13.169,False
E4564,MT,0,14.159,5.355,10.097,11.981,12.341,13.169,False
E4627,PA,0,15.852,4.0,7.667,11.897,9.672,12.73,False
E4638,PA,0,11.957,6.194,5.645,12.042,10.834,12.73,False
E4639,PA,0,18.338,6.194,5.645,11.887,10.403,12.73,False
E4658,PA,0,13.637,3.0,4.484,11.898,16.837,12.73,True
E4692,AC,0,6.653,24.067,51.467,8.632,17.261,11.218,True
E4746,PA,0,16.437,0.0,0.0,11.771,11.744,12.73,False
E4777,PA,0,14.634,8.194,12.29,11.59,11.39,12.73,False
E4796,PA,0,18.787,13.0,7.667,12.18,10.531,12.73,False
E4837,PA,0,13.787,3.419,6.419,11.564,11.033,12.73,False
E4917,PA,0,7.359,9.935,6.452,12.392,12.342,12.73,False
E4921,PA,0,9.969,11.935,6.452,12.227,13.712,12.73,True
E4966,AM,0,6.851,4.533,20.333,9.661,9.501,10.204,False
E5027,RO,0,33.283,4.667,44.0,7.976,9.065,11.222,False
E5040,AM,0,10.063,8.7,16.5,9.783,9.218,10.204,False
E5052,RO,0,15.163,17.71,40.613,9.911,12.075,11.222,True
E5059,RO,0,8.724,15.742,34.419,10.03,8.913,11.222,False
E5087,RO,0,14.739,5.5,22.7,11.016,5.993,11.222,False
E5090,RO,0,10.727,2.548,18.129,9.089,6.551,11.222,False
E5107,AM,0,26.193,21.6,16.5,9.041,6.869,10.204,False
E5207,MT,0,27.458,8.167,16.167,12.361,7.93,13.169,False
E5230,MT,0,88.524,25.6,34.833,9.054,5.599,13.169,False
E5235,MT,0,12.077,0.0,0.0,12.295,11.075,13.169,False
E5242,MT,0,13.399,8.677,23.065,11.779,19.219,13.169,True
E5250,AM,0,77.187,24.935,26.161,10.084,7.327,10.204,False
E5268,RR,0,7.274,8.4,16.167,17.432,15.153,19.539,False
E5287,PA,0,7.329,10.806,26.677,11.986,14.986,12.73,True
E5289,PA,0,16.068,5.667,17.833,11.23,19.978,12.73,True
E5322,PA,0,15.614,3.097,5.645,12.527,11.584,12.73,False
E5329,PA,0,234.634,8.333,7.667,11.207,13.35,12.73,True
E5360,PA,0,22.527,15.161,10.548,10.892,11.897,12.73,False
E5428,PA,0,7.128,2.2,15.4,10.963,11.255,12.73,False
E5444,PA,0,15.289,1.871,14.355,11.784,9.075,12.73,False
E5466,PA,0,44.297,22.2,31.0,11.918,12.621,12.73,False
E5535,AM,0,22.222,0.0,0.0,9.32,8.655,10.204,False
E5537,AM,0,20.336,0.71,15.484,8.201,7.711,10.204,False
E5624,MT,0,23.876,19.742,23.065,13.029,14.271,13.169,True
E5634,MT,0,14.906,21.774,30.806,12.048,9.04,13.169,False
E5636,MT,0,15.561,17.355,26.161,12.083,18.557,13.169,True
E5658,AM,0,45.445,9.6,7.2,7.514,4.936,10.204,False
E5665,AM,0,10.97,12.6,7.2,7.659,7.477,10.204,False
E5695,PA,0,6.519,1.774,15.419,12.08,12.032,12.73,False
E5703,RR,0,9.404,8.742,19.968,18.612,16.379,19.539,False
E5715,RR,0,6.376,5.613,20.097,17.224,11.575,19.539,False
E5716,RR,0,12.967,5.355,18.742,18.85,12.801,19.539,False
E5719,RR,0,11.47,12.903,23.839,16.659,15.025,19.539,False
E5723,RR,0,7.871,5.677,25.774,16.735,10.54,19.539,False
E5732,RR,0,7.976,6.4,21.8,16.41,10.353,19.539,False
E5733,RR,0,7.68,6.333,21.533,13.415,10.03,19.539,False
E5746,PA,0,7.442,10.167,8.5,9.556,7.463,12.73,False
E5788,PA,0,10.084,2.0,5.645,11.034,10.14,12.73,False
E5798,PA,0,16.735,3.323,4.484,10.887,13.747,12.73,True
E5830,PA,0,21.869,2.129,6.419,8.788,8.738,12.73,False
E5853,PA,0,13.1,8.0,5.645,12.049,18.405,12.73,True
E5861,PA,0,30.033,13.0,7.667,12.048,12.123,12.73,False
E5864,PA,0,6.737,8.645,4.484,11.889,11.464,12.73,False
E5873,PA,0,19.782,5.333,7.667,11.88,16.792,12.73,True
E5874,PA,0,24.278,6.667,7.667,10.444,9.989,12.73,False
E5879,PA,0,8.93,2.161,4.484,12.021,12.591,12.73,False
E5885,PA,0,26.047,3.667,7.667,10.727,8.718,12.73,False
E5892,PA,0,10.744,2.645,5.645,12.02,10.159,12.73,False
E5932,AM,0,9.314,6.733,18.333,7.645,10.105,10.204,False
E6004,RO,0,13.531,8.226,19.968,11.021,11.899,11.222,True
E6031,PA,0,65.955,10.452,11.71,11.095,12.694,12.73,False
E6034,PA,0,19.054,7.968,11.71,12.11,15.181,12.73,True
E6035,PA,0,35.688,57.067,37.167,12.012,11.933,12.73,False
E6053,PA,0,27.572,2.0,6.419,11.611,16.294,12.73,True
E6055,PA,0,13.51,0.0,5.645,9.777,9.914,12.73,False
E6073,PA,0,23.233,4.129,6.419,11.598,13.676,12.73,True
E6092,PA,0,13.706,8.742,9.581,12.3,8.173,12.73,False
E6097,PA,0,23.075,8.677,13.677,12.605,9.002,12.73,False
E6104,PA,0,14.233,9.133,17.733,11.132,13.389,12.73,True
E6127,PA,0,33.588,2.0,6.419,12.31,10.253,12.73,False
E6130,PA,0,7.245,2.645,5.645,11.759,11.317,12.73,False
E6158,PA,0,16.158,7.677,6.419,12.22,10.062,12.73,False
E6212,AM,0,118.984,4.6,7.2,8.874,6.297,10.204,False
E6242,PA,0,13.511,28.065,13.355,12.223,20.021,12.73,True
E6260,PA,0,9.54,6.0,5.645,12.687,9.066,12.73,False
E6265,PA,0,14.205,7.71,11.71,11.371,12.8,12.73,True
E6268,PA,0,39.508,3.548,5.645,10.285,9.889,12.73,False
E6275,PA,0,31.191,20.333,41.467,10.789,9.001,12.73,False
E6295,PA,0,11.086,0.968,5.645,12.644,12.995,12.73,True
E6317,AM,0,13.269,2.516,10.323,10.033,11.809,10.204,True
E6318,MT,0,7.482,2.677,10.097,12.339,10.988,13.169,False
E6331,PA,0,16.438,5.677,5.226,12.075,7.078,12.73,False
E6359,PA,0,49.656,3.267,14.667,11.401,9.734,12.73,False
E6366,MT,0,16.806,0.0,5.0,13.002,12.519,13.169,False
E6372,RO,0,9.651,3.3,22.7,11.061,9.309,11.222,False
E6374,RO,0,9.098,9.677,29.774,11.204,10.076,11.222,False
E6378,PA,0,14.591,3.839,5.226,11.547,9.96,12.73,False
E6384,PA,0,21.263,3.226,5.226,11.311,8.041,12.73,False
E6390,AM,0,27.781,2.677,4.452,8.426,7.151,10.204,False
E6402,PA,0,10.187,2.581,22.806,12.196,11.346,12.73,False
E6403,PA,0,12.155,71.194,25.71,12.232,11.887,12.73,False
E6406,PA,0,11.651,10.097,10.548,11.181,9.915,12.73,False
E6407,PA,0,11.05,12.516,11.71,11.619,11.822,12.73,False
E6410,PA,0,29.041,5.097,5.645,12.368,9.934,12.73,False
E6411,PA,0,35.792,7.452,11.71,11.27,12.301,12.73,False
E6412,PA,0,64.706,8.742,10.742,11.037,13.758,12.73,True
E6415,PA,0,110.436,38.667,29.333,11.338,13.895,12.73,True
E6416,PA,0,42.407,6.71,11.71,10.522,14.838,12.73,True
E6429,PA,0,9.094,16.258,28.323,12.322,11.758,12.73,False
E6432,PA,0,11.055,2.933,12.767,8.649,8.445,12.73,False
E6435,PA,0,13.92,3.323,4.484,11.317,11.844,12.73,False
E6458,PA,0,10.474,3.839,6.419,11.861,11.152,12.73,False
E6466,PA,0,6.716,3.161,4.484,10.937,10.658,12.73,False
E6475,PA,0,16.046,3.548,5.645,11.056,13.529,12.73,True
E6494,PA,0,7.041,2.419,13.548,12.336,9.757,12.73,False
E6499,PA,0,27.639,3.419,13.548,12.314,11.995,12.73,False
E6509,PA,0,19.44,5.29,5.645,11.407,10.434,12.73,False
E6511,PA,0,92.112,12.806,12.355,12.34,17.141,12.73,True
E6524,PA,0,15.994,14.6,7.2,12.267,13.382,12.73,True
E6526,PA,0,19.834,2.645,5.645,11.853,10.809,12.73,False
E6547,PA,0,51.065,3.129,6.419,11.785,9.137,12.73,False
E6548,PA,0,17.089,2.968,5.645,12.283,11.968,12.73,False
E6557,RO,0,100.427,1.516,18.129,9.102,10.676,11.222,False
E6560,AC,0,11.554,7.333,37.6,8.08,12.102,11.218,True
E6563,AM,0,48.916,16.71,27.258,9.854,20.354,10.204,True
E6575,AC,0,13.827,26.333,75.6,10.047,16.93,11.218,True
E6577,RO,0,99.9,23.467,86.667,7.977,8.743,11.222,False
E6578,RO,0,19.314,3.645,31.839,6.229,10.581,11.222,False
E6581,RO,0,20.044,23.467,46.4,7.458,14.56,11.222,True
E6584,RO,0,17.943,4.933,12.133,9.961,16.105,11.222,True
E6586,AM,0,100.361,27.0,65.29,8.138,12.171,10.204,True
E6589,RO,0,28.365,6.4,22.7,10.76,7.603,11.222,False
E6590,AM,0,113.986,2.097,16.839,6.628,8.743,10.204,False
E6593,AM,0,292.5,5.333,22.667,8.794,11.169,10.204,True
E6595,RO,0,15.653,6.839,19.677,10.307,6.023,11.222,False
E6600,AM,0,82.129,34.933,30.933,9.604,12.112,10.204,True
E6605,AM,0,15.332,6.742,19.548,9.997,17.553,10.204,True
E6606,AM,0,61.631,7.667,25.867,9.821,12.558,10.204,True
E6615,RO,0,68.649,32.0,55.484,10.261,10.874,11.222,False
E6624,RO,0,12.41,52.0,59.0,8.447,16.013,11.222,True
E6631,AM,0,17.631,16.452,27.065,9.499,10.438,10.204,True
E6635,RO,0,15.919,3.355,25.774,11.185,14.134,11.222,True
E6643,RO,0,12.906,3.258,12.258,10.113,10.916,11.222,False
E6644,RO,0,34.72,17.677,27.065,10.835,8.95,11.222,False
E6646,RO,0,33.122,7.355,21.129,10.544,11.855,11.222,True
E6647,AM,0,52.045,28.097,38.742,10.178,12.254,10.204,True
E6658,MT,0,34.38,21.419,56.516,12.736,18.939,13.169,True
E6659,MT,0,6.602,9.226,12.258,13.131,11.888,13.169,False
E6661,AM,0,117.369,6.4,16.167,7.615,7.551,10.204,False
E6662,MT,0,46.031,9.129,21.129,11.849,10.627,13.169,False
E6663,AM,0,21.207,4.258,12.258,8.545,7.067,10.204,False
E6669,AM,0,25.936,55.097,56.742,9.158,6.002,10.204,False
E6671,AM,0,40.865,10.0,25.0,7.869,12.753,10.204,True
E6680,AM,0,136.576,0.0,8.333,6.825,7.609,10.204,False
E6700,AC,0,16.057,137.548,25.839,9.786,10.886,11.218,False
E6707,AC,0,6.249,9.419,20.129,9.954,11.763,11.218,True
E6727,RR,0,16.273,16.0,48.0,12.586,14.169,19.539,False
E6730,RR,0,24.463,5.742,20.097,16.513,14.508,19.539,False
E6737,RR,0,10.062,3.677,25.774,18.855,18.825,19.539,False
E6750,PA,0,14.946,22.161,12.581,12.579,12.681,12.73,False
E6753,PA,0,55.081,8.645,4.484,11.397,12.94,12.73,True
E6755,PA,0,155.796,6.323,4.484,10.351,12.622,12.73,False
E6762,PA,0,8.341,2.323,5.645,12.354,13.257,12.73,True
E6765,PA,0,9.063,4.548,6.161,11.317,15.615,12.73,True
E6782,PA,0,43.585,9.6,8.8,10.91,13.151,12.73,True
E6788,PA,0,189.057,3.71,6.419,12.7,10.441,12.73,False
E6790,PA,0,10.371,9.677,6.419,11.318,10.955,12.73,False
E6808,PA,0,13.597,1.323,5.645,10.708,10.311,12.73,False
E6811,PA,0,11.003,3.161,4.484,10.576,9.373,12.73,False
E6819,PA,0,39.869,5.097,5.645,10.573,16.53,12.73,True
E6824,PA,0,25.489,21.0,28.419,12.251,12.573,12.73,False
E6830,PA,0,26.089,4.323,4.484,10.859,10.1,12.73,False
E6831,PA,0,8.334,3.323,4.484,11.687,10.694,12.73,False
E6840,PA,0,12.967,2.533,3.533,10.158,10.694,12.73,False
E6841,PA,0,8.458,2.333,7.667,10.906,11.01,12.73,False
E6860,PA,0,22.908,1.323,5.645,12.134,11.194,12.73,False
E6871,AM,0,12.399,4.167,17.467,10.115,9.327,10.204,False
E6882,PA,0,6.644,7.533,7.667,11.621,12.322,12.73,False
E6912,PA,0,21.603,7.4,7.2,11.567,11.015,12.73,False
E6927,PA,0,6.854,1.323,5.645,9.974,9.6,12.73,False
E6931,PA,0,10.096,0.71,6.419,12.051,12.007,12.73,False
E6933,PA,0,19.66,2.419,6.419,11.082,16.602,12.73,True
E6936,PA,0,7.616,1.867,4.8,11.895,10.819,12.73,False
E6938,PA,0,7.689,5.032,10.355,11.818,11.979,12.73,False
E6983,PA,0,26.639,3.548,5.645,11.161,10.298,12.73,False
E6988,PA,0,28.39,6.194,5.645,8.685,9.332,12.73,False
E6990,PA,0,21.032,1.968,5.645,10.639,19.693,12.73,True
E6991,PA,0,6.388,3.129,6.419,11.387,10.374,12.73,False
E6992,PA,0,17.73,3.419,6.419,10.668,11.852,12.73,False
E6998,PA,0,24.543,4.774,10.355,12.634,8.146,12.73,False
E7002,PA,0,7.62,4.0,7.667,10.941,11.107,12.73,False
E7003,PA,0,8.401,7.935,5.645,10.271,9.522,12.73,False
E7006,PA,0,19.61,4.645,5.645,8.538,8.215,12.73,False
E7009,PA,0,12.386,1.0,5.645,10.119,8.64,12.73,False
E7013,PA,0,11.095,5.774,9.387,12.478,14.57,12.73,True
E7015,PA,0,8.258,2.097,5.645,11.146,11.061,12.73,False
E7016,PA,0,22.903,21.0,26.571,11.947,11.309,12.73,False
E7017,PA,0,57.122,7.645,4.484,9.856,11.639,12.73,False
E7018,PA,0,21.68,4.6,3.533,8.594,9.334,12.73,False
E7019,PA,0,11.604,5.161,4.484,12.5,8.867,12.73,False
E7020,PA,0,98.325,4.645,4.484,11.733,16.715,12.73,True
E7026,PA,0,20.516,3.548,5.645,9.726,8.973,12.73,False
E7029,PA,0,9.029,4.4,7.2,12.227,11.037,12.73,False
E7033,PA,0,26.159,2.867,12.533,9.317,9.703,12.73,False
E7040,RR,0,12.5,24.645,56.226,14.482,19.799,19.539,True
E7044,PA,0,55.983,4.7,6.267,11.099,12.873,12.73,True
E7055,PA,0,28.263,12.806,12.355,12.608,12.887,12.73,True
E7056,PA,0,18.868,22.258,11.194,11.581,13.106,12.73,True
E7057,PA,0,39.018,1.567,9.967,9.123,9.207,12.73,False
E7062,PA,0,16.433,0.533,3.6,8.758,10.139,12.73,False
E7063,PA,0,16.839,0.533,3.6,12.293,14.535,12.73,True
E7065,PA,0,18.392,0.323,10.613,10.228,10.84,12.73,False
E7068,PA,0,2.68,0.0,0.0,11.542,11.375,12.73,False
E7069,PA,0,41.953,23.0,57.032,10.366,17.872,12.73,True
E7077,PA,0,18.767,3.567,6.267,10.46,19.163,12.73,True
E7079,PA,0,24.985,5.4,7.2,11.538,12.285,12.73,False
E7082,PA,0,70.64,7.667,7.667,11.281,18.493,12.73,True
E7086,PA,0,17.116,3.3,7.2,11.632,10.508,12.73,False
E7087,PA,0,28.01,12.258,11.194,10.966,20.277,12.73,True
E7089,PA,0,13.786,0.968,5.645,9.815,12.342,12.73,False
E7091,PA,0,48.169,1.0,4.8,10.655,12.262,12.73,False
E7094,PA,0,23.138,3.5,7.2,9.653,16.853,12.73,True
E7097,PA,0,34.606,4.968,5.645,9.87,11.313,12.73,False
E7099,PA,0,25.498,2.29,5.645,10.723,11.78,12.73,False
E7101,PA,0,24.233,3.645,5.645,12.672,10.982,12.73,False
E7104,PA,0,61.946,24.548,23.323,11.359,12.234,12.73,False
E7105,PA,0,23.155,2.967,12.767,12.635,11.826,12.73,False
E7112,PA,0,12.885,1.29,5.645,8.723,13.009,12.73,True
E7138,PA,0,27.585,3.968,5.645,12.597,10.414,12.73,False
E7139,PA,0,117.485,4.4,7.2,12.616,10.281,12.73,False
E7140,PA,0,58.723,0.323,5.645,10.322,10.983,12.73,False
E7142,PA,0,9.107,2.8,4.8,11.181,10.414,12.73,False
E7143,PA,0,7.188,2.968,5.645,11.453,10.199,12.73,False
E7144,PA,0,34.572,0.533,3.6,11.176,11.639,12.73,False
E7145,PA,0,18.218,4.968,5.645,11.704,12.714,12.73,False
E7157,PA,0,9.606,19.097,22.548,11.019,15.36,12.73,True
E7164,AM,0,15.456,1.0,2.867,7.434,7.275,10.204,False
E7168,PA,0,66.276,3.733,4.8,11.505,13.438,12.73,True
E7170,MT,0,8.429,40.387,26.71,11.305,13.082,13.169,False
E7179,PA,0,69.367,2.29,5.645,11.004,9.967,12.73,False
E7203,RO,0,44.295,18.161,24.161,11.12,10.293,11.222,False
E7212,RO,0,8.327,1.258,10.323,10.517,11.567,11.222,True
E7214,RO,0,9.394,0.733,12.133,6.913,10.152,11.222,False
E7221,PA,0,7.223,1.0,3.6,12.191,16.562,12.73,True
E7229,PA,0,17.136,1.767,3.533,10.635,11.686,12.73,False
E7233,PA,0,19.687,7.097,5.645,12.681,11.85,12.73,False
E7239,PA,0,7.868,5.29,5.645,10.405,9.344,12.73,False
E7241,PA,0,18.615,26.194,11.194,10.359,13.107,12.73,True
E7243,PA,0,8.791,9.677,6.419,10.919,14.475,12.73,True
E7253,PA,0,32.656,2.968,5.645,12.659,10.861,12.73,False
E7273,PA,0,6.349,7.067,17.733,12.445,8.571,12.73,False
E7280,PA,0,8.372,6.839,6.419,12.356,13.873,12.73,True
E7296,PA,0,17.576,2.419,6.419,9.493,10.574,12.73,False
E7297,PA,0,13.876,0.533,3.6,8.777,9.059,12.73,False
E7298,PA,0,9.329,6.129,13.548,12.611,12.131,12.73,False
E7302,PA,0,21.415,0.933,9.667,9.856,14.088,12.73,True
E7322,PA,0,27.893,10.933,8.533,10.481,11.222,12.73,False
E7335,PA,0,10.315,11.0,9.333,12.269,21.365,12.73,True
E7349,PA,0,14.675,13.903,25.129,11.784,17.005,12.73,True
E7353,AM,0,25.611,23.29,16.645,6.333,6.066,10.204,False
E7357,PA,0,51.443,25.71,27.419,10.396,13.465,12.73,True
E7364,MT,0,13.747,2.133,2.4,11.081,9.823,13.169,False
E7365,PA,0,17.504,14.613,27.516,8.492,8.283,12.73,False
E7367,PA,0,10.497,0.8,5.6,7.765,9.432,12.73,False
E7374,PA,0,43.428,8.1,14.833,10.651,13.536,12.73,True
E7375,AM,0,31.408,10.0,21.0,9.714,19.612,10.204,True
E7380,PA,0,12.249,5.667,8.5,12.568,12.659,12.73,False
E7382,PA,0,36.56,2.2,7.6,11.564,12.076,12.73,False
E7383,AM,0,34.764,20.067,14.6,8.935,18.155,10.204,True
E7391,PA,0,10.744,4.323,4.484,10.86,13.311,12.73,True
E7405,PA,0,10.953,4.161,4.484,12.082,9.555,12.73,False
E7406,PA,0,28.241,11.333,15.667,9.801,10.836,12.73,False
E7408,PA,0,22.921,98.742,35.226,11.412,13.558,12.73,True
E7409,PA,0,13.665,0.0,1.548,10.872,16.077,12.73,True
E7412,PA,0,12.058,0.0,0.0,10.178,10.382,12.73,False
E7415,PA,0,46.082,1.967,12.767,9.159,8.799,12.73,False
E7417,PA,0,28.22,1.567,9.967,10.228,14.727,12.73,True
E7419,PA,0,18.986,1.133,6.933,9.566,9.782,12.73,False
E7421,PA,0,24.986,9.3,7.2,11.014,9.833,12.73,False
E7423,PA,0,32.152,3.933,12.767,10.249,15.169,12.73,True
E7424,PA,0,26.993,1.933,12.533,9.357,13.311,12.73,True
E7426,PA,0,7.692,25.774,25.71,12.514,13.619,12.73,True
E7448,AC,0,8.135,28.452,88.742,8.483,8.169,11.218,False
E7451,AM,0,40.436,0.333,8.0,8.766,12.578,10.204,True
E7475,AM,0,29.281,3.533,21.067,8.062,8.813,10.204,False
E7481,MT,0,11.372,0.774,3.097,12.916,12.068,13.169,False
E7482,PA,0,10.46,9.29,5.645,12.016,13.999,12.73,True
E7486,MT,0,22.318,2.6,10.267,11.074,11.871,13.169,False
E7492,MT,0,253.859,1.613,2.419,11.794,10.328,13.169,False
E7498,MT,0,219.909,2.2,3.4,11.644,9.731,13.169,False
E7513,PA,0,7.709,5.067,3.533,10.554,12.699,12.73,False
E7514,PA,0,21.463,6.0,4.484,11.784,14.375,12.73,True
E7518,PA,0,20.044,4.323,4.484,9.851,12.244,12.73,False
E7522,PA,0,33.686,9.323,4.484,11.787,12.997,12.73,True
E7536,MT,0,27.39,1.484,1.484,10.481,10.619,13.169,False
E7570,PA,0,20.482,1.533,3.6,8.698,10.42,12.73,False
E7573,PA,0,36.7,1.742,14.355,9.534,10.63,12.73,False
E7578,PA,0,8.624,0.3,6.5,8.749,17.486,12.73,True
E7589,PA,0,6.906,1.0,8.5,12.13,14.264,12.73,True
E7591,PA,0,26.279,3.323,11.613,11.933,16.438,12.73,True
E7600,PA,0,13.947,0.871,7.613,12.24,16.287,12.73,True
E7604,PA,0,7.397,5.935,6.452,11.571,13.689,12.73,True
E7606,PA,0,7.43,0.0,0.0,11.687,9.507,12.73,False
E7608,PA,0,6.563,1.742,14.355,8.622,8.006,12.73,False
E7615,PA,0,14.563,90.857,26.571,10.04,17.352,12.73,True
E7616,PA,0,25.089,9.387,19.323,12.297,15.303,12.73,True
E7622,PA,0,9.621,2.742,7.613,11.759,20.448,12.73,True
E7624,PA,0,7.378,0.903,2.71,12.602,14.756,12.73,True
E7625,PA,0,6.537,0.0,4.4,10.899,11.228,12.73,False
E7630,PA,0,22.155,20.2,17.4,12.487,12.632,12.73,False
E7632,PA,0,26.173,1.4,4.4,11.846,12.032,12.73,False
E7638,PA,0,17.587,1.4,4.4,11.727,13.21,12.73,True
E7664,RO,0,46.511,4.968,11.419,7.289,12.462,11.222,True
E7672,MT,0,8.774,5.355,11.097,10.426,13.198,13.169,True
E7673,RO,0,34.439,3.871,10.452,10.814,9.213,11.222,False
E7681,MT,0,10.383,0.8,8.2,12.755,20.417,13.169,True
E7682,MT,0,21.4,3.387,19.935,11.723,9.757,13.169,False
E7690,PA,0,117.433,36.933,31.333,11.607,13.361,12.73,True
E7692,PA,0,6.167,10.667,14.667,8.945,12.47,12.73,False
E7694,PA,0,48.515,1.0,4.667,11.165,10.79,12.73,False
E7697,PA,0,11.343,2.0,8.0,8.139,6.446,12.73,False
E7698,PA,0,6.782,3.1,18.833,10.307,14.211,12.73,True
E7710,PA,0,8.983,6.0,4.2,8.348,7.69,12.73,False
E7712,MT,0,66.712,2.774,6.161,11.599,9.28,13.169,False
E7715,PA,0,19.902,2.0,10.0,9.895,16.114,12.73,True
E7718,MT,0,78.67,2.0,4.2,9.381,9.346,13.169,False
E7726,MT,0,40.38,2.0,3.4,10.987,10.771,13.169,False
E7737,MT,0,28.789,64.286,48.357,7.956,10.885,13.169,False
E7738,MT,0,20.789,0.0,5.0,12.929,15.068,13.169,True
E7739,MT,0,29.126,0.0,0.0,12.0,14.638,13.169,True
E7740,PA,0,24.58,12.258,6.419,10.388,12.402,12.73,False
E7742,PA,0,16.614,23.839,27.258,11.88,12.589,12.73,False
E7744,PA,0,9.532,0.0,0.0,11.749,14.887,12.73,True
E7749,PA,0,14.734,2.968,5.645,11.952,10.776,12.73,False
E7753,MT,0,61.343,0.0,0.0,11.433,10.132,13.169,False
E7760,MT,0,34.784,1.613,2.419,11.358,10.6,13.169,False
E7763,MT,0,14.21,0.0,0.0,9.184,9.566,13.169,False
E7764,MA,0,15.52,0.0,0.0,12.461,14.171,17.275,False
E7765,MT,0,8.071,0.0,0.0,9.096,9.215,13.169,False
E7778,MA,0,7.472,3.806,6.419,16.382,16.074,17.275,False
E7782,MT,0,13.064,0.0,0.0,11.31,15.842,13.169,True
E7802,AM,0,11.012,5.2,9.1,10.024,14.266,10.204,True
E7804,PA,0,16.084,11.935,9.387,9.42,9.553,12.73,False
E7809,AC,0,6.522,65.71,84.226,10.046,18.537,11.218,True
E7813,PA,0,15.344,7.645,4.484,11.601,16.302,12.73,True
E7824,AM,0,8.085,2.9,13.3,7.895,7.153,10.204,False
E7826,AM,0,42.191,6.806,11.258,8.324,13.694,10.204,True
E7827,RR,0,20.839,4.2,6.7,13.769,19.303,19.539,False
E7831,RR,0,11.534,7.267,22.867,18.774,19.975,19.539,True
E7832,RR,0,20.199,3.9,12.3,12.61,12.209,19.539,False
E7833,RR,0,10.886,12.333,16.167,17.665,14.037,19.539,False
E7834,PA,0,17.074,26.129,23.194,11.295,16.341,12.73,True
E7836,PA,0,102.831,2.968,5.645,9.578,9.316,12.73,False
E7839,PA,0,11.348,53.355,17.258,12.015,12.35,12.73,False
E7857,PA,0,30.107,12.065,22.387,10.121,11.363,12.73,False
E7876,PA,0,62.663,27.613,54.452,8.584,10.32,12.73,False
E7877,PA,0,12.267,2.367,8.567,8.045,8.149,12.73,False
E7879,AC,0,6.332,13.452,35.871,8.121,15.335,11.218,True
E7881,AC,0,9.743,2.0,10.8,6.939,5.858,11.218,False
E7882,RO,0,30.04,0.0,8.1,9.49,20.366,11.222,True
E7884,PA,0,32.38,10.742,5.645,11.086,11.126,12.73,False
E7887,RO,0,24.44,0.5,9.5,10.534,12.338,11.222,True
E7888,MT,0,11.272,31.71,84.226,12.42,21.808,13.169,True
E7895,PA,0,18.507,1.533,3.533,11.532,13.167,12.73,True
E7896,PA,0,26.765,2.323,4.484,12.368,13.589,12.73,True
E7897,PA,0,11.456,1.067,3.6,11.137,13.583,12.73,True
E7898,PA,0,84.401,2.067,3.6,10.189,10.049,12.73,False
E7901,PA,0,10.608,0.4,2.4,8.722,8.98,12.73,False
E7903,PA,0,10.858,3.419,6.419,12.669,21.238,12.73,True
E7905,PA,0,28.38,10.71,10.355,11.13,18.066,12.73,True
E7910,PA,0,54.174,16.194,13.516,9.782,10.219,12.73,False
E7912,AM,0,70.137,8.677,21.129,6.645,15.391,10.204,True
E7913,AM,0,16.745,23.097,38.742,7.409,15.97,10.204,True
E7915,AC,0,8.071,27.29,23.29,10.967,18.821,11.218,True
E7923,AM,0,21.538,18.129,11.71,8.161,13.96,10.204,True
E7924,PA,0,9.081,26.806,35.258,10.161,22.996,12.73,True
E7927,PA,0,19.296,0.387,1.548,9.11,10.694,12.73,False
E7931,PA,0,14.364,28.0,40.333,8.148,7.003,12.73,False
E7940,PA,0,38.505,15.355,13.516,9.68,11.212,12.73,False
E7946,MA,0,12.912,0.0,0.0,13.223,14.213,17.275,False
E7984,AM,0,7.255,0.0,0.0,8.754,14.185,10.204,True
E7987,AM,0,17.323,7.323,10.161,9.622,13.131,10.204,True
E8005,AM,0,26.136,45.258,34.161,9.268,12.245,10.204,True
E8011,PA,0,17.897,2.6,4.2,10.664,12.534,12.73,False
E8019,PA,0,17.186,0.0,1.355,12.009,12.615,12.73,False
E8026,MA,0,27.697,7.0,6.3,13.359,13.07,17.275,False
E8028,MA,0,6.675,0.0,0.0,14.69,18.843,17.275,True
E8042,PA,0,9.801,3.419,6.419,12.605,13.09,12.73,True
E8049,PA,0,15.079,2.0,2.4,9.534,9.799,12.73,False
E8050,PA,0,7.595,1.419,0.71,10.021,9.939,12.73,False
E8051,PA,0,44.948,0.0,0.0,10.469,11.12,12.73,False
E8056,PA,0,6.975,2.0,3.6,9.551,9.66,12.73,False
E8057,PA,0,11.125,7.935,5.645,10.219,9.262,12.73,False
E8058,PA,0,15.472,2.0,2.4,8.933,9.121,12.73,False
E8062,PA,0,13.991,1.645,5.645,10.227,19.11,12.73,True
E8078,MT,0,180.658,0.742,2.968,9.896,11.001,13.169,False
E8079,MT,0,58.416,0.0,0.0,11.041,10.323,13.169,False
E8084,MT,0,17.202,0.0,0.0,11.138,11.207,13.169,False
E8091,MT,0,29.529,0.0,2.968,8.87,9.165,13.169,False
E8096,MT,0,54.734,12.742,20.387,9.517,9.728,13.169,False
E8097,PA,0,17.797,1.733,2.733,8.803,11.619,12.73,False
E8100,MT,0,22.455,0.0,0.0,10.001,10.065,13.169,False
E8103,PA,0,51.94,10.194,5.645,11.513,10.745,12.73,False
E8112,PA,0,8.051,0.767,3.533,11.48,11.057,12.73,False
E8115,PA,0,19.861,7.097,5.645,8.927,11.852,12.73,False
E8120,AM,0,23.527,8.333,9.6,6.744,8.011,10.204,False
E8121,AM,0,13.274,19.167,20.5,8.04,8.711,10.204,False
E8123,RR,0,75.826,9.6,28.2,10.77,14.331,19.539,False
E8124,RR,0,7.01,6.4,30.0,16.205,20.564,19.539,True
E8126,AM,0,24.415,3.0,3.5,6.68,11.116,10.204,True
E8127,RR,0,7.744,2.9,8.1,13.76,12.194,19.539,False
E8128,RR,0,7.262,5.29,10.452,13.796,14.322,19.539,False
E8131,AM,0,9.442,0.71,1.419,7.111,11.592,10.204,True
E8132,RR,0,14.863,4.5,6.5,12.21,11.495,19.539,False
E8133,RR,0,18.396,2.2,6.7,12.825,13.129,19.539,False
E8136,AM,0,29.257,4.258,10.29,7.553,6.427,10.204,False
E8138,AM,0,14.063,5.533,30.333,8.709,7.74,10.204,False
E8139,PA,0,86.747,58.0,40.167,12.667,12.853,12.73,True
E8140,RR,0,9.76,2.226,4.452,11.53,11.162,19.539,False
E8142,RR,0,7.613,7.0,23.333,18.996,19.264,19.539,False
E8143,RR,0,28.481,2.2,6.7,13.274,13.082,19.539,False
E8144,RR,0,16.05,1.3,9.0,12.223,13.171,19.539,False
E8145,RR,0,14.031,5.8,11.0,13.404,14.404,19.539,False
E8149,RR,0,8.825,23.613,87.258,13.194,23.212,19.539,True
E8152,PA,0,136.712,17.129,20.581,10.047,13.857,12.73,True
E8154,PA,0,7.543,47.333,14.467,10.454,12.507,12.73,False
E8155,PA,0,9.696,0.71,0.71,10.033,13.897,12.73,True
E8159,PA,0,22.666,46.733,29.333,12.665,19.418,12.73,True
E8162,PA,0,57.096,20.161,20.581,12.447,14.648,12.73,True
E8163,PA,0,102.389,28.774,23.387,9.826,13.367,12.73,True
E8165,PA,0,20.858,4.645,14.129,10.286,16.293,12.73,True
E8166,PA,0,48.465,0.0,0.0,8.57,10.087,12.73,False
E8168,PA,0,66.64,38.133,27.333,8.041,10.391,12.73,False
E8496,RO,0,11.325,17.548,39.065,9.112,21.218,11.222,True
E8505,RO,0,6.449,30.226,85.903,10.594,16.41,11.222,True
E8519,MT,0,8.369,58.0,48.581,10.31,13.269,13.169,True
E8530,RR,0,11.134,16.387,54.935,18.969,20.179,19.539,True
E8599,PA,0,12.587,34.935,29.452,10.897,18.87,12.73,True
E10918,MA,0,16.847,51.968,26.742,14.9,18.951,17.275,True
E11049,MT,0,20.52,56.226,34.613,11.013,12.063,13.169,False
E11639,PA,0,22.963,27.0,37.167,8.465,20.207,12.73,True
E11953,RO,0,8.806,24.4,64.6,9.765,18.939,11.222,True
E12340,PA,0,7.613,23.258,54.29,11.432,12.154,12.73,False
E12417,PA,0,12.492,17.133,14.2,11.401,16.854,12.73,True
E12458,AM,0,49.979,28.733,76.467,8.979,13.889,10.204,True
E12459,AM,0,39.239,23.433,59.467,9.986,12.488,10.204,True
E12684,PA,0,15.752,20.194,33.484,12.514,21.255,12.73,True
E13640,AM,0,12.339,8.677,19.129,6.928,10.355,10.204,True
E13691,PA,0,8.39,0.0,0.0,8.269,13.261,12.73,True
E14196,MT,0,15.209,21.667,29.667,11.523,12.031,13.169,False
E14330,PA,0,20.042,72.5,30.5,9.236,12.737,12.73,True
E14926,AM,0,10.33,0.0,5.9,8.313,9.428,10.204,False
E16509,MT,0,12.218,0.0,0.0,12.048,6.828,13.169,False
E17471,RO,0,8.182,42.742,69.387,11.087,10.333,11.222,False
E17983,AM,0,9.077,21.806,59.645,7.968,11.411,10.204,True
E18029,MT,0,16.127,34.419,56.548,11.144,14.896,13.169,True
E18072,MT,0,13.707,0.0,0.0,6.667,6.517,13.169,False
E18531,AM,0,86.021,47.733,45.667,9.503,21.745,10.204,True
E19102,MT,0,6.733,40.129,25.742,12.509,10.177,13.169,False
E19690,PA,0,8.684,0.0,0.0,11.496,21.68,12.73,True
E21039,PA,0,8.239,32.194,11.71,11.019,16.135,12.73,True
E21674,PA,0,7.376,35.067,15.267,11.828,29.496,12.73,True
E22463,RO,0,7.656,17.516,66.452,9.828,10.998,11.222,False
E23265,PA,0,6.576,40.226,24.613,11.958,16.561,12.73,True
E23342,PA,0,10.366,20.258,25.968,11.237,15.04,12.73,True
E24937,AM,0,10.959,13.871,27.645,8.412,16.107,10.204,True
E25244,AM,0,7.371,19.0,39.667,6.975,10.685,10.204,True
E25427,AM,0,6.382,5.7,19.5,9.623,7.842,10.204,False
E25436,MT,0,6.554,80.161,30.806,11.557,11.373,13.169,False
E25487,MT,0,11.724,23.667,31.667,10.873,11.004,13.169,False
E25581,AM,0,9.073,11.742,14.742,10.076,21.981,10.204,True
E26531,MT,0,30.365,19.419,29.645,12.031,10.288,13.169,False
E26918,MT,0,9.685,0.0,0.0,10.911,10.847,13.169,False
E27146,MT,0,8.938,32.258,23.806,13.141,15.226,13.169,True
E27326,MA,0,24.609,6.4,7.4,16.854,14.226,17.275,False
E27333,MA,0,7.76,3.0,6.419,16.238,13.159,17.275,False
E27511,RO,0,15.768,16.548,39.065,7.661,19.588,11.222,True
E29022,PA,0,6.458,19.355,25.129,12.31,14.598,12.73,True
E30053,MA,0,9.017,12.742,13.645,16.388,14.409,17.275,False
E30058,MA,0,7.118,2.839,5.258,17.105,15.643,17.275,False
E31742,MT,0,20.325,0.0,0.0,11.412,15.856,13.169,True
E31871,PA,0,17.207,15.8,15.8,12.479,10.776,12.73,False
E31936,PA,0,7.302,10.065,10.355,12.558,20.188,12.73,True
E33022,AM,0,7.097,11.065,24.774,8.944,13.983,10.204,True
E33498,PA,0,22.929,0.0,0.0,11.273,11.364,12.73,False
E33532,RO,0,10.308,22.3,47.6,10.856,25.075,11.222,True
E33540,PA,0,7.86,15.194,11.194,11.285,13.774,12.73,True
E33554,RO,0,20.883,34.968,118.645,9.493,19.437,11.222,True
E33559,RO,0,31.261,3.6,24.1,8.053,21.836,11.222,True
E33604,RR,0,8.924,19.0,56.871,18.862,20.389,19.539,True
E33917,PA,0,20.003,13.355,23.194,11.262,13.849,12.73,True
E33955,PA,0,9.768,8.6,16.067,11.747,26.051,12.73,True
E34080,PA,0,10.456,8.7,18.6,9.915,15.188,12.73,True
E34099,PA,0,16.135,4.8,18.6,11.339,17.328,12.73,True
E34186,PA,0,8.408,7.452,9.581,12.451,15.083,12.73,True
E34360,PA,0,14.036,14.742,10.355,11.364,18.581,12.73,True
E34404,RR,0,14.081,21.857,75.0,17.63,17.384,19.539,False
E34438,PA,0,13.111,13.71,10.355,12.675,18.073,12.73,True
E35065,AC,0,7.934,9.548,28.484,10.578,12.082,11.218,True
E35101,AC,0,8.1,15.333,29.667,9.791,18.245,11.218,True
E35127,AC,0,9.594,7.0,25.0,10.72,8.182,11.218,False
E35432,AC,0,2.189,53.419,22.226,10.224,13.369,11.218,True
E35563,MA,0,10.236,15.333,15.667,16.795,15.964,17.275,False
E36161,MA,0,44.475,9.0,22.0,16.056,23.339,17.275,True
E36207,MT,0,10.307,12.516,22.097,9.824,6.93,13.169,False
E36291,AC,0,6.858,17.742,37.839,9.989,11.17,11.218,False
E36438,AC,0,8.791,9.419,27.645,10.244,13.284,11.218,True
E36446,RO,0,7.555,8.258,19.677,9.603,9.874,11.222,False
E36461,MT,0,11.534,47.867,30.667,12.219,12.074,13.169,False
E36467,PA,0,81.465,11.613,22.677,11.805,9.921,12.73,False
E36471,MT,0,18.217,67.0,40.5,12.227,10.461,13.169,False
E36510,RO,0,7.387,12.258,21.258,8.675,17.349,11.222,True
E36602,AC,0,6.457,19.8,44.2,7.909,12.091,11.218,True
E36646,PA,0,28.764,6.667,13.833,12.231,11.649,12.73,False
E36692,RR,0,11.367,8.548,20.032,18.668,16.084,19.539,False
E36699,PA,0,24.612,16.516,28.516,11.738,9.379,12.73,False
E36706,AC,0,29.663,39.0,117.357,8.843,14.447,11.218,True
E36711,AC,0,11.581,4.226,25.419,10.518,17.683,11.218,True
E36712,AC,0,11.161,35.0,84.677,9.719,11.478,11.218,True
E36718,AC,0,22.374,16.613,60.161,10.811,11.674,11.218,True
E36726,AC,0,17.894,3.903,35.548,8.994,12.554,11.218,True
E36731,PA,0,15.562,2.484,4.484,9.199,11.842,12.73,False
E36732,PA,0,7.283,5.6,9.667,11.63,13.589,12.73,True
E36738,PA,0,15.361,9.774,24.645,8.551,12.383,12.73,False
E36743,PA,0,7.331,4.968,11.71,12.118,14.952,12.73,True
E36744,PA,0,4.244,7.419,9.774,11.248,12.648,12.73,False
E36745,PA,0,8.09,3.4,6.267,10.239,10.868,12.73,False
E36750,PA,0,10.608,25.667,42.333,12.678,9.279,12.73,False
E36753,PA,0,13.523,21.161,35.452,8.896,13.611,12.73,True
E36756,PA,0,22.023,3.3,6.167,9.765,8.803,12.73,False
E36760,PA,0,8.106,7.742,6.806,12.532,12.216,12.73,False
E36800,AM,0,24.886,8.129,20.161,9.559,6.231,10.204,False
E36903,RR,0,7.465,29.429,50.857,15.492,18.582,19.539,False
E37079,PA,0,15.118,7.5,8.8,12.391,16.309,12.73,True
E37113,PA,0,10.198,23.167,32.167,10.865,11.726,12.73,False
E37426,PA,0,7.986,13.065,11.71,11.949,15.507,12.73,True
RO_RO9,PA,1,11.081,6.6,7.2,10.285,11.255,12.73,False
RO_RO23,MT,1,143.099,27.29,35.613,10.834,6.962,13.169,False
RO_RO34,AM,1,29.412,18.2,44.667,9.195,9.84,10.204,False
RO_RO43,PA,1,8.558,2.3,7.2,12.556,18.523,12.73,True
RO_RO46,RR,1,27.946,19.571,76.0,17.152,21.129,19.539,True
RO_RO53,AC,1,10.845,10.419,63.258,8.125,8.634,11.218,False
RO_RO56,AC,1,7.421,26.677,49.355,11.136,15.59,11.218,True
RO_RO60,AM,1,10.515,20.5,38.6,10.083,17.472,10.204,True
RO_RO62,AC,1,13.607,32.0,72.742,10.326,16.139,11.218,True
RO_RO72,RR,1,43.828,19.516,81.065,14.272,16.639,19.539,False
RO_RO89,AC,1,22.242,28.903,51.581,10.357,13.762,11.218,True
RO_RO90,AC,1,50.584,27.167,45.467,10.873,12.686,11.218,True
RO_RO122,AM,1,12.198,5.933,22.867,5.947,6.006,10.204,False
RO_RO125,PA,1,24.268,63.333,42.167,10.895,11.092,12.73,False
RO_RO139,PA,1,36.353,21.065,16.097,11.96,20.354,12.73,True
RO_RO142,PA,1,37.842,2.645,5.645,11.233,13.991,12.73,True
RO_RO143,PA,1,14.033,17.0,21.0,12.334,14.916,12.73,True
RO_RO147,AM,1,10.721,4.733,17.467,7.155,6.407,10.204,False
RO_RO148,AC,1,19.22,29.129,77.516,7.01,19.702,11.218,True
RO_RO159,AM,1,13.948,22.333,39.667,10.132,16.985,10.204,True
RO_RO168,PA,1,10.643,2.6,4.2,10.461,10.642,12.73,False
RO_RO191,AC,1,7.875,22.484,34.839,9.89,7.69,11.218,False
RO_RO194,RO,1,32.057,9.6,18.333,8.259,7.86,11.222,False
RO_RO199,PA,1,10.541,1.29,10.484,10.878,10.753,12.73,False
RO_RO207,MT,1,110.404,61.194,43.484,9.573,13.037,13.169,False
RO_RO212,RO,1,18.792,26.0,69.484,7.488,21.883,11.222,True
RO_RO216,MT,1,27.496,49.333,31.667,12.289,11.54,13.169,False
RO_RO220,AC,1,10.195,44.774,32.387,9.555,14.749,11.218,True
RO_RO221,PA,1,13.21,4.839,6.419,9.936,13.461,12.73,True
RO_RO224,PA,1,12.363,13.613,23.258,12.007,12.712,12.73,False
RO_RO225,PA,1,19.667,1.867,4.8,8.89,9.222,12.73,False
RO_RO226,PA,1,6.411,1.29,5.645,11.746,14.836,12.73,True
RO_RO227,PA,1,10.271,4.4,7.2,12.71,12.85,12.73,True
RO_RO229,PA,1,10.307,4.133,3.6,11.899,17.302,12.73,True
RO_RO232,PA,1,35.95,24.0,28.419,11.572,13.471,12.73,True
RO_RO250,PA,1,12.457,10.4,7.2,10.08,14.286,12.73,True
RO_RO266,RO,1,14.825,21.833,50.0,9.939,15.626,11.222,True
RO_RO267,RO,1,25.103,33.484,36.484,10.326,15.429,11.222,True
RO_RO268,MT,1,24.534,61.032,48.581,11.654,9.982,13.169,False
RO_RO270,AC,1,8.017,66.0,121.286,11.105,11.35,11.218,True
RO_RO275,PA,1,60.73,46.516,35.258,12.02,13.376,12.73,True
RO_RO277,AM,1,11.941,17.871,11.613,5.993,5.968,10.204,False
RO_RO281,MT,1,19.382,25.4,33.833,12.204,15.879,13.169,True
RO_RO288,AC,1,7.984,26.0,58.5,9.859,14.447,11.218,True
RO_RO289,AC,1,8.168,23.581,32.387,10.29,17.45,11.218,True
RO_RO291,AC,1,29.662,11.677,28.774,8.982,9.363,11.218,False
RO_RO293,AC,1,11.915,11.581,27.774,10.306,11.357,11.218,True
RO_RO299,AC,1,9.71,22.0,45.968,10.321,21.987,11.218,True
RO_RO300,AC,1,27.415,2.129,13.387,8.681,8.759,11.218,False
RO_RO303,AC,1,8.108,8.548,38.645,10.935,6.755,11.218,False
RO_RO306,AC,1,7.297,22.0,50.5,10.485,16.879,11.218,True
RO_RO311,AC,1,14.662,46.333,27.2,9.554,13.814,11.218,True
RO_RO312,AM,1,18.93,8.333,24.267,8.189,11.776,10.204,True
RO_RO315,AC,1,7.381,12.484,29.774,10.311,11.402,11.218,True
RO_RO318,RO,1,25.177,20.032,71.903,9.924,12.004,11.222,True
RO_RO321,MT,1,17.101,65.429,51.571,12.352,20.883,13.169,True
RO_RO323,AM,1,115.084,61.0,24.5,6.899,7.421,10.204,False
RO_RO332,AC,1,9.232,19.677,49.065,9.018,9.141,11.218,False
RO_RO341,MT,1,13.061,7.0,18.0,10.992,11.091,13.169,False
RO_RO342,MT,1,14.153,54.032,33.645,10.519,16.558,13.169,True
RO_RO350,PA,1,33.648,17.097,10.548,11.418,15.04,12.73,True
RO_RO353,AM,1,44.053,4.667,8.333,7.831,12.36,10.204,True
RO_RO356,AC,1,18.46,21.0,51.933,9.809,10.59,11.218,False
RO_RO357,AC,1,38.219,25.6,57.1,7.421,10.534,11.218,False
RO_RO362,AC,1,10.02,2.742,16.226,10.835,9.385,11.218,False
RO_RO364,RO,1,19.39,31.419,84.355,8.622,20.828,11.222,True
RO_RO370,RO,1,37.016,1.7,7.5,9.428,8.466,11.222,False
RO_RO373,RO,1,151.189,1.3,4.5,6.694,6.265,11.222,False
RO_RO374,AC,1,21.669,26.548,22.613,9.757,13.054,11.218,True
RO_RO376,RO,1,166.847,2.4,5.8,9.174,9.292,11.222,False
RO_RO378,RR,1,12.333,0.968,5.806,13.847,14.644,19.539,False
RO_RO379,RR,1,10.585,3.067,15.667,14.435,14.35,19.539,False
RO_RO380,RR,1,21.761,29.774,114.516,19.099,15.335,19.539,False
RO_RO381,RR,1,14.364,4.161,14.29,13.699,14.919,19.539,False
RO_RO382,RR,1,41.025,18.419,23.387,11.223,11.406,19.539,False
RO_RO383,RR,1,35.336,14.6,64.8,14.552,13.902,19.539,False
RO_RO385,RR,1,18.29,19.677,66.581,11.917,15.879,19.539,False
RO_RO386,RR,1,107.766,34.613,50.419,14.696,13.231,19.539,False
RO_RO387,RR,1,10.799,0.871,4.355,10.599,10.96,19.539,False
RO_RO388,RR,1,15.515,3.484,14.29,11.348,15.816,19.539,False
RO_RO390,RR,1,8.363,1.742,4.355,12.418,16.916,19.539,False
RO_RO391,RR,1,8.841,1.419,4.258,11.644,19.244,19.539,False
RO_RO392,PA,1,35.302,47.6,27.533,11.347,18.761,12.73,True
RO_RO394,RR,1,18.457,5.067,11.367,18.73,18.072,19.539,False
RO_RO395,RR,1,8.148,4.3,11.367,16.052,21.325,19.539,True
RO_RO396,RR,1,45.711,18.0,23.333,18.777,19.232,19.539,False
RO_RO397,RR,1,28.025,15.467,45.267,13.171,21.678,19.539,True
RO_RO398,RR,1,7.36,15.933,45.267,14.791,15.004,19.539,False
RO_RO399,RR,1,7.816,1.742,3.484,15.787,22.121,19.539,True
RO_RO400,RR,1,27.141,18.286,75.0,17.225,15.3,19.539,False
RO_RO402,RR,1,14.648,4.733,18.333,14.423,10.38,19.539,False
RO_RO403,RR,1,20.634,23.645,84.161,17.708,16.247,19.539,False
RO_RO404,RR,1,24.4,19.0,81.065,17.406,17.265,19.539,False
RO_RO405,RR,1,22.954,49.29,84.161,19.493,27.192,19.539,True
RO_RO406,RR,1,44.614,10.419,25.097,14.473,12.125,19.539,False
RO_RO407,RR,1,27.735,26.0,81.065,16.3,17.277,19.539,False
RO_RO408,RR,1,16.142,23.516,28.903,16.409,20.892,19.539,True
RO_RO413,MT,1,23.477,0.742,4.452,9.512,10.876,13.169,False
RO_RO415,RR,1,8.837,7.267,21.467,17.252,23.725,19.539,True
RO_RO416,RO,1,23.673,7.065,18.419,5.927,7.505,11.222,False
RO_RO420,RO,1,23.047,2.161,15.323,9.458,8.901,11.222,False
RO_RO422,AM,1,22.79,38.2,41.8,9.302,9.56,10.204,False
RO_RO431,RO,1,30.934,62.0,56.645,7.574,17.505,11.222,True
RO_RO435,RO,1,20.074,3.452,10.452,8.971,6.581,11.222,False
RO_RO439,MT,1,107.08,33.0,50.516,12.008,14.432,13.169,True
RO_RO441,RO,1,36.725,0.903,3.613,6.493,6.759,11.222,False
RO_RO442,RO,1,23.086,2.3,4.5,7.194,7.864,11.222,False
RO_RO444,AM,1,33.995,3.871,21.903,8.155,9.993,10.204,False
RO_RO445,AM,1,76.061,32.0,117.516,9.43,12.187,10.204,True
RO_RO448,RO,1,121.032,27.067,42.833,6.556,13.559,11.222,True
RO_RO450,AM,1,25.639,2.4,16.0,9.318,8.13,10.204,False
RO_RO459,MT,1,33.069,6.258,9.129,7.826,7.77,13.169,False
RO_RO460,MT,1,57.64,15.2,14.0,10.168,7.36,13.169,False
RO_RO461,MT,1,9.432,5.355,9.129,5.752,5.017,13.169,False
RO_RO462,MT,1,128.534,8.194,10.097,7.734,7.801,13.169,False
RO_RO464,MT,1,48.225,2.533,6.533,7.269,7.576,13.169,False
RO_RO466,AM,1,41.235,1.677,4.452,7.13,8.983,10.204,False
RO_RO467,MT,1,12.8,0.0,2.419,8.827,9.004,13.169,False
RO_RO471,AM,1,10.631,5.533,6.333,9.944,9.425,10.204,False
RO_RO477,RO,1,15.417,3.548,18.129,8.755,5.157,11.222,False
RO_RO480,RO,1,10.063,3.548,18.129,7.654,5.957,11.222,False
RO_RO499,RO,1,83.038,4.032,26.774,9.369,12.714,11.222,True
RO_RO508,AC,1,26.288,13.419,36.484,7.585,11.767,11.218,True
RO_RO510,PA,1,12.361,4.935,6.452,11.819,18.199,12.73,True
RO_RO511,PA,1,16.158,45.742,28.742,11.386,17.097,12.73,True
RO_RO516,PA,1,21.559,5.419,6.452,12.714,14.411,12.73,True
RO_RO517,AC,1,20.72,1.4,7.0,8.181,7.461,11.218,False
RO_RO520,RR,1,31.176,5.1,12.3,11.657,10.845,19.539,False
RO_RO523,RR,1,7.766,1.419,4.258,11.585,13.256,19.539,False
RO_RO526,RR,1,11.397,7.6,15.0,14.198,14.444,19.539,False
RO_RO527,RR,1,10.166,8.0,13.0,12.8,21.185,19.539,True
RO_RO528,RR,1,9.994,9.2,13.333,12.542,13.327,19.539,False
RO_RO529,RR,1,8.246,20.2,15.0,17.247,15.927,19.539,False
RO_RO534,RR,1,8.936,5.161,14.29,16.915,15.263,19.539,False
RO_RO536,RR,1,9.385,4.323,22.226,18.181,14.845,19.539,False
RO_RO537,RR,1,10.08,3.067,14.333,15.05,15.931,19.539,False
RO_RO538,RR,1,6.4,15.903,22.839,14.445,22.557,19.539,True
RO_RO539,RR,1,9.915,1.5,6.5,11.975,12.201,19.539,False
RO_RO542,RR,1,13.441,4.452,23.839,19.326,13.458,19.539,False
RO_RO543,RR,1,49.221,7.355,18.742,11.761,10.06,19.539,False
RO_RO544,RR,1,10.302,2.71,8.129,10.822,10.143,19.539,False
RO_RO545,RR,1,9.373,5.129,19.645,13.581,8.343,19.539,False
RO_RO546,RR,1,11.268,29.355,22.097,18.576,28.443,19.539,True
RO_RO547,RR,1,12.345,3.484,4.355,12.941,17.3,19.539,False
RO_RO548,RR,1,8.942,3.484,4.355,10.902,16.815,19.539,False
RO_RO549,RR,1,14.758,34.613,50.419,17.283,14.49,19.539,False
RO_RO550,RR,1,7.662,3.533,6.333,11.072,17.266,19.539,False
RO_RO552,RR,1,9.693,8.258,10.323,11.543,10.387,19.539,False
RO_RO553,RR,1,8.431,2.533,15.667,18.684,17.228,19.539,False
RO_RO555,RR,1,11.945,21.857,100.857,16.718,22.504,19.539,True
RO_RO556,RR,1,6.77,5.0,15.667,11.481,9.647,19.539,False
RO_RO557,RR,1,8.991,21.258,108.839,15.508,16.306,19.539,False
RO_RO559,RR,1,10.419,24.774,114.516,17.127,23.627,19.539,True
RO_RO560,RR,1,19.854,16.033,38.2,15.906,12.949,19.539,False
RO_RO561,RR,1,7.053,8.267,13.333,13.546,14.293,19.539,False
RO_RO562,RR,1,16.505,7.8,8.4,14.876,19.899,19.539,True
RO_RO563,RR,1,17.472,5.742,19.968,19.44,17.716,19.539,False
RO_RO564,RR,1,7.945,15.484,20.097,16.854,16.577,19.539,False
RO_RO566,RR,1,19.815,34.286,102.143,16.759,17.878,19.539,False
RO_RO567,RR,1,24.381,4.4,15.0,18.32,17.331,19.539,False
RO_RO568,RR,1,7.287,2.677,25.774,16.383,9.621,19.539,False
RO_RO569,RR,1,6.431,3.533,11.667,10.199,16.016,19.539,False
RO_RO570,RR,1,12.308,4.29,19.968,16.772,12.086,19.539,False
RO_RO574,RR,1,7.324,10.258,28.903,15.748,11.593,19.539,False
RO_RO575,RR,1,8.346,18.833,43.0,10.936,11.06,19.539,False
RO_RO577,RR,1,9.81,12.6,28.2,15.162,11.392,19.539,False
RO_RO579,RR,1,8.991,5.484,14.29,13.12,17.098,19.539,False
RO_RO580,RR,1,12.369,22.286,75.0,17.86,34.79,19.539,True
RO_RO581,RR,1,11.705,5.484,14.29,17.806,17.88,19.539,False
RO_RO584,RR,1,6.062,9.742,10.452,18.371,9.586,19.539,False
RO_RO585,RR,1,9.332,15.6,15.0,18.24,19.319,19.539,False
RO_RO586,RR,1,21.188,13.742,21.903,12.426,11.359,19.539,False
RO_RO590,RR,1,20.8,15.935,17.387,15.287,15.951,19.539,False
RO_RO591,RR,1,9.655,16.71,18.742,16.609,15.116,19.539,False
RO_RO595,RR,1,7.649,2.6,8.4,14.194,26.983,19.539,True
RO_RO597,RR,1,11.408,2.4,11.6,17.353,17.394,19.539,False
RO_RO599,RR,1,121.704,28.929,52.286,12.933,12.985,19.539,False
RO_RO600,RR,1,23.261,6.903,12.258,14.095,11.952,19.539,False
RO_RO601,RR,1,15.36,47.226,59.839,18.765,21.552,19.539,True
RO_RO603,RR,1,6.621,3.2,12.0,15.403,12.689,19.539,False
RO_RO605,RR,1,7.077,8.667,8.333,12.099,13.71,19.539,False
RO_RO606,RR,1,9.194,10.0,11.613,10.799,12.178,19.539,False
RO_RO607,RR,1,6.572,36.267,16.167,17.22,14.12,19.539,False
RO_RO608,RR,1,13.168,50.419,117.677,15.907,31.145,19.539,True
RO_RO609,RR,1,19.465,44.0,88.71,13.644,16.454,19.539,False
RO_RO611,RR,1,41.12,7.6,9.4,15.888,17.334,19.539,False
RO_RO612,RR,1,10.529,8.133,6.333,13.26,15.202,19.539,False
RO_RO613,RR,1,7.79,15.258,12.258,18.983,20.628,19.539,True
RO_RO615,RR,1,7.661,8.903,12.258,15.802,13.852,19.539,False
RO_RO617,RR,1,31.099,16.129,10.323,15.445,14.195,19.539,False
RO_RO618,RR,1,6.19,2.968,3.71,10.642,12.545,19.539,False
RO_RO619,RR,1,14.184,3.4,6.333,10.245,15.669,19.539,False
RO_RO621,PA,1,9.402,5.0,16.667,10.86,16.716,12.73,True
RO_RO628,RR,1,9.342,46.0,80.0,11.507,12.556,19.539,False
RO_RO630,RR,1,18.99,5.8,4.8,15.277,24.442,19.539,True
RO_RO634,PA,1,10.058,19.806,18.419,11.584,18.691,12.73,True
RO_RO638,PA,1,11.837,6.2,4.4,12.134,12.822,12.73,True
RO_RO644,MT,1,15.023,0.2,3.4,10.408,9.978,13.169,False
RO_RO645,MT,1,25.124,0.4,3.4,9.748,9.774,13.169,False
RO_RO657,MT,1,346.034,19.032,13.516,12.613,12.55,13.169,False
RO_RO662,AC,1,6.691,1.8,8.8,9.658,16.696,11.218,True
RO_RO663,AC,1,12.598,27.333,71.0,10.95,9.771,11.218,False
RO_RO665,RO,1,42.977,1.806,3.613,9.757,17.601,11.222,True
RO_RO667,RO,1,15.409,3.968,11.419,10.346,11.711,11.222,True
RO_RO671,RO,1,8.72,0.9,5.5,9.312,8.915,11.222,False
RO_RO672,RO,1,28.841,35.0,50.286,10.237,14.266,11.222,True
RO_RO677,RO,1,38.028,2.8,7.5,7.235,9.433,11.222,False
RO_RO678,RO,1,12.102,32.0,57.806,10.376,15.324,11.222,True
RO_RO679,AM,1,12.961,5.032,12.387,8.791,5.295,10.204,False
RO_RO689,MT,1,51.68,2.533,6.533,5.425,5.667,13.169,False
RO_RO691,MT,1,9.352,1.677,3.355,8.543,10.575,13.169,False
RO_RO692,MT,1,46.928,9.774,10.097,7.944,7.79,13.169,False
RO_RO693,AM,1,46.801,0.0,4.355,5.656,5.505,10.204,False
RO_RO694,MT,1,10.22,61.429,51.571,11.152,25.228,13.169,True
RO_RO695,MT,1,20.64,32.258,23.806,10.464,11.655,13.169,False
RO_RO696,AM,1,343.218,26.806,57.645,6.156,19.057,10.204,True
RO_RO697,RO,1,134.34,66.871,147.548,8.533,16.867,11.222,True
RO_RO699,RO,1,55.423,15.742,48.452,7.638,16.649,11.222,True
RO_RO700,AM,1,36.915,0.0,3.871,8.459,15.887,10.204,True
RO_RO701,AM,1,14.09,4.667,14.667,8.327,10.52,10.204,True
RO_RO702,AM,1,7.997,0.333,8.0,5.363,5.494,10.204,False
RO_RO705,RO,1,40.06,5.5,25.5,6.803,6.106,11.222,False
RO_RO709,RO,1,27.847,6.0,25.5,8.171,9.164,11.222,False
RO_RO720,RO,1,23.137,29.258,54.355,8.587,16.09,11.222,True
RO_RO725,RO,1,32.322,0.0,5.419,8.265,14.521,11.222,True
RO_RO727,AM,1,14.557,1.733,8.667,8.723,9.812,10.204,False
RO_RO730,AM,1,13.7,2.2,8.667,6.42,6.904,10.204,False
RO_RO731,RO,1,34.218,6.871,10.452,8.064,12.688,11.222,True
RO_RO733,RO,1,58.921,32.0,57.806,10.585,18.609,11.222,True
RO_RO735,RO,1,9.003,3.1,7.5,8.368,8.704,11.222,False
RO_RO736,AM,1,42.299,2.333,3.667,8.189,13.343,10.204,True
RO_RO739,RO,1,18.939,6.8,14.333,10.968,11.697,11.222,True
RO_RO745,AM,1,62.672,1.733,4.467,8.971,10.6,10.204,True
RO_RO746,AM,1,167.239,4.032,6.548,10.002,11.187,10.204,True
RO_RO747,AM,1,13.894,4.516,6.548,10.185,10.839,10.204,True
RO_RO751,RO,1,12.712,9.0,17.333,10.607,12.141,11.222,True
RO_RO754,AM,1,111.535,3.8,8.5,7.206,7.283,10.204,False
RO_RO756,RO,1,22.339,2.71,3.613,8.2,9.427,11.222,False
RO_RO758,RO,1,24.071,1.4,7.5,9.142,7.458,11.222,False
RO_RO760,RO,1,89.288,3.1,7.5,8.829,8.949,11.222,False
RO_RO761,RO,1,37.344,1.6,5.5,6.495,7.374,11.222,False
RO_RO763,RO,1,374.917,2.5,6.5,7.051,7.497,11.222,False
RO_RO765,RO,1,290.547,1.3,4.5,6.579,6.454,11.222,False
RO_RO766,RO,1,282.355,3.1,7.5,7.203,6.229,11.222,False
RO_RO767,AM,1,53.692,1.933,12.8,5.01,6.193,10.204,False
RO_RO770,RO,1,338.302,31.0,52.0,6.962,10.384,11.222,False
RO_RO773,RO,1,26.689,26.806,87.452,6.687,8.839,11.222,False
RO_RO776,RO,1,32.284,1.5,6.5,7.482,8.276,11.222,False
RO_RO778,PA,1,7.396,8.6,8.8,12.459,23.148,12.73,True
RO_RO781,MT,1,19.248,19.129,38.839,12.287,16.624,13.169,True
RO_RO782,AC,1,63.733,3.933,6.4,4.504,4.934,11.218,False
RO_RO783,AC,1,8.382,26.129,78.032,8.988,16.061,11.218,True
RO_RO788,PA,1,7.106,6.258,6.419,12.323,13.045,12.73,True
RO_RO797,PA,1,25.765,26.774,10.355,10.599,8.65,12.73,False
RO_RO798,AC,1,26.09,22.5,38.167,9.316,16.178,11.218,True
RO_RO810,PA,1,8.207,3.8,7.4,10.136,9.23,12.73,False
RO_RO812,MT,1,29.455,54.2,43.667,10.943,9.13,13.169,False
RO_RO816,MT,1,31.139,1.467,4.933,7.414,7.552,13.169,False
RO_RO823,RR,1,6.646,53.161,83.645,18.7,26.073,19.539,True
RO_RO826,PA,1,20.567,17.355,39.871,10.031,14.662,12.73,True
RO_RO828,PA,1,288.15,2.867,12.533,8.653,8.641,12.73,False
RO_RO829,PA,1,29.587,0.0,4.484,12.027,13.248,12.73,True
RO_RO831,PA,1,18.831,4.774,8.968,8.479,9.456,12.73,False
RO_RO832,MT,1,43.721,31.839,48.194,11.087,17.549,13.169,True
RO_RO834,PA,1,27.74,9.0,13.833,10.281,10.852,12.73,False
RO_RO842,PA,1,7.611,5.548,6.161,9.697,22.029,12.73,True
RO_RO844,PA,1,20.802,6.645,10.742,10.657,12.605,12.73,False
RO_RO849,PA,1,100.87,15.8,8.8,11.341,14.562,12.73,True
RO_RO852,PA,1,42.423,0.516,1.548,10.405,12.199,12.73,False
RO_RO854,PA,1,47.726,23.161,37.484,10.791,17.468,12.73,True
RO_RO862,AM,1,9.134,0.0,4.355,7.315,9.524,10.204,False
RO_RO871,PA,1,37.5,0.774,2.323,8.807,8.39,12.73,False
RO_RO874,RO,1,25.743,42.467,46.4,9.285,11.601,11.222,True
RO_RO888,RO,1,105.216,3.1,7.5,7.691,7.362,11.222,False
RO_RO889,MT,1,14.486,78.161,30.806,12.803,19.457,13.169,True
RO_RO892,RO,1,9.432,1.9,5.5,6.312,6.225,11.222,False
RO_RO893,AM,1,10.928,6.8,7.2,5.366,10.286,10.204,True
RO_RO895,RR,1,177.042,19.857,75.0,18.864,14.571,19.539,False
RO_RO896,RR,1,10.426,24.857,78.0,16.103,17.335,19.539,False
RO_RO897,RR,1,24.974,16.774,114.516,12.618,11.577,19.539,False
RO_RO898,RR,1,6.898,12.903,23.839,16.301,16.774,19.539,False
RO_RO902,PA,1,16.098,4.29,5.29,12.487,14.419,12.73,True
RO_RO909,PA,1,48.614,69.677,27.258,12.349,24.205,12.73,True
RO_RO910,AM,1,15.881,20.433,15.867,6.883,11.576,10.204,True
RO_RO913,RR,1,11.607,5.355,12.387,10.29,9.79,19.539,False
RO_RO914,RR,1,11.257,13.433,40.6,10.578,10.035,19.539,False
RO_RO915,AM,1,53.1,44.323,18.161,6.473,5.586,10.204,False
RO_RO920,AC,1,7.693,10.774,34.839,7.1,10.057,11.218,False
RO_RO922,AM,1,43.527,2.2,2.3,6.8,6.733,10.204,False
RO_RO923,AM,1,74.161,1.8,4.7,7.179,7.031,10.204,False
RO_RO924,AM,1,53.295,0.2,2.3,6.383,6.514,10.204,False
RO_RO929,RR,1,25.906,38.0,61.0,17.745,17.466,19.539,False
RO_RO931,PA,1,48.646,26.0,44.0,10.994,10.735,12.73,False
RO_RO932,PA,1,11.234,52.0,27.258,12.456,14.327,12.73,True
RO_RO933,RR,1,29.838,11.667,23.333,15.647,16.911,19.539,False
RO_RO934,AM,1,10.035,3.935,13.226,7.894,11.186,10.204,True
RO_RO935,MT,1,23.968,9.839,11.742,12.159,14.015,13.169,True
RO_RO938,PA,1,57.971,5.0,7.667,9.929,11.792,12.73,False
RO_RO940,RO,1,347.755,15.323,27.323,6.323,6.229,11.222,False
RO_RO943,AC,1,19.312,31.355,133.097,9.45,7.748,11.218,False
RO_RO946,AC,1,17.497,71.226,132.806,10.085,12.934,11.218,True
RO_RO947,RO,1,58.291,37.194,53.161,8.917,19.568,11.222,True
RO_RO955,AM,1,29.905,0.0,3.387,5.795,5.939,10.204,False
RO_RO958,AM,1,27.167,26.968,38.839,6.571,6.75,10.204,False
RO_RO966,AM,1,326.459,9.258,21.097,5.236,5.111,10.204,False
RO_RO967,AM,1,26.701,44.452,39.71,9.427,11.544,10.204,True
RO_RO968,AM,1,49.373,2.065,11.29,7.055,7.055,10.204,False
RO_RO969,AM,1,35.905,4.226,13.226,7.866,11.669,10.204,True
RO_RO970,AM,1,47.297,27.29,21.581,7.401,10.319,10.204,True
RO_RO971,AM,1,23.866,1.0,2.067,6.047,5.778,10.204,False
RO_RO972,RR,1,12.227,2.129,4.258,16.243,21.652,19.539,True
RO_RO975,AM,1,73.881,15.516,26.097,9.013,11.12,10.204,True
RO_RO981,MT,1,29.898,15.935,31.71,11.233,13.236,13.169,True
RO_RO984,PA,1,11.049,4.2,7.4,10.854,17.202,12.73,True
RO_RO985,PA,1,9.966,10.323,16.097,10.568,12.078,12.73,False
RO_RO986,PA,1,47.249,16.0,37.484,10.638,18.65,12.73,True
RO_RO987,AC,1,9.509,21.0,44.667,6.739,12.876,11.218,True
RO_RO988,AC,1,6.815,22.355,50.613,6.491,20.61,11.218,True
RO_RO990,PA,1,60.528,59.857,72.5,12.075,11.302,12.73,False
RO_RO993,RO,1,12.044,2.1,10.9,9.926,19.365,11.222,True
RO_RO997,PA,1,20.031,26.4,14.467,11.289,12.981,12.73,True
RO_RO998,MT,1,30.894,70.0,44.484,10.325,17.682,13.169,True
RO_RO999,AM,1,83.118,4.806,4.452,6.087,6.375,10.204,False
RO_RO1000,AM,1,119.874,64.129,29.645,7.677,21.669,10.204,True
RO_RO1001,AM,1,110.343,0.0,3.387,5.988,6.534,10.204,False
RO_RO1005,RR,1,21.634,5.667,15.667,15.707,24.776,19.539,True
RO_RO1010,AC,1,8.548,19.065,33.645,10.417,19.729,11.218,True
RO_RO1012,AM,1,51.226,24.194,41.323,9.477,12.578,10.204,True
RO_RO1016,MT,1,241.433,79.613,30.613,11.466,17.057,13.169,True
RO_RO1021,AM,1,350.865,68.065,54.161,9.015,14.475,10.204,True
RO_RO1022,RO,1,17.76,21.3,47.6,8.291,9.974,11.222,False
RO_RO1023,RO,1,13.039,3.065,18.129,9.768,16.812,11.222,True
RO_RO1024,RO,1,13.247,16.71,40.613,10.694,14.396,11.222,True
RO_RO1025,RO,1,45.587,48.933,46.4,6.658,10.832,11.222,False
RO_RO1028,MT,1,31.097,66.871,60.677,11.42,9.645,13.169,False
RO_RO1029,AM,1,18.464,18.774,30.806,10.089,15.719,10.204,True
RO_RO1031,MT,1,17.154,52.0,42.667,11.756,8.465,13.169,False
RO_RO1033,MT,1,25.114,1.267,6.533,7.935,7.576,13.169,False
RO_RO1035,MT,1,195.757,30.129,53.645,7.166,9.656,13.169,False
RO_RO1040,RO,1,32.13,17.71,40.613,9.034,15.072,11.222,True
RO_RO1047,AM,1,15.198,24.8,89.333,9.6,13.702,10.204,True
RO_RO1052,AM,1,48.024,32.645,53.129,8.414,18.974,10.204,True
RO_RO1054,AM,1,94.529,45.903,69.516,5.577,9.179,10.204,False
RO_RO1057,AM,1,96.436,35.4,19.5,8.202,6.971,10.204,False
RO_RO1058,AM,1,30.716,30.75,54.75,8.808,18.086,10.204,True
RO_RO1059,AM,1,67.52,20.133,33.833,8.039,11.671,10.204,True
RO_RO1060,AM,1,18.691,16.032,29.194,10.005,20.284,10.204,True
RO_RO1061,AM,1,11.901,18.484,28.484,9.287,14.166,10.204,True
RO_RO1062,AM,1,45.438,17.065,28.484,6.731,9.605,10.204,False
RO_RO1064,MT,1,59.359,33.258,36.548,12.627,9.921,13.169,False
RO_RO1066,AM,1,9.314,30.0,27.5,10.109,14.125,10.204,True
RO_RO1067,PA,1,27.969,0.0,1.29,7.907,15.94,12.73,True
RO_RO1074,PA,1,47.097,0.4,6.4,9.684,9.603,12.73,False
RO_RO1075,PA,1,373.059,29.355,114.387,9.827,11.808,12.73,False
RO_RO1078,PA,1,124.89,23.194,37.194,10.102,12.033,12.73,False
RO_RO1080,PA,1,21.323,12.387,27.645,11.901,14.43,12.73,True
RO_RO1081,MT,1,39.971,123.4,43.667,10.001,17.55,13.169,True
RO_RO1083,MT,1,28.216,62.129,56.548,8.151,9.78,13.169,False
RO_RO1085,MT,1,135.293,4.533,6.533,7.947,8.598,13.169,False
RO_RO1088,PA,1,89.89,57.258,43.323,10.365,12.56,12.73,False
RO_RO1089,PA,1,12.94,4.0,9.0,9.026,14.719,12.73,True
RO_RO1091,PA,1,14.876,26.419,36.419,11.773,10.598,12.73,False
RO_RO1094,PA,1,12.505,0.419,1.677,7.731,10.977,12.73,False
RO_RO1096,PA,1,51.454,18.267,28.333,11.931,13.213,12.73,True
RO_RO1097,AM,1,24.838,0.433,10.033,6.233,6.568,10.204,False
RO_RO1101,PA,1,161.615,29.0,63.0,8.949,10.189,12.73,False
RO_RO1106,MT,1,11.891,59.2,39.5,11.474,13.774,13.169,True
RO_RO1108,RO,1,10.583,4.267,7.933,8.891,11.362,11.222,True
RO_RO1109,MT,1,6.508,26.2,31.667,12.224,14.114,13.169,True
RO_RO1113,MT,1,44.651,1.677,3.355,7.754,8.977,13.169,False
RO_RO1114,AM,1,38.301,3.742,5.581,10.075,10.708,10.204,True
RO_RO1115,RR,1,10.219,0.0,4.258,14.153,21.556,19.539,True
RO_RO1116,RR,1,24.029,5.9,11.0,10.795,15.932,19.539,False
RO_RO1117,RR,1,55.296,14.903,34.323,11.346,10.944,19.539,False
RO_RO1120,PA,1,99.367,67.6,28.5,6.604,6.739,12.73,False
RO_RO1123,PA,1,41.927,32.097,26.548,7.231,6.992,12.73,False
RO_RO1125,AM,1,52.288,39.419,27.258,9.087,17.731,10.204,True
RO_RO1126,AM,1,8.52,33.613,58.032,7.969,30.149,10.204,True
RO_RO1127,AM,1,26.28,29.8,77.8,9.499,16.906,10.204,True
RO_RO1131,RO,1,16.666,14.194,24.161,8.803,11.905,11.222,True
RO_RO1137,RO,1,25.983,5.742,13.355,10.472,10.91,11.222,False
RO_RO1139,RO,1,7.986,18.387,37.516,10.176,17.038,11.222,True
RO_RO1140,RO,1,38.414,40.419,66.871,7.259,13.81,11.222,True
RO_RO1149,AM,1,45.436,18.0,33.0,6.698,7.447,10.204,False
RO_RO1150,AM,1,13.973,12.161,24.161,7.419,12.144,10.204,True
RO_RO1155,MT,1,104.219,31.0,46.645,9.386,13.088,13.169,False
RO_RO1164,RO,1,181.566,30.774,56.645,7.09,7.631,11.222,False
RO_RO1167,MT,1,148.131,37.536,53.679,10.753,16.886,13.169,True
RO_RO1169,AM,1,23.469,12.677,26.097,8.522,13.183,10.204,True
RO_RO1170,AM,1,15.179,0.2,2.3,8.002,9.263,10.204,False
RO_RO1178,AM,1,54.875,64.903,24.355,7.057,14.557,10.204,True
RO_RO1180,RO,1,8.635,13.032,31.323,8.606,6.506,11.222,False
RO_RO1181,AM,1,42.807,16.71,25.355,6.703,8.841,10.204,False
RO_RO1184,MT,1,86.705,27.6,39.5,6.879,9.165,13.169,False
RO_RO1188,AM,1,65.346,126.613,60.677,8.866,22.852,10.204,True
RO_RO1190,RO,1,10.428,26.8,31.4,8.491,13.771,11.222,True
RO_RO1192,PA,1,211.249,23.867,42.333,7.891,7.427,12.73,False
RO_RO1193,PA,1,48.025,19.133,28.333,11.278,11.584,12.73,False
RO_RO1194,PA,1,75.647,27.0,48.179,8.425,15.119,12.73,True
RO_RO1204,AM,1,61.69,16.323,27.323,9.711,15.638,10.204,True
RO_RO1206,AM,1,13.065,0.967,12.8,9.149,7.835,10.204,False
RO_RO1209,AM,1,143.524,8.645,28.903,8.12,10.452,10.204,True
RO_RO1216,RO,1,47.44,7.6,28.3,7.631,11.868,11.222,True
RO_RO1217,RO,1,26.238,18.871,69.387,8.178,26.795,11.222,True
RO_RO1219,AM,1,236.686,105.0,44.571,6.015,6.633,10.204,False
RO_RO1221,AM,1,31.86,1.097,11.742,6.485,11.346,10.204,True
RO_RO1224,RO,1,9.712,18.548,39.065,8.928,12.12,11.222,True
RO_RO1225,AC,1,22.654,3.933,6.4,4.893,6.089,11.218,False
RO_RO1226,AC,1,6.382,12.0,29.0,10.478,5.684,11.218,False
RO_RO1231,RO,1,39.613,17.867,31.733,10.895,10.517,11.222,False
RO_RO1232,RO,1,19.651,41.355,27.065,9.35,22.336,11.222,True
RO_RO1235,AM,1,33.106,18.467,32.833,8.568,9.186,10.204,False
RO_RO1236,AM,1,40.269,42.742,58.548,7.864,20.222,10.204,True
RO_RO1238,MT,1,34.092,63.645,56.806,9.809,21.493,13.169,True
RO_RO1240,RO,1,13.435,25.871,79.645,9.675,15.644,11.222,True
RO_RO1242,RO,1,583.807,1.9,5.5,6.413,6.506,11.222,False
RO_RO1244,AM,1,38.589,57.871,88.548,9.907,9.354,10.204,False
RO_RO1245,MT,1,90.206,31.733,43.333,9.274,10.35,13.169,False
RO_RO1248,MT,1,277.828,51.2,43.867,12.025,9.968,13.169,False
RO_RO1249,PA,1,137.971,19.8,66.0,9.592,14.73,12.73,True
RO_RO1251,PA,1,1720.822,31.677,114.387,9.974,11.989,12.73,False
RO_RO1253,AM,1,83.125,54.8,76.2,6.483,11.441,10.204,True
RO_RO1254,PA,1,22.411,26.968,34.903,11.113,10.678,12.73,False
RO_RO1257,RO,1,164.503,5.0,17.333,7.25,10.733,11.222,False
RO_RO1263,MT,1,50.89,55.143,48.357,12.151,10.388,13.169,False
RO_RO1264,MT,1,21.571,63.143,49.429,11.16,11.776,13.169,False
RO_RO1277,PA,1,18.973,1.133,5.667,11.674,11.604,12.73,False
RO_RO1278,PA,1,35.112,15.0,29.0,11.651,11.287,12.73,False
RO_RO1281,PA,1,82.081,21.893,52.464,10.07,11.244,12.73,False
RO_RO1282,PA,1,501.918,25.742,57.355,6.103,7.992,12.73,False
RO_RO1285,PA,1,112.06,28.871,57.355,7.291,7.563,12.73,False
RO_RO1287,PA,1,58.499,49.839,37.355,10.322,9.79,12.73,False
RO_RO1302,AM,1,30.078,17.839,57.871,10.077,7.708,10.204,False
RO_RO1303,MT,1,21.707,30.258,23.806,9.219,9.913,13.169,False
RO_RO1305,PA,1,11.812,0.0,4.516,10.965,13.531,12.73,True
RO_RO1307,AM,1,19.982,11.613,30.258,9.168,15.551,10.204,True
RO_RO1308,AM,1,324.058,57.226,46.29,7.559,10.173,10.204,False
RO_RO1312,AM,1,60.591,15.323,25.323,8.732,17.054,10.204,True
RO_RO1314,AM,1,46.445,31.0,46.29,8.612,16.894,10.204,True
RO_RO1315,AM,1,122.457,31.032,100.806,8.005,8.145,10.204,False
RO_RO1318,AM,1,122.155,35.839,101.935,7.48,17.62,10.204,True
RO_RO1319,AM,1,113.188,45.733,31.733,8.898,22.289,10.204,True
RO_RO1320,AM,1,41.289,26.433,48.6,10.159,16.484,10.204,True
RO_RO1321,AM,1,256.448,58.0,85.258,5.999,8.398,10.204,False
RO_RO1323,AC,1,21.716,25.733,42.467,9.474,13.185,11.218,True
RO_RO1336,AM,1,94.473,37.774,36.355,9.546,16.568,10.204,True
RO_RO1339,RO,1,209.478,54.097,54.355,8.529,8.496,11.222,False
RO_RO1341,RO,1,22.54,8.2,24.1,6.804,12.148,11.222,True
RO_RO1345,AM,1,102.41,57.097,29.194,7.227,14.812,10.204,True
RO_RO1349,AM,1,46.732,22.533,34.833,8.025,16.359,10.204,True
RO_RO1352,RO,1,9.456,15.226,35.968,9.182,14.232,11.222,True
RO_RO1353,PA,1,89.519,21.194,33.484,7.082,9.695,12.73,False
RO_RO1354,RO,1,23.764,38.065,57.387,8.416,18.835,11.222,True
RO_RO1355,PA,1,20.061,40.533,39.333,8.115,10.958,12.73,False
RO_RO1356,RO,1,12.75,44.533,64.067,10.449,15.677,11.222,True
RO_RO1360,PA,1,71.958,21.333,22.333,10.613,20.243,12.73,True
RO_RO1362,PA,1,261.459,31.194,105.968,11.227,20.067,12.73,True
RO_RO1363,PA,1,11.35,17.097,33.484,9.543,10.475,12.73,False
RO_RO1365,PA,1,20.625,24.065,52.323,8.929,17.523,12.73,True
RO_RO1372,AM,1,14.81,1.0,3.5,8.059,8.384,10.204,False
RO_RO1373,AM,1,15.784,6.067,15.333,10.168,23.175,10.204,True
RO_RO1377,PA,1,64.932,20.0,28.419,11.054,19.092,12.73,True
RO_RO1384,MT,1,229.805,70.806,57.516,10.544,9.698,13.169,False
RO_RO1385,MT,1,23.608,63.645,54.613,10.212,9.913,13.169,False
RO_RO1391,AC,1,17.529,17.484,20.29,10.797,9.908,11.218,False
RO_RO1392,AC,1,58.972,25.677,55.71,10.953,17.407,11.218,True
RO_RO1397,PA,1,36.911,23.032,16.097,12.409,17.89,12.73,True
RO_RO1400,PA,1,133.725,34.258,45.097,9.335,9.512,12.73,False
RO_RO1401,PA,1,20.964,34.4,14.6,8.502,11.288,12.73,False
RO_RO1402,AC,1,13.968,28.29,44.452,7.744,15.09,11.218,True
RO_RO1403,AM,1,14.183,55.333,76.467,8.319,10.39,10.204,True
RO_RO1404,RR,1,13.915,4.2,14.333,10.012,9.835,19.539,False
RO_RO1407,AM,1,38.418,48.8,41.667,8.315,11.52,10.204,True
RO_RO1408,PA,1,13.436,42.419,57.839,12.462,10.888,12.73,False
RO_RO1411,AM,1,24.507,17.774,30.806,8.422,19.412,10.204,True
RO_RO1412,PA,1,129.602,13.903,25.935,9.98,11.728,12.73,False
RO_RO1413,PA,1,57.012,25.29,67.581,10.429,10.541,12.73,False
RO_RO1417,PA,1,8.839,5.8,8.833,11.784,18.419,12.73,True
RO_RO1419,PA,1,28.665,1.867,4.8,11.137,13.706,12.73,True
RO_RO1426,AC,1,10.957,23.387,20.29,8.438,12.195,11.218,True
RO_RO1430,RO,1,14.76,41.742,42.161,9.73,15.472,11.222,True
RO_RO1432,RO,1,93.326,18.355,25.129,9.755,10.971,11.222,False
RO_RO1433,AM,1,11.169,19.032,28.032,8.882,17.095,10.204,True
RO_RO1436,RO,1,77.622,17.839,28.032,10.462,21.394,11.222,True
RO_RO1438,AM,1,28.754,2.935,13.226,7.567,7.101,10.204,False
RO_RO1440,AM,1,118.917,23.645,38.742,7.959,18.951,10.204,True
RO_RO1442,AM,1,18.419,35.2,31.833,8.09,10.891,10.204,True
RO_RO1445,AM,1,300.719,19.0,37.742,6.245,12.127,10.204,True
RO_RO1453,AC,1,18.419,5.29,26.581,10.833,9.651,11.218,False
RO_RO1454,AC,1,11.703,10.935,26.581,7.406,10.124,11.218,False
RO_RO1455,AC,1,27.64,53.613,84.226,7.247,14.843,11.218,True
RO_RO1464,AM,1,71.577,30.419,58.032,6.842,16.894,10.204,True
RO_RO1465,PA,1,123.788,26.0,75.333,12.224,19.943,12.73,True
RO_RO1468,AC,1,6.144,26.968,57.839,9.485,16.394,11.218,True
RO_RO1469,AC,1,14.173,12.742,53.355,8.286,13.955,11.218,True
RO_RO1472,AC,1,6.211,29.71,56.548,10.345,13.42,11.218,True
RO_RO1474,PA,1,10.467,12.903,25.935,11.72,24.294,12.73,True
RO_RO1476,AM,1,31.885,4.133,24.267,7.419,9.1,10.204,False
RO_RO1485,AM,1,16.949,29.097,58.742,9.879,13.559,10.204,True
RO_RO1492,AM,1,24.686,8.581,21.581,9.565,18.776,10.204,True
RO_RO1513,MT,1,349.353,74.0,60.677,12.529,9.74,13.169,False
RO_RO1529,MT,1,41.258,9.0,38.0,8.485,11.636,13.169,False
RO_RO1534,AM,1,322.467,125.032,50.516,6.942,13.203,10.204,True
RO_RO1536,AM,1,220.191,17.355,37.774,8.164,11.577,10.204,True
RO_RO1539,AM,1,69.346,28.935,60.677,8.85,20.031,10.204,True
RO_RO1540,AM,1,174.192,68.516,28.484,8.638,15.231,10.204,True
RO_RO1541,AM,1,39.118,21.097,38.742,8.674,11.395,10.204,True
RO_RO1544,AM,1,30.443,27.893,54.821,9.261,10.307,10.204,True
RO_RO1554,MT,1,318.652,41.032,85.129,9.944,9.689,13.169,False
RO_RO1568,MT,1,346.837,12.258,30.258,12.177,10.421,13.169,False
RO_RO1569,AC,1,16.713,19.097,38.613,10.356,17.148,11.218,True
RO_RO1571,AC,1,14.945,13.935,25.581,10.971,12.957,11.218,True
RO_RO1572,AC,1,10.081,13.677,27.677,8.875,11.91,11.218,True
RO_RO1574,AC,1,11.939,30.613,111.968,10.492,15.667,11.218,True
RO_RO1579,AM,1,24.201,18.742,35.581,9.024,18.059,10.204,True
RO_RO1589,RO,1,61.793,25.613,85.903,9.673,17.066,11.222,True
RO_RO1594,RO,1,51.813,45.806,52.806,7.482,7.706,11.222,False
RO_RO1595,AM,1,68.018,28.2,76.2,7.392,6.725,10.204,False
RO_RO1597,RO,1,58.359,24.903,87.161,7.54,13.122,11.222,True
RO_RO1604,MT,1,183.108,1.194,10.484,10.116,14.029,13.169,True
RO_RO1607,PA,1,23.793,11.258,11.194,11.072,14.307,12.73,True
RO_RO1611,MT,1,8.177,21.2,60.0,11.567,12.214,13.169,False
RO_RO1614,PA,1,32.667,7.4,15.833,10.404,14.046,12.73,True
RO_RO1620,PA,1,79.783,29.645,28.29,9.48,18.238,12.73,True
RO_RO1621,PA,1,218.977,21.333,29.333,9.229,8.96,12.73,False
RO_RO1629,PA,1,11.361,11.742,9.581,12.441,16.543,12.73,True
RO_RO1633,MT,1,27.208,32.258,23.806,10.723,10.978,13.169,False
RO_RO1652,PA,1,58.377,26.0,21.0,10.637,13.681,12.73,True
RO_RO1657,PA,1,23.405,32.032,26.097,10.602,11.521,12.73,False
RO_RO1671,PA,1,10.713,1.774,11.871,10.36,14.588,12.73,True
RO_RO1673,MT,1,45.549,38.806,27.419,9.882,10.233,13.169,False
RO_RO1680,RO,1,8.038,19.871,42.161,10.346,20.212,11.222,True
RO_RO1682,AM,1,20.301,19.161,36.806,8.465,15.136,10.204,True
RO_RO1685,MT,1,15.175,29.226,39.71,8.133,10.12,13.169,False
RO_RO1700,RO,1,18.761,20.355,37.806,10.711,20.324,11.222,True
RO_RO1723,PA,1,97.656,30.633,41.167,11.082,10.359,12.73,False
RO_RO1730,AM,1,9.848,11.839,26.968,7.834,6.978,10.204,False
RO_RO1732,AC,1,8.336,10.968,37.935,11.201,19.985,11.218,True
RO_RO1733,AC,1,6.595,15.333,42.333,10.879,12.327,11.218,True
RO_RO1734,AC,1,8.917,14.806,33.29,10.275,17.574,11.218,True
RO_RO1735,AC,1,7.21,26.097,38.968,8.638,15.134,11.218,True
RO_RO1736,AC,1,11.866,14.839,52.387,10.544,11.052,11.218,False
RO_RO1738,AC,1,7.342,11.806,33.29,8.204,17.242,11.218,True
RO_RO1739,AC,1,46.411,19.258,39.968,8.314,10.101,11.218,False
RO_RO1746,AC,1,15.671,31.0,84.742,10.549,20.584,11.218,True
RO_RO1753,RO,1,15.728,4.0,25.5,9.966,12.899,11.222,True
RO_RO1765,RO,1,8.495,13.387,32.871,8.644,6.496,11.222,False
RO_RO1769,MT,1,10.112,0.0,8.333,9.818,9.211,13.169,False
RO_RO1770,MT,1,13.728,32.548,36.548,11.15,19.337,13.169,True
RO_RO1774,AM,1,19.896,19.742,15.903,8.883,15.981,10.204,True
RO_RO1775,AM,1,21.38,15.8,9.267,9.409,15.237,10.204,True
RO_RO1782,PA,1,26.575,1.067,3.6,8.197,11.195,12.73,False
RO_RO1785,PA,1,39.845,3.419,6.419,12.094,14.044,12.73,True
RO_RO1792,AC,1,17.017,23.065,37.355,10.98,15.336,11.218,True
RO_RO1800,AM,1,12.943,21.129,46.645,9.868,16.539,10.204,True
RO_RO1804,AM,1,24.1,21.607,52.679,6.334,9.889,10.204,False
RO_RO1806,AM,1,33.876,49.613,30.806,9.614,16.955,10.204,True
RO_RO1807,AM,1,55.486,33.097,9.387,5.315,6.073,10.204,False
RO_RO1811,PA,1,15.247,8.645,18.806,10.148,11.459,12.73,False
RO_RO1829,AC,1,10.722,7.871,45.613,9.613,12.106,11.218,True
RO_RO1831,AC,1,7.979,29.8,14.2,8.655,7.351,11.218,False
RO_RO1836,AM,1,56.687,28.0,50.429,8.955,7.972,10.204,False
RO_RO1840,MT,1,17.208,4.258,12.258,7.324,7.286,13.169,False
RO_RO1841,AM,1,27.756,11.613,23.032,9.27,11.563,10.204,True
RO_RO1844,RO,1,24.638,8.677,29.774,8.163,8.446,11.222,False
RO_RO1845,RO,1,12.593,0.903,5.419,9.32,13.475,11.222,True
RO_RO1847,RO,1,15.684,24.129,51.258,8.721,9.618,11.222,False
RO_RO1853,MT,1,23.376,2.161,6.161,12.416,11.17,13.169,False
RO_RO1862,AM,1,144.979,26.0,73.0,5.694,4.963,10.204,False
RO_RO1893,AM,1,17.292,25.333,13.667,9.364,7.647,10.204,False
RO_RO1895,AC,1,9.789,12.067,41.867,10.239,20.242,11.218,True
RO_RO1896,AC,1,55.538,24.0,54.161,9.925,9.026,11.218,False
RO_RO1904,RO,1,26.012,11.032,20.452,7.151,7.461,11.222,False
RO_RO1906,PA,1,120.019,33.643,51.214,12.594,17.829,12.73,True
RO_RO1907,RO,1,50.724,16.355,25.129,9.774,20.742,11.222,True
RO_RO1908,RO,1,71.855,7.333,14.333,10.983,25.651,11.222,True
RO_RO1914,PA,1,11.47,43.968,18.581,11.493,14.763,12.73,True
RO_RO1925,PA,1,46.553,22.5,32.5,8.009,9.556,12.73,False
RO_RO1945,RO,1,79.969,113.613,87.452,8.537,13.43,11.222,True
RO_RO1953,AM,1,18.359,3.333,7.667,7.008,9.783,10.204,False
RO_RO1965,AC,1,12.354,108.581,62.774,10.023,18.947,11.218,True
RO_RO1967,AC,1,12.711,73.613,80.613,9.968,9.753,11.218,False
RO_RO1968,RR,1,7.619,7.067,11.367,14.639,16.569,19.539,False
RO_RO1971,RR,1,93.141,10.452,37.806,14.996,14.367,19.539,False
RO_RO1973,RO,1,24.553,12.032,41.581,9.172,9.189,11.222,False
RO_RO1975,RO,1,22.98,20.7,46.4,7.902,10.909,11.222,False
RO_RO1995,PA,1,37.131,28.0,52.286,12.729,11.943,12.73,False
RO_RO1998,AM,1,16.918,22.333,41.667,7.992,10.456,10.204,True
RO_RO2001,AM,1,23.023,22.129,21.581,9.462,11.076,10.204,True
RO_RO2002,RO,1,50.722,3.806,21.226,6.549,10.635,11.222,False
RO_RO2004,RO,1,28.831,99.0,59.0,10.773,20.514,11.222,True
RO_RO2024,PA,1,6.365,10.667,15.667,12.663,14.441,12.73,True
RO_RO2031,PA,1,27.641,52.355,17.258,10.306,20.481,12.73,True
RO_RO2032,PA,1,10.565,5.3,7.2,11.339,12.409,12.73,False
RO_RO2054,PA,1,36.741,25.0,59.419,11.834,21.723,12.73,True
RO_RO2057,PA,1,11.493,6.194,11.742,12.11,16.742,12.73,True
RO_RO2063,AC,1,26.858,29.323,54.613,7.987,11.553,11.218,True
RO_RO2069,AC,1,13.741,15.613,35.484,10.852,11.519,11.218,True
RO_RO2070,AM,1,33.028,26.161,56.484,7.129,8.804,10.204,False
RO_RO2072,AC,1,12.405,15.935,63.903,10.756,12.317,11.218,True
RO_RO2078,AC,1,11.751,57.29,96.516,8.912,16.01,11.218,True
RO_RO2079,AC,1,7.246,17.742,36.581,9.357,10.799,11.218,False
RO_RO2080,AC,1,10.855,18.226,39.516,10.495,11.088,11.218,False
RO_RO2085,AC,1,10.013,53.419,33.968,10.221,10.556,11.218,False
RO_RO2086,AC,1,10.671,16.3,24.9,8.687,8.737,11.218,False
RO_RO2098,PA,1,10.379,7.323,13.645,11.003,10.362,12.73,False
RO_RO2107,AC,1,11.191,17.867,32.667,10.832,17.744,11.218,True
RO_RO2114,RO,1,16.268,34.0,56.484,10.71,12.676,11.222,True
RO_RO2122,PA,1,34.113,26.226,36.226,10.467,15.679,12.73,True
RO_RO2128,PA,1,236.098,36.677,57.194,10.613,9.942,12.73,False
RO_RO2132,PA,1,38.835,28.0,21.0,9.857,11.739,12.73,False
RO_RO2140,PA,1,18.058,10.71,21.258,11.536,14.848,12.73,True
RO_RO2151,MT,1,38.088,29.548,36.548,12.194,13.918,13.169,True
RO_RO2152,AC,1,37.285,23.0,72.0,9.203,22.402,11.218,True
RO_RO2153,AC,1,23.927,26.903,84.226,8.196,9.643,11.218,False
RO_RO2154,AC,1,12.666,25.714,75.0,8.358,14.076,11.218,True
RO_RO2155,AC,1,20.096,65.0,121.286,10.858,10.233,11.218,False
RO_RO2158,AM,1,81.851,12.516,34.323,9.322,10.755,10.204,True
RO_RO2162,AC,1,13.584,49.8,59.9,8.177,15.998,11.218,True
RO_RO2166,AC,1,14.198,14.419,35.871,9.065,15.91,11.218,True
RO_RO2168,AC,1,6.373,27.839,83.71,7.705,12.633,11.218,True
RO_RO2171,PA,1,970.844,55.467,39.167,10.13,12.928,12.73,True
RO_RO2179,PA,1,12.352,7.333,9.333,11.745,12.895,12.73,True
RO_RO2191,PA,1,14.28,2.3,7.2,11.524,11.733,12.73,False
RO_RO2199,PA,1,18.81,1.323,5.645,9.676,11.144,12.73,False
RO_RO2202,PA,1,57.547,1.645,5.645,9.261,11.945,12.73,False
RO_RO2204,AM,1,33.098,19.645,54.258,8.638,19.235,10.204,True
RO_RO2205,MT,1,247.658,38.613,58.355,9.82,13.845,13.169,True
RO_RO2206,PA,1,8.717,14.4,28.5,8.622,10.194,12.73,False
RO_RO2214,MA,1,19.881,4.839,10.097,16.868,17.971,17.275,True
RO_RO2218,AC,1,10.331,30.4,56.4,8.198,10.752,11.218,False
RO_RO2225,RO,1,13.048,55.0,130.903,7.939,16.389,11.222,True
RO_RO2226,AC,1,16.438,27.0,110.548,11.046,20.596,11.218,True
RO_RO2241,AC,1,32.679,15.419,47.032,11.064,19.214,11.218,True
RO_RO2246,MT,1,13.03,23.467,32.833,11.697,12.95,13.169,False
RO_RO2247,MT,1,46.727,6.258,9.129,7.559,8.294,13.169,False
RO_RO2258,MT,1,591.856,39.548,30.806,6.72,9.324,13.169,False
RO_RO2275,RO,1,16.182,23.0,32.2,8.12,8.97,11.222,False
RO_RO2288,MT,1,93.965,35.964,108.643,8.591,17.427,13.169,True
RO_RO2289,MT,1,57.133,139.226,60.677,10.542,17.298,13.169,True
RO_RO2293,MT,1,311.386,73.742,60.677,7.12,8.379,13.169,False
RO_RO2294,PA,1,219.099,34.839,84.71,11.748,13.959,12.73,True
RO_RO2309,AC,1,10.312,24.677,55.71,9.95,11.328,11.218,True
RO_RO2319,MT,1,20.356,37.871,60.677,10.419,22.488,13.169,True
RO_RO2320,MT,1,20.32,35.75,54.75,10.197,14.888,13.169,True
RO_RO2331,PA,1,47.484,4.774,6.161,12.543,17.37,12.73,True
RO_RO2341,PA,1,313.363,41.516,35.258,11.507,14.826,12.73,True
RO_RO2351,RO,1,51.093,7.0,25.5,8.414,10.602,11.222,False
RO_RO2355,RO,1,18.298,31.0,81.258,6.23,8.045,11.222,False
RO_RO2356,AM,1,80.042,40.613,24.581,7.052,16.304,10.204,True
RO_RO2368,RR,1,12.665,36.8,31.333,14.161,24.949,19.539,True
RO_RO2369,AC,1,9.607,25.0,67.75,9.644,12.975,11.218,True
RO_RO2370,AC,1,17.364,6.871,22.806,9.137,16.557,11.218,True
RO_RO2371,AC,1,10.95,51.484,47.355,9.629,15.323,11.218,True
RO_RO2380,MT,1,91.97,20.5,29.5,12.136,13.931,13.169,True
RO_RO2394,AM,1,26.402,40.29,59.548,8.877,17.845,10.204,True
RO_RO2397,AM,1,30.047,23.71,37.774,8.733,15.564,10.204,True
RO_RO2400,RO,1,85.977,26.935,38.806,11.125,13.351,11.222,True
RO_RO2420,RO,1,14.478,20.839,28.032,10.244,13.286,11.222,True
RO_RO2421,RO,1,12.268,3.968,11.419,7.939,10.27,11.222,False
RO_RO2428,RO,1,15.913,18.7,33.833,9.043,15.887,11.222,True
RO_RO2433,AM,1,118.337,15.129,11.71,5.562,8.65,10.204,False
RO_RO2442,PA,1,24.996,5.3,7.2,12.155,17.378,12.73,True
RO_RO2443,PA,1,106.861,16.233,14.467,10.156,12.034,12.73,False
RO_RO2446,AC,1,6.59,6.867,23.533,8.333,8.985,11.218,False
RO_RO2447,AC,1,13.236,30.581,25.742,8.735,15.482,11.218,True
RO_RO2449,AC,1,10.563,18.2,31.667,7.571,12.657,11.218,True
RO_RO2460,AC,1,6.825,21.29,24.032,10.267,14.996,11.218,True
RO_RO2474,RO,1,21.489,23.6,64.6,6.948,8.182,11.222,False
RO_RO2480,RO,1,498.409,26.3,42.067,7.499,10.445,11.222,False
RO_RO2486,PA,1,8.752,3.71,6.419,12.446,15.217,12.73,True
RO_RO2489,PA,1,30.928,22.0,25.214,9.366,14.258,12.73,True
RO_RO2491,PA,1,13.285,34.933,14.467,11.7,18.456,12.73,True
RO_RO2493,PA,1,20.863,24.258,17.258,12.585,15.166,12.73,True
RO_RO2494,AC,1,17.819,26.7,59.9,9.671,16.075,11.218,True
RO_RO2508,MT,1,17.171,14.4,15.0,12.07,7.596,13.169,False
RO_RO2512,AM,1,81.178,28.968,59.71,8.946,7.606,10.204,False
RO_RO2513,AM,1,27.89,1.903,6.355,6.856,7.906,10.204,False
RO_RO2515,AC,1,8.099,17.645,35.419,10.324,17.304,11.218,True
RO_RO2530,AM,1,68.954,49.0,39.0,7.246,22.768,10.204,True
RO_RO2531,AM,1,137.616,92.333,33.333,6.983,17.13,10.204,True
RO_RO2556,PA,1,29.83,43.1,21.733,12.552,13.893,12.73,True
RO_RO2557,PA,1,69.507,7.3,7.2,10.795,15.216,12.73,True
RO_RO2558,PA,1,19.855,3.419,12.548,11.687,14.691,12.73,True
RO_RO2562,AM,1,22.12,30.903,35.581,7.616,9.367,10.204,False
RO_RO2566,AM,1,31.176,15.516,34.323,8.498,12.869,10.204,True
RO_RO2568,AM,1,63.589,89.867,30.933,6.262,6.333,10.204,False
RO_RO2575,RO,1,15.753,0.0,6.333,10.234,12.873,11.222,True
RO_RO2577,MT,1,233.099,36.161,56.806,8.231,25.945,13.169,True
RO_RO2578,MT,1,10.478,0.633,6.533,6.419,6.5,13.169,False
RO_RO2579,MT,1,6.582,1.29,2.581,7.849,8.361,13.169,False
RO_RO2581,MT,1,21.198,56.323,37.516,12.955,14.4,13.169,True
RO_RO2585,MT,1,15.924,33.097,23.806,9.198,15.596,13.169,True
RO_RO2604,AC,1,18.037,27.0,51.933,9.906,19.829,11.218,True
RO_RO2622,AM,1,20.49,12.581,31.613,8.852,8.811,10.204,False
RO_RO2653,RO,1,16.659,13.065,34.419,9.188,11.125,11.222,False
RO_RO2661,PA,1,10.203,46.0,53.393,12.711,17.974,12.73,True
RO_RO2678,RO,1,75.583,17.71,40.613,10.361,17.365,11.222,True
RO_RO2704,PA,1,22.474,17.839,17.258,12.128,16.07,12.73,True
RO_RO2706,PA,1,21.082,23.0,26.097,11.557,15.251,12.73,True
RO_RO2712,PA,1,18.953,5.935,12.419,12.326,13.374,12.73,True
RO_RO2721,AC,1,7.527,4.968,18.161,10.647,13.231,11.218,True
RO_RO2723,AC,1,11.982,30.0,57.516,10.778,14.456,11.218,True
RO_RO2725,AC,1,10.33,5.6,16.2,10.741,17.575,11.218,True
RO_RO2728,RO,1,13.667,18.71,40.613,11.176,17.464,11.222,True
RO_RO2730,RR,1,8.272,8.733,18.333,13.754,11.515,19.539,False
RO_RO2732,RR,1,7.261,8.645,11.613,13.767,12.804,19.539,False
RO_RO2733,RR,1,28.809,23.774,56.871,13.066,18.763,19.539,False
RO_RO2737,AC,1,14.962,15.3,56.1,10.164,11.755,11.218,True
RO_RO2750,PA,1,19.912,26.0,54.161,12.285,11.961,12.73,False
RO_RO2752,PA,1,35.061,2.5,3.6,10.69,12.066,12.73,False
RO_RO2753,PA,1,28.195,28.0,53.194,12.494,18.232,12.73,True
RO_RO2754,PA,1,43.201,28.0,56.484,11.066,15.999,12.73,True
RO_RO2763,PA,1,15.048,0.3,6.5,7.675,12.719,12.73,False
RO_RO2773,MA,1,16.55,2.4,7.4,17.106,14.315,17.275,False
RO_RO2793,MT,1,21.891,30.533,43.667,10.177,25.634,13.169,True
RO_RO2798,PA,1,22.659,7.935,5.645,10.32,12.669,12.73,False
RO_RO2800,PA,1,9.97,1.933,4.8,12.282,18.971,12.73,True
RO_RO2801,MT,1,31.562,62.516,53.645,10.313,12.675,13.169,False
RO_RO2819,PA,1,10.176,5.267,8.533,12.442,15.19,12.73,True
RO_RO2827,AM,1,221.089,19.633,61.067,7.336,12.725,10.204,True
RO_RO2841,RO,1,31.312,23.129,51.258,9.967,17.037,11.222,True
RO_RO2848,PA,1,7.451,8.0,9.0,11.932,13.597,12.73,True
RO_RO2852,PA,1,15.37,25.893,56.464,12.688,17.548,12.73,True
RO_RO2853,RO,1,23.101,74.839,40.613,10.094,18.733,11.222,True
RO_RO2857,AC,1,8.028,14.71,37.935,6.934,11.662,11.218,True
RO_RO2865,AC,1,8.785,13.032,24.032,10.543,8.245,11.218,False
RO_RO2871,AC,1,8.209,10.645,30.613,10.463,11.935,11.218,True
RO_RO2881,AC,1,8.706,18.067,30.667,7.622,10.141,11.218,False
RO_RO2886,AC,1,29.544,27.333,80.0,7.4,10.945,11.218,False
RO_RO2888,AC,1,10.517,18.613,63.903,10.821,10.534,11.218,False
RO_RO2895,AC,1,12.701,31.806,114.484,9.82,8.688,11.218,False
RO_RO2897,AC,1,15.311,14.516,34.323,10.853,13.883,11.218,True
RO_RO2901,AM,1,40.354,26.9,78.067,7.641,13.324,10.204,True
RO_RO2902,RO,1,45.362,63.393,77.357,8.766,11.23,11.222,True
RO_RO2904,RO,1,27.148,23.129,51.258,10.197,10.315,11.222,False
RO_RO2907,AM,1,68.242,4.032,6.548,7.561,11.954,10.204,True
RO_RO2909,MT,1,7.087,7.258,12.032,11.695,8.419,13.169,False
RO_RO2911,MT,1,8.64,1.333,8.333,5.927,5.966,13.169,False
RO_RO2913,MT,1,70.622,20.419,29.645,9.76,15.74,13.169,True
RO_RO2916,AM,1,57.144,11.065,21.581,7.563,15.161,10.204,True
RO_RO2922,RO,1,11.483,33.194,35.581,8.013,10.442,11.222,False
RO_RO2924,AC,1,8.236,15.0,60.667,10.875,14.741,11.218,True
RO_RO2925,AM,1,90.899,27.267,49.8,9.622,11.428,10.204,True
RO_RO2932,RO,1,10.177,19.867,47.6,8.196,12.668,11.222,True
RO_RO2942,MT,1,30.377,9.129,20.161,7.879,14.921,13.169,True
RO_RO2944,RO,1,27.872,19.129,84.452,10.353,14.039,11.222,True
RO_RO2947,MT,1,160.149,66.742,60.677,9.568,14.546,13.169,True
RO_RO2953,PA,1,9.616,3.419,6.419,11.519,11.064,12.73,False
RO_RO2992,PA,1,16.375,30.839,25.935,11.792,13.294,12.73,True
RO_RO3010,PA,1,88.877,58.0,56.387,6.992,7.724,12.73,False
RO_RO3012,PA,1,7.148,1.067,4.167,10.466,7.791,12.73,False
RO_RO3013,PA,1,45.998,32.097,43.161,11.983,12.2,12.73,False
RO_RO3014,PA,1,32.789,48.774,32.323,12.476,17.876,12.73,True
RO_RO3018,PA,1,9.4,1.867,6.167,8.131,8.273,12.73,False
RO_RO3032,PA,1,63.613,41.774,33.484,8.57,18.555,12.73,True
RO_RO3034,PA,1,16.443,27.258,45.032,11.247,22.021,12.73,True
RO_RO3041,AC,1,9.099,26.903,33.935,10.685,10.57,11.218,False
RO_RO3052,AC,1,16.115,7.667,33.333,11.155,10.962,11.218,False
RO_RO3054,PA,1,30.39,39.3,31.5,10.837,13.271,12.73,True
RO_RO3071,AC,1,10.072,16.29,29.29,9.386,8.184,11.218,False
